representation_id	priority	strands	word	roles
braid:98036447526a796c8f89c010e81af3850f62df59425f06a92fd2b76d3db7cc58	0	1		ladder-benchmark,replay-verified-evidence-start,test-fixture
braid:7746cc6e8f6f73a16304405201fc08187bd8bbed7edc2bbb50c2a562ea58289a	0	2	-1,-1,-1	bundled-knot-table,replay-verified-evidence-start,test-fixture
braid:e7c15a9b13e8d0ec34ddb999fc36c0823fb2c0e46c526c59aff8b23072506951	0	2	1,1,1	ladder-benchmark,replay-verified-evidence-start,test-fixture
braid:14d66dcf71cf605d4aa24fa1bfbf2e90ad7fcb66edf5345b9cc15ae11558a7d5	0	2	1,1,1,1,1	ladder-benchmark,replay-verified-evidence-start,test-fixture
braid:b6cae10db89cad9003f4508675a5c05dea7fa2b47b10b213e1b1fc9018e6e98d	0	2	-1,-1,-1,-1,-1	bundled-knot-table,replay-verified-evidence-start
braid:e630ba329f6f36336e9a571a68b102607a5db0411cc1472819d9d6d5306a1382	0	2	-1,-1,-1,-1,-1,-1,-1	bundled-knot-table,replay-verified-evidence-start
braid:145b79708489c4ae3012d22cab0d02b5f2f8d553c7ed28fe269fac0bfaaa86ef	0	2	1,1,1,1,1,1,1,1,1	ladder-benchmark
braid:51b19560f0e37e50e1ef22582624750f6b5d4b3d51a23b587239370dd2cfa108	0	2	1,-1,1,1,-1,1,1,1,1	replay-verified-evidence-start
braid:44b457f6a9c1f7cd5ef73e2406218f5005d6a3763627a3fff2f2f07487bf8c27	0	3	1,-2	replay-verified-evidence-start
braid:416e6967c944dbf5cb6446486c39d5138a8375b5bad6e68a761b18347eeb60a3	0	3	1,-2,1,-2	bundled-knot-table,replay-verified-evidence-start,test-fixture
braid:aa2b8e1ad91da9179626d8af01db733651107255cc305f183c825551137c84d9	0	3	2,1,2,1	replay-verified-evidence-start
braid:f7ec5455179c4cc9d99ab601bb5a6dabb45ac3e531484b23220b7b5f78a84131	0	3	2,1,1,1	replay-verified-evidence-start
braid:07578ac7a11c6f27928c19205be992592ec33c29e25109d1e183a1f724bc2cbf	0	3	1,-2,1,1,1,-2	bundled-knot-table,replay-verified-evidence-start
braid:1e583e372e7948fa527a9e2d7a2aa2c92ed86545068716fbff21bd8f315208d8	0	3	2,1,2,-1,1,2	replay-verified-evidence-start
braid:675c0e7cc4e651c05c8442dc7b0fe36bb53cc7c02f152852b2033db559841822	0	3	1,-2,1,-2,-2,1	bundled-knot-table,replay-verified-evidence-start
braid:caefd8def23a91edb0a2e190e86c5f74e8281b314002433f8e618a58a3db5507	0	3	1,1,1,2,-2,2	replay-verified-evidence-start
braid:1a30a4165beb2d34d0eed548093b45cf0f86b6f5125a126b54b96bce3f32f0c3	0	3	1,-2,-1,-1,2,2,-1,-2	bundled-knot-table,replay-verified-evidence-start
braid:5fb4f6a23619c875a28870ff492e57413a76177e8de65c180b32d1f777074bfa	0	3	2,2,-2,1,1,1,-1,1	replay-verified-evidence-start
braid:b499eaa5646311b142bd1759a2e0271a898b52c24c74fee8195fe41c30ed6e82	0	3	1,2,-2,-2,-1,1,1,-2	replay-verified-evidence-start
braid:bcdd0a52a8095c1eab5d27631dcd8abb52ea4c9fd0652835f50fe5dff8786d64	0	3	-1,2,-1,-1,-2,-2,1,-2	bundled-knot-table,replay-verified-evidence-start
braid:ce1c2e5f784291098cb937dc5a4452df75fb25ce007005e2b8007e5b4797fb3a	0	3	-1,2,-1,-1,2,2,-1,2	bundled-knot-table,replay-verified-evidence-start
braid:daae3a4234a83e27c21ff47915a1d7987cb35df25ee5d9d1b92d4feddaefdd29	0	3	2,2,2,1,2,1,-1,2	replay-verified-evidence-start
braid:e0b0147996cc3327e1b3f9f52db689c459f53de5e9417f932afda4c6d94730c4	0	3	1,2,1,2,1,2,1,2	ladder-benchmark,test-fixture
braid:08ac9cc40bc714d49f904515ca30be716d2a6f9d8c5752ea450fd0c3d0ada219	0	3	-1,2,1,-2,1,2,2,-1,2,1	ladder-benchmark,scheduled-ladder-source
braid:0c9f9b43962952162dfc28a24f739ad50c175899d095ebd501f666887b354c12	0	3	1,1,-1,1,1,2,1,-2,2,2	replay-verified-evidence-start
braid:21856d29b59217cc80135952599a6fbf5845c746fd4323166c12bcd1f1663595	0	3	1,2,1,-1,1,1,-1,1,1,2	replay-verified-evidence-start
braid:3a0fc1eb3b128fad79f74f97ac54c422a0619553063af6945778c4ff0e8cf1ca	0	3	1,2,1,2,1,2,1,2,1,2	ladder-benchmark
braid:3b259e9336a9384267eaf05deca5e3fd70583149f07bd0f1a46f03ac13fb0a22	0	3	2,1,2,1,-1,-1,2,2,1,2	replay-verified-evidence-start
braid:3fb9c051e1a7f3fc968e6284a219d9862a8233f581dd83ec44f3819ad6878d85	0	3	1,-2,-2,-2,-2,1,1,1,-2,1	bundled-knot-table,replay-verified-evidence-start
braid:5681d55169176c43b9f8e31531cbb17e82bbac3928da95a1500ffcfd3c49b582	0	3	1,-2,1,-2,1,-2,-1,-1,-1,-2	bundled-knot-table,replay-verified-evidence-start
braid:84bedad3ff2caddadc6bb981ff9f277be05f15141b2fd16e6ec03f34b2992d3d	0	3	-1,2,-1,2,-1,2,-1,2,-1,2	bundled-knot-table,replay-verified-evidence-start
braid:858a2429152abdaecba6cdc8ea740c4ac92dd03c04dbf75666a2705af6ce7195	0	3	-1,2,-1,-2,1,-2,-1,2,-1,2	bundled-knot-table,replay-verified-evidence-start
braid:f9a51039329983d0e4fa6fa07cd9c2f043d540098859bf0da3d140a66eb7699d	0	3	1,-2,1,1,-2,-2,1,1,-2,-2	bundled-knot-table,replay-verified-evidence-start
braid:0acd214f56df094a281b742850964efd556d5ad4fc647a351597fd757a115b4e	0	3	-1,2,-1,-1,-2,-2,1,1,-2,-2,-1,-1	bundled-knot-table,replay-verified-evidence-start
braid:0bb928967a91f24e5683d6c88b7fcc5656ae130c3bfb21d202c11d3127887ccd	0	3	-1,2,-1,-1,-1,-1,2,2,-1,-1,2,2	bundled-knot-table,replay-verified-evidence-start
braid:126eeb0b45e08df8a9c646bcbb99ac5da2884ce397fc4504270c73ec0993ba2c	0	3	-1,2,-1,-1,-1,-1,-1,2,-1,-1,2,-1	bundled-knot-table,replay-verified-evidence-start
braid:12c6d26dcd5e51d115f645f09e3745f012b94b1b8f49556eeb6e6e7ba8c6595c	0	3	-1,2,2,2,-1,2,-1,-1,2,-1,-1,-1	bundled-knot-table,replay-verified-evidence-start
braid:13630a2ad1197c43b033701fd8207e98cd8d5b112a75f58949ad20fe87e029e8	0	3	1,2,-1,-1,2,2,1,-2,-2,1,1,1	bundled-knot-table,replay-verified-evidence-start
braid:13dc37f10d10571ffd9ede7d3a291a6bfc7a9fc3b29bd58c2c897c6ca672009b	0	3	1,-2,1,1,1,-2,1,1,1,1,1,1	bundled-knot-table,replay-verified-evidence-start
braid:799a5b8cbf2a6a65d6a5325a0a18a8eb0806ff9ab099e19b048a9228fba7a588	0	3	-1,2,-1,2,-1,-2,-2,-2,-1,2,-1,-1	bundled-knot-table,replay-verified-evidence-start
braid:7bb4e790ac3a21c6a9fd124294ad0d2872b24e27774425d36a6361c8539ceabf	0	3	1,2,-1,2,-1,2,-1,2,1,1,1,1	bundled-knot-table,replay-verified-evidence-start
braid:7dcedecb66e35d8a81637b261acaa65fd151a41ebdc5c06ab647e2ca99ff03df	0	3	-1,2,2,2,-1,2,-1,2,2,-1,2,-1	bundled-knot-table,replay-verified-evidence-start
braid:9eae5c0d65843c97d9c591553ab72f0f05b78037405c42ab68eb6d5be7682470	0	3	-1,2,-1,-1,2,2,2,2,-1,-1,-1,-1	bundled-knot-table,replay-verified-evidence-start
braid:b13eebe419ab365db557801b64687e1530b796cd930be33104925639e45bdb40	0	3	-1,2,2,2,-1,2,2,-1,-1,-1,2,2	bundled-knot-table,replay-verified-evidence-start
braid:b3455b2b1d0eb015f24a46dd812255e09098785aa1f156de40a6192b391fbbe9	0	3	2,2,2,2,2,2,-2,1,-2,2,2,1	replay-verified-evidence-start
braid:b969c9452f73a7f4f6a247d191c03ab34efa2abbb89291c57c2a51e610a2c2f1	0	3	1,-2,1,-2,1,1,1,-2,-2,1,1,1	bundled-knot-table,replay-verified-evidence-start
braid:bd9546378d40e538c04d06ef0de87102985a59875c5fba5b9f372e45a4304e6c	0	3	1,-2,1,-2,1,1,1,1,1,-2,-2,1	bundled-knot-table,replay-verified-evidence-start
braid:c95944e7660f069e3e3bb0a2d77adebe9e5b89a1f601c5eb017ba07a75e7d39a	0	3	-1,2,-1,-1,-1,-2,-2,1,-2,-2,-1,-1	bundled-knot-table,replay-verified-evidence-start
braid:cf017959a0cb80a5b954b247432c9584ada1d1cf65da08bb79a62eb46bc44c7e	0	3	-1,2,-1,-1,-1,-1,2,2,2,2,-1,-1	bundled-knot-table,replay-verified-evidence-start
braid:db6828f8f6d60c71f5d7595a52e45f61d6c7b8e0513d104b1d26dbcdfcf980a0	0	3	1,-2,1,-2,1,-2,1,-2,1,-2,1,1	bundled-knot-table,replay-verified-evidence-start
braid:f243676c2eacb2e51aaad362a487ccb304f51473d370b7ad83aee5cabaca18ee	0	3	1,2,1,1,-2,-1,-1,-1,-2,1,2,-1	ladder-benchmark,scheduled-ladder-source
braid:fc51459f2880ddbbeb3fb143b756ba7174b9f83c8c4e859956a9ff628cf02b49	0	3	1,-2,1,-2,1,1,-2,1,1,-2,1,1	bundled-knot-table,replay-verified-evidence-start
braid:fe7c5be57a47afc0eb922ba9378cf0052891d9cb30e895d932c9dd8e28cfa228	0	3	1,-2,-2,-2,1,1,1,-2,-2,-2,1,1	bundled-knot-table,replay-verified-evidence-start
braid:56ca662991219737ee759a247a77aa49b91cfdf4c4f615364627d3f282aa06b6	0	3	-1,2,-1,2,-1,-2,1,1,2,2,2,2,1,2	ladder-benchmark,scheduled-ladder-source
braid:c7bd2170372f673d70212c3aa2571647c4c17621c1d3d2eb9118ff08bec2ce6e	0	3	2,1,-1,2,-2,2,1,2,1,-2,2,2,2,1	replay-verified-evidence-start
braid:6f3348ef6f0b2e71c15cec31f853fcf0e671e31bb9620f32cf230fe37a9a2896	0	3	-1,-1,-2,-2,-1,-2,-2,-2,-2,-2,1,-2,-2,-1,2,2	ladder-benchmark,scheduled-ladder-source
braid:5c193c9dd7cf7c1cdfaf51c97c4ecce4f1349cec41594f967ecb1ba52905ac6c	0	3	1,1,2,2,1,1,2,1,-2,-1,2,1,-2,-2,-1,2,1,-2	ladder-benchmark,scheduled-ladder-source
braid:7544a4908f1b322e5faee2110d15514b9c9563a96e784db6e59c67b9f9f532b9	0	3	-1,-1,-2,-2,1,1,-2,1,-2,1,1,-2,1,1,2,1,-2,-1,-2,1	ladder-benchmark,scheduled-ladder-source
braid:fd6152206c9c9fad5f4e09c8bfb0472316a14408b8cacd31f7b42e6c01bd2534	0	3	1,2,-1,-2,-2,1,2,1,2,2,2,1,2,-1,-2,-1,-2,1,1,-2,-2,-1	ladder-benchmark,scheduled-ladder-source
braid:149ea6d1f85e81858d52b043c9512f9c6f51616712edc8f6415bdfd62fdb170d	0	3	2,-1,-1,-1,-2,1,1,1,2,1,1,2,-1,-1,-2,-1,-1,2,2,2,2,2,1,1	ladder-benchmark,scheduled-ladder-source
braid:58adcc0f7c0a13bd90b5ea7ab367333510e7b95e9a0779d62bbba5d47ba95375	0	4	3,1,3,2,3	replay-verified-evidence-start
braid:5deef360b9ff106cd82b95fb67129a5a23dc9f4700e4c60c7b4f2b65419c5903	0	4	1,1,2,3,2,1,2	replay-verified-evidence-start
braid:cd7a604b135b6986a255212b75a6e19343a41b1f947312da10b4dde1311b68fe	0	4	1,3,-1,1,2,3,2	replay-verified-evidence-start
braid:7d1767cb90ba36aaa96ba2c2ad96dfef673c9550ce776887b7d98cac99958a86	0	4	1,-2,3,-2,1,-2,1,-3,-2	bundled-knot-table,replay-verified-evidence-start
braid:daad6e6d52c1a61ad103c3405a6e0536ee2040b85da5079660cc407e5c443fbf	0	4	3,1,-2,2,3,2,-2,2,3	replay-verified-evidence-start
braid:009b3e49ef3f35e6298fc2350ab9ca87977adbb7fc2190cf304ffd8af8d39051	0	4	1,-2,1,3,-2,1,-2,1,3,3,-2	bundled-knot-table,replay-verified-evidence-start
braid:0541852528d7db28dc0d8ce343f2373952aa9cf1ea7b836794b0fb28bdc4ca19	0	4	-1,2,-1,2,2,-1,3,-2,-2,3,3	bundled-knot-table,replay-verified-evidence-start
braid:08d81faeeffe52c29d9656fab4bf95face02d46f0d6f0ff56b129bb444a59574	0	4	-1,2,-3,2,-1,2,-1,-1,2,-1,-3	bundled-knot-table,replay-verified-evidence-start
braid:13412f9996e214341023609055763e3a6c0a8fc186f795d486ecf6973f8109c4	0	4	1,-2,1,1,-2,3,3,-2,1,-2,3	bundled-knot-table,replay-verified-evidence-start
braid:139820af1783043a7e3b4455ef2f851ded42024df18c0c2c460e37b3be7fb933	0	4	-1,2,-1,-3,-1,-2,1,1,-2,-2,-3	bundled-knot-table,replay-verified-evidence-start
braid:2241eb328422b2f03800888e4a45ecb6336b33fff749bc002b8717aebc4c7da7	0	4	1,-2,-2,-2,1,3,3,-2,-2,-2,3	bundled-knot-table,replay-verified-evidence-start
braid:3b1c72aaec97ecc41771ef67305954ea8fb2f468bb5cce38a8d9629677d29ccd	0	4	-1,2,3,3,2,2,2,3,2,-1,2	bundled-knot-table,replay-verified-evidence-start
braid:3c35d68a0cb5c19b14036c625527c39cec4887794939470a2f7dc4606031b364	0	4	1,2,-3,2,1,1,-2,-2,1,-3,1	bundled-knot-table,replay-verified-evidence-start
braid:5c4879910fa6f2aaec1f70f9caee6ef6dbca81a74aa7827b52b3898111c1148f	0	4	1,-2,-2,3,3,-2,1,-2,3,-2,-2	bundled-knot-table,replay-verified-evidence-start
braid:75dc8bd223d2bf89c1c71aac36a33dfdb5cfc113269f1e2b17e825019a84ab5d	0	4	-1,2,2,3,-2,3,2,-1,2,-3,2	bundled-knot-table,replay-verified-evidence-start
braid:79b8c6ec4462f6422f72f2cb896bb816ffd6327795e0f5ff19714059e3b58bc9	0	4	1,-2,3,-2,1,-2,3,-2,1,1,-2	bundled-knot-table,replay-verified-evidence-start
braid:79ba86684e1537bbd77083fd08fe6268aeda864a73d59ef5baa470469196b815	0	4	1,2,1,-3,-2,-2,1,-2,1,-3,1	bundled-knot-table,replay-verified-evidence-start
braid:7c4d4faad1d10eb409ee97c8118aa1e725de316b448045a81194e1681d52573c	0	4	1,-2,3,-2,1,-2,1,-2,3,3,-2	bundled-knot-table,replay-verified-evidence-start
braid:852c9914e47d294c9981efe17980a2488da75facad7814b0468f80e3820e7edb	0	4	-1,2,-3,2,-1,-1,2,2,-1,-3,2	bundled-knot-table,replay-verified-evidence-start
braid:8f07663571c1b9ed0a7569f9c9f6d26db722154b1d4641b66c9dc89af0172be5	0	4	-1,2,-1,-3,-1,-1,-1,2,-1,-3,-1	bundled-knot-table,replay-verified-evidence-start
braid:8fc43fc0069f52241d2358cf203a40b34656bfa7e4cd2d7af2aa7f09d7732030	0	4	1,-2,3,-2,1,2,2,1,3,3,-2	bundled-knot-table,replay-verified-evidence-start
braid:93086d98b620edd7f4e583600589d9ff96103250a8df789a5477e6b50a92f852	0	4	-1,2,-1,2,2,-1,3,2,2,3,3	bundled-knot-table,replay-verified-evidence-start
braid:9acdede86b2120a50fc3036a17b339659964e0eeb248dca8e927f53983083f97	0	4	-1,-2,3,-2,-2,-2,1,-2,-2,3,-2	bundled-knot-table,replay-verified-evidence-start
braid:9b463eb8c133b57bd3dc50515e12c9ece828be752f86998a7997591dedc0771c	0	4	-1,2,-1,-1,2,-3,2,-3,2,-1,-1	bundled-knot-table,replay-verified-evidence-start
braid:a4afb29a33a8e775f5f46bddfecfeab46cc46eaa74198990e4fd3ac91cf2eb6c	0	4	1,-2,1,-2,1,3,2,2,1,3,3	bundled-knot-table,replay-verified-evidence-start
braid:afc5727c2f48f9d4258e69646a9cc1f694283756a28c4a79244bf62d33847152	0	4	1,-2,1,3,1,-2,-2,1,3,-2,3	bundled-knot-table,replay-verified-evidence-start
braid:b17d10c36921d8c47e3a4ee81d8bee6ddda980871d593e1b5a83ccec97a49130	0	4	1,-2,1,-2,-2,1,3,-2,-2,3,3	bundled-knot-table,replay-verified-evidence-start
braid:b973df1edcb26295a66954844ac8e4f2ac879051f0a4e2aac60cbf627e7fb415	0	4	1,-2,3,-2,1,-2,3,-2,-2,-2,-2	bundled-knot-table,replay-verified-evidence-start
braid:ba2de105f8bebc2695380acedb40a0fd4c21b1cf6e3cf281a4444d4c54fb3373	0	4	1,-2,3,-2,1,-2,3,-2,-2,1,1	bundled-knot-table,replay-verified-evidence-start
braid:bf24a466f93da33e7a569b44510db556978c65e1d0dc34fd03cd905eb211ff9b	0	4	1,-2,1,3,-2,1,3,-2,1,3,1	bundled-knot-table,replay-verified-evidence-start
braid:dcfda18efc117074c8d1aa2751fedc105b0bbfe0a38faa1ff019bc84e1b2365f	0	4	-1,2,3,2,-1,2,2,-1,3,2,2	bundled-knot-table,replay-verified-evidence-start
braid:e0963d022e52f9a55a245ef51998c049d739e96eb2aa5af4c0e2d0f929275160	0	4	1,-2,1,-2,3,-2,-2,-2,1,-2,3	bundled-knot-table,replay-verified-evidence-start
braid:e37ab3eadbcbbc12c4fe82d759d5d6fb7fb3d437f105d3e5d4ffc03eaaf799f7	0	4	-1,2,2,3,3,2,-1,2,2,2,3	bundled-knot-table,replay-verified-evidence-start
braid:e90144ee1381c668228509c94b28f05cdb41113f3ae98691f687093a2a822e54	0	4	-1,-2,-2,3,3,2,-1,2,2,2,3	bundled-knot-table,replay-verified-evidence-start
braid:ee3d6a3c2bbe4da1fbd0fec3770b9fed9fb95aacec41f11b84da0b7285d22c28	0	4	1,-2,1,3,-2,1,3,2,2,2,3	bundled-knot-table,replay-verified-evidence-start
braid:f06cbee7a72c9e0ac7bbf42cafa293d25b805d7dc78e33f4dfaca9a6385979ce	0	4	-1,2,-1,-3,2,2,-1,-1,-1,2,-3	bundled-knot-table,replay-verified-evidence-start
braid:f6a0686b9e058661f9d23089ac0f8eea904c6a339fa5b9fb348cd4558269ca85	0	4	1,-2,-2,-2,1,3,1,-2,-2,3,3	bundled-knot-table,replay-verified-evidence-start
braid:13b52049847a5cd9567a59519c5ddff670d87fb9c8d73ae02c8bcb346efb8a57	0	4	-1,2,-3,2,2,2,2,1,2,-3,2,2,2	bundled-knot-table,replay-verified-evidence-start
braid:2bf2b0bcb1c944e1efcb1a22b47a514a0fe6f6e36495689f0869e1e80943add1	0	4	-1,2,2,3,3,2,1,-2,3,3,-2,-2,3	bundled-knot-table,dkt-benchmark,replay-verified-evidence-start
braid:2fbcd3dded010002f6fe14b22ce9411ca921f323bce7b5277a00ef286c91658f	0	4	1,3,3,-1,-2,2,1,1,1,3,1,-1,2	replay-verified-evidence-start
braid:33d5a5b90a097dcd6fb1cb39b201e5a9e2aaab0450973159025018efd948afa2	0	4	-1,-2,3,-2,1,2,2,2,-3,2,-3,2,2	bundled-knot-table,replay-verified-evidence-start
braid:3cdad1d61f4b1cbad98f229c849601483cd4a5597ac32d58235c3c899515caaa	0	4	-1,2,3,2,-1,-1,2,2,-1,3,2,2,-1	dkt-benchmark
braid:59ac94ff39f956a31bdd70fb8136b5bc6f16fe2df3cce0575bd03e03f3b9d4eb	0	4	-1,2,2,-3,-3,2,1,2,2,-3,2,-3,2	bundled-knot-table,replay-verified-evidence-start
braid:7906f927ccfbda4278ccb7535662084bde2c65828b66471f93816a565b1c0c3b	0	4	-1,-2,3,-2,1,-2,-2,-2,-3,2,-3,-2,-2	bundled-knot-table,replay-verified-evidence-start
braid:918ebd743ef73b4d7dc2a9ec9a47f2172ddf9e7db7352e7f5d796b4a8e294a0a	0	4	-1,2,2,-3,2,2,2,1,-3,2,-3,2,2	dkt-benchmark
braid:ab5c07650f2520e03b40e4b48e52e3b52c6b86b8a0fa1efd4e0552afe4451baa	0	4	1,-2,-2,-2,3,-2,1,-2,1,-2,3,3,-2	dkt-benchmark
braid:ba1df2524ea50b8449f7f0dc089abee278bb49626be31971f40ea05ca9643e4a	0	4	1,-2,3,-2,1,1,-2,3,3,-2,-2,1,1	dkt-benchmark
braid:bdd96e325dc4b8be8e8775d94e9ddfce4e78177bde183379006041eea9ad24d9	0	4	-1,-2,-2,3,-2,3,-2,1,-2,-2,-2,3,-2	bundled-knot-table,replay-verified-evidence-start
braid:cca042745301798ff5433b5627c07610c23ea0ee2c377cf7c4ab07f04195356b	0	4	-1,2,2,3,3,2,1,2,-3,2,-3,-3,2	bundled-knot-table,replay-verified-evidence-start
braid:ce3ec8252bada1ba7d60807a1d29a5ad5388a723665ddc2b0da0175701e7927d	0	4	-1,2,2,2,-1,-3,2,-1,2,-1,-3,-1,-1	dkt-benchmark
braid:dcdda5988d2619d847de51237a5d92b55ab9152466fc5cfbf7af2d9313cd2838	0	4	-1,-2,3,3,3,-2,1,-2,-2,-2,3,-2,3	bundled-knot-table,replay-verified-evidence-start
braid:deb6421178c2435cc64e3bb64d8e6774afa12f3694861da2bf48539ac73afa47	0	4	-1,-2,3,-2,1,2,2,3,3,2,-3,2,3	bundled-knot-table,replay-verified-evidence-start
braid:df734a425d761114338c547d1b26116b44da9122da30fd86412583c2bd667930	0	4	1,-2,1,-2,-2,1,3,-2,3,-2,3,-2,3	dkt-benchmark
braid:e65db35e8acf104074f08b7327c90885cbf6ead0239bba0fe75579946602b432	0	4	-1,2,2,-3,-3,2,1,2,-3,-3,2,2,-3	bundled-knot-table,dkt-benchmark
braid:fdcff41bedbe358f5ab9eb361c8109267209acc9f4bef8a99d942af30e5ecb45	0	4	-1,2,2,-3,-3,2,1,2,-3,2,2,2,2	bundled-knot-table,replay-verified-evidence-start
braid:2a5dae38119d0482dc782919f36b478b6526b01c754f9c5a9bd199a092ec822b	0	4	-1,-2,3,-2,1,-2,3,-2,3,-2,-2,-2,-2,-2,-2	dkt-benchmark
braid:3053abf764ae232355160eb18da6688bb2e153cd5c2aa03119af26b26dd69e30	0	4	-1,2,2,-3,-3,2,1,-2,-3,-3,-3,-3,-2,-2,-3	dkt-benchmark
braid:49ee4ccdb37e3de13b8fbaf41b68c4d8b84e9a2128ed099e8136449680d152a0	0	4	-1,2,2,-3,-3,2,1,2,-3,-3,2,-3,-3,2,-3	dkt-benchmark
braid:51eeb3a27764ecd4bab1927d501d3b05c05570983cbda1567681130290ac0a01	0	4	-1,2,-3,2,2,1,2,2,-3,2,2,2,2,2,-3	dkt-benchmark
braid:5e0a09bfaaffe9ff76f51bf0966a65322856b9446c70d246ecc9dd13b60496a3	0	4	-1,2,2,3,3,2,1,-2,3,3,-2,3,3,-2,3	dkt-benchmark
braid:6bff6fcfc429e680e7609864036555b9948504477de7d5bf88f82fa8955c2a6a	0	4	-1,-2,3,3,3,-2,1,-2,3,-2,3,-2,-2,-2,-2	dkt-benchmark
braid:795f414706372e61114fc4f6b0b6be7f76fb9bf61a868bd839a53ee41ef5d9e3	0	4	-1,2,2,-3,-3,2,1,-2,-3,-2,-3,-2,-3,-2,-3	dkt-benchmark
braid:8ca7d3a8e344fd393063aea71b45962f430c66a2c8f63275582056c47aa2ac87	0	4	1,2,2,3,-3,2,1,2,1,3,2,-2,-3,1,-3	replay-verified-evidence-start
braid:9824a37976d3e7891ccecabeceaee4ec320407ee01cd40283a97a049e8f2ac85	0	4	-1,2,2,-3,-3,2,1,2,-3,-3,2,2,-3,-3,-3	dkt-benchmark
braid:9862c2f9a31db0f601887265bd78e0366907e044d3b7122f3c3ae304da71a5ed	0	4	-1,2,-3,2,-3,2,-3,2,1,2,-3,2,-3,-3,2	dkt-benchmark
braid:9b862e79a6ef4ea280f2c02e40480080c803d0c8443f0f8999885d14d0e1e1ff	0	4	-1,2,2,2,-3,2,2,1,2,2,-3,2,2,2,-3	dkt-benchmark
braid:1b7d8ca84b02c255805b10c303ca84909b89d43515a4acd7fd0af407688aaf45	0	5	1,2,1,2,-2,3,1,4	replay-verified-evidence-start
braid:853414caa2bd2bca599ec777e6d38c8622e7b5d07dcdd31c505ffc11353bcdb3	0	5	3,-2,4,1,1,-2,-3,-2,3,1	ladder-benchmark,scheduled-ladder-source
braid:af1e4b7f984c259c96ef6f10c10a2f8ae53f0ea7cf554294d16db61223250800	0	5	1,1,2,3,-3,3,2,1,2,-4	replay-verified-evidence-start
braid:a26766327a7a157c70633406c93aba3707b7cd5a302234434562a52755807a10	0	5	1,-4,-2,-1,-1,2,-4,-3,4,3,-4,2	ladder-benchmark,scheduled-ladder-source
braid:0d16fd4c53341b37485213a639b9dbfdb39d9eedeab5a14820a9f9f1b7bd9bc7	0	5	1,4,3,2,-4,2,4,-3,2,2,4,-3,2,4	ladder-benchmark,scheduled-ladder-source
braid:605d3db783981900cbf5ec1ab289372b192e5a42a5618b1507dd1948615fbba3	0	5	-1,2,-3,2,4,-3,2,-1,-3,2,-4,2,-3,2	dkt-benchmark
braid:0f32533f067898e47268bdd3bf75cf1af8ef0696417295b1299298f10c138844	0	5	-1,2,2,-3,-4,-3,-3,2,1,-2,-3,-3,-3,4,-3,-2	dkt-benchmark
braid:32623cef908216e03e5d5c0ab5ef0b7c2c47081e6c9414989feb53b36db8dcc6	0	5	1,4,-1,-1,-3,-3,1,1,4,3,-1,3,4,-1,-3,2	ladder-benchmark,scheduled-ladder-source
braid:b8a52fdc0fc5ef81d015aaa233ad01ddb7c18370df687ec97e8245a8e70119bd	0	5	-1,2,2,-3,-4,-3,-3,-3,2,1,-2,-3,-3,4,-3,-2	dkt-benchmark
braid:07c0c1cbeb5e5a71ec12a47d1d4c4398b67cd0ccded1769918c96b93310900e8	0	5	-1,2,2,-3,2,4,2,2,1,-3,2,-3,2,-3,-3,-4,3,2	dkt-benchmark
braid:9e9f78230f1704df263a1760f6fd33d5fa02f269087f8ec4a0f772a66521f4ae	0	5	-1,-2,-2,-3,-2,-2,-2,1,-2,3,-2,4,-2,3,-2,3,3,-4	dkt-benchmark
braid:a48efc408b51cfd5625422e97b8afe08eb0d67fdef96faf2b86d3bcbbd5624b7	0	5	-3,-4,-2,3,1,4,-3,-1,3,-1,3,3,4,-2,-1,-2,-2,-4	ladder-benchmark,scheduled-ladder-source
braid:d3b5e8132303873b72f800da66e3c4bacb3d7d1819be3a12868f74dea3cade4d	0	5	-1,-2,3,3,-2,-2,3,-4,-3,-2,-2,1,-2,3,-2,4,-2,-2	dkt-benchmark
braid:fea904724300a59cccd38aab8c41420f75383a71e94f81d89e1a3ea4250b050c	0	5	-1,-2,3,-2,3,-2,4,3,-2,1,-2,3,3,-4,3,3,3,2	dkt-benchmark
braid:e2247f8a483528df5c72d10c6ba29968d4dc3ec00d02743404a10a22c5cae258	0	5	-4,3,-1,-1,-4,-2,-4,-4,-4,1,2,4,-2,-1,-1,-3,-4,-1,-4,1	ladder-benchmark,scheduled-ladder-source
braid:3d53db54d9c7b6f5c128b61e380fc025a0d43b5dd4a00130b2fc251a6dfc47fc	0	5	4,-2,-4,3,-1,-3,-4,-1,-1,-2,4,-2,-4,-2,-4,-3,4,3,-4,-4,3,2	ladder-benchmark
braid:14334750856286508917a50c96f394105cb1bcc99d3666ed9e81f2d0060564c2	0	5	2,4,-3,-2,-1,-2,-1,4,-3,-1,-3,-3,-3,1,1,-2,-4,-1,4,-2,-1,-2,4,-1	ladder-benchmark
braid:731edb37b6a5bf02f5285b93888fe3bc5771cf527a43a368c2978a0ac1b88309	0	5	4,-2,-2,-3,2,4,1,1,1,1,-2,-2,-4,2,-3,-1,-2,-2,-2,-2,-3,4,2,3,4,4	ladder-benchmark
braid:46b75d751ee208d07eeb4309178a30d3a2e935060e8207af84886143fb1c93e1	0	6	-1,2,3,3,4,3,5,-2,-4,1,3,2,-4,-4,3,-5,-4,3,-2,3,3	dkt-benchmark
braid:4b6a11b664d9d25d1a095660f4e5d80d1546de0b9d52a4b4c69d2fceff7cc689	0	6	-1,-2,-2,-2,3,-2,1,-2,3,4,3,-5,-4,3,-2,3,4,3,5,3,-4	dkt-benchmark
braid:719183658f0dde4075abab9ba73c78351dc557d39806c61aa7e9bf1348b1b216	0	6	-1,-2,3,-4,-5,-4,3,-2,1,-2,-3,-2,4,-2,5,3,3,3,-2,-4,3	dkt-benchmark
braid:7878dd87666bc7ea9285e966c28ea87c93a876b3b2d1f845e5563fc9f93f1be5	0	6	-1,2,-3,-3,4,4,-3,2,1,-2,-3,-3,-3,4,-5,-4,-3,2,-3,4,5	dkt-benchmark
braid:7d524dec33fb6001bf9344c748f128ae7a7d83291f169417ce1381c474638abd	0	6	-1,-2,-2,-2,3,-4,-5,-4,-3,-2,1,-2,3,-2,4,-2,5,3,3,3,-4	dkt-benchmark
braid:c123d276527d654d263fd66f72de7688b3e83be303bd774717b7973d86e9e5dc	0	6	-1,-2,-2,-2,3,-4,3,-5,-4,-3,-2,1,-2,3,-2,4,-2,5,3,3,-4	dkt-benchmark
braid:df8ab87eb5fd2a64aeccb5e085848592d883af53bfdeb9c82fa3bc8e632e5ad6	0	6	-1,-2,-2,-2,3,-4,-3,-2,1,-2,3,-2,4,-2,5,3,-4,3,-4,3,-5	dkt-benchmark
braid:ed4cdb201b14e281a80ea2d845f8474cacc5d32827b10c37f90cf2c1fc28cbc8	0	6	-1,-2,-2,-2,-2,-2,3,-4,-5,-4,-3,-2,1,-2,3,-2,4,-2,5,3,-4	dkt-benchmark
braid:f559cb2f1fdf319ffd981fab879b7863e652e31609bedff0d65c0401e0d6e8a4	0	6	-1,2,-3,4,-3,5,-3,2,4,2,4,1,-3,-3,-2,-3,4,-5,-4,-3,2	dkt-benchmark
braid:14b0151daebebc409738f8f1d893c77ff43fd3174ac42ce5bc60dd9b6fceb5da	0	6	-1,2,2,-3,-3,2,1,-2,-3,-3,-3,4,-3,5,-4,-3,-3,2,-3,4,-3,-5,-4	dkt-benchmark
braid:2c1bf98a90ed04f68282590323c19f8053d2751e7827ff21359ed2ae98265155	0	6	-1,2,2,-3,-3,2,1,-2,-3,4,-3,5,-4,-3,-3,2,-3,4,-3,-5,-3,-3,-4	dkt-benchmark
braid:37e767dd19b2fcd31a878fcee7297eade5089d913f8f2efb8c181a6807151e26	0	6	-1,2,2,-3,-3,2,1,-2,-3,4,-3,5,-4,-3,-3,2,-3,-3,-3,4,-3,-5,-4	dkt-benchmark
braid:458d2f44d53cceb1ac808a4f9ec8fa968b058a69ab90745c3e866686516c4b98	0	6	-1,-2,-3,-4,-3,5,2,4,1,-3,-3,-2,-3,4,4,4,-3,2,-3,4,-5,4,-3	dkt-benchmark
braid:45c24fd53b00582a8e13849ff336983fe499213ee63654df047229f296f8aa72	0	6	-1,2,-3,-4,-5,-4,3,-2,1,3,-2,-4,-3,5,4,4,4,-3,2,3,-4,-4,-4	dkt-benchmark
braid:4c3cbdddde3d4e7e99093628f28d3c4f7c21f79a3a3470b59a57d3b254e8a1a1	0	6	-1,2,-3,-4,-4,-5,-4,3,-2,1,3,-4,3,5,3,-2,-4,3,3,-4,-4,3,2	dkt-benchmark
braid:541681cb8a3bbb4c1510b254c2ae87f223da1318bcae7c9da023fb982a9fdc41	0	6	-1,2,3,4,3,5,3,-2,-4,1,3,3,2,-4,3,-4,3,-4,-5,-4,3,-2,3	dkt-benchmark
braid:55aecf475d37e33eca96bd8b75588bf1a84a2bf657f5179c70f3ab94fec4e503	0	6	-1,2,3,3,-4,3,5,3,3,-2,-4,1,-4,3,-2,3,-4,-5,4,3,3,2,3	dkt-benchmark
braid:5d41803c6c841c18cf58fbb8376b376bcb05cf2af936f632b1991b0f0030f6a4	0	6	-1,2,-3,-4,5,-4,3,-2,1,3,3,-2,-4,3,-5,3,-4,-4,3,2,3,-4,-4	dkt-benchmark
braid:704272ed463d2924f3834dfbfe9cb9a0e353ceeed01ffaa47aec004935f3b571	0	6	-1,2,2,-3,-3,2,1,-2,-3,4,-3,5,-4,-3,-3,-3,-3,2,-3,4,-3,-5,-4	dkt-benchmark
braid:79df168d62b38a3d5c9fd2eb25870d8d6663a66042858d87df74bc11c8f07e46	0	6	-1,-2,-3,4,4,4,-3,5,2,-4,1,-3,-4,-5,-4,3,-2,-3,4,4,4,-3,2	dkt-benchmark
braid:85371f3208e01142d5a649101c7eb605a92d894d23f479260cb82125f49ecab5	0	6	-1,2,3,3,-4,5,-4,-4,3,-2,-4,1,-4,3,-2,3,-4,-5,4,3,3,2,3	dkt-benchmark
braid:90fe73f76ace380a3a4b1b1414248ea8bcb27b565d71e0bb90666f82c78f16ae	0	6	-1,-2,3,3,3,-4,-5,-4,3,2,1,3,4,3,5,3,-2,3,3,-4,-4,3,2	dkt-benchmark
braid:9fc6c83b5edf20444aac70af72ca7c84532b4eb9aada61a3ef30c8405b5cf79e	0	6	-1,2,3,-4,3,5,-2,-4,1,3,-4,3,-2,3,3,4,4,3,-5,2,3,4,3	dkt-benchmark
braid:b9f9ac2d4d7f811ac447abcd369e563c794b79520744837b0344ae4f00658207	0	6	-1,2,3,4,3,3,-2,1,3,3,2,3,-4,5,-4,-4,-4,3,-2,3,-4,-4,-5	dkt-benchmark
braid:ba2b62bd35fb4737308076e8ba0a61633bdab9d4046a5c928f4a65da6b081b58	0	6	-1,2,3,3,-4,3,5,3,3,-2,-4,1,3,-2,-4,3,-4,-5,4,3,2,3,3	dkt-benchmark
braid:d0f3fd52e2296ff6c40e86805d8ef68c4108948ff52aeb10b39ca54a09d06d38	0	6	-1,-2,3,3,4,4,3,2,1,-3,2,4,4,-3,4,5,4,3,-2,-3,-3,4,-5	dkt-benchmark
braid:d98a0b15b0dbabf218238b3dd5171e9bd1f4290807c60336a55144d4caeda9d3	0	6	-1,2,3,4,3,5,3,-2,-4,1,3,3,3,2,-4,3,-4,3,-5,3,-2,-4,3	dkt-benchmark
braid:e233afafa697339ef591098bbc82fd108be6bb409aff2a07ae42cec984d20026	0	6	-1,2,3,4,3,5,3,-2,-4,1,3,3,-2,-4,-4,3,-4,-4,-5,-4,3,2,3	dkt-benchmark
braid:ef1de64621dcef0a3f0f2cedff35c30cf0a42d76a0c7eda552c09da17691038d	0	6	-1,-2,3,3,-4,-4,3,2,1,-3,2,-4,5,-4,-3,-4,-5,-4,3,-2,-3,-3,-4	dkt-benchmark
braid:f4249c5e482290a167f7d28af24ee03e633007508296a5025e52226adb43527a	0	6	-1,2,2,-3,-3,2,1,-2,-3,4,-3,5,-4,-3,-3,-3,2,-3,-3,4,-3,-5,-4	dkt-benchmark
braid:20500a977ec56d298638b93349e4c358affb3e2575af57be7fb5fac65b83a99a	0	6	-1,2,-3,2,4,-3,5,-4,3,2,1,2,2,-3,2,4,2,-5,-3,2,2,-3,-4,3,2	dkt-benchmark
braid:c706e6587e21b65de4b102be7e41ca57eb02748140a382edc5cf20df0dd43e5d	0	6	-1,2,-3,2,4,2,5,2,-3,-3,-4,3,2,1,2,2,-3,2,4,2,-5,-3,-4,3,2	dkt-benchmark
braid:fee0ada82a971ba70198cf1417495bde8b5601078798767d92a3fa33fd92c884	0	6	-1,2,-3,2,-4,3,2,1,2,2,-3,2,4,2,-5,4,-3,-3,2,2,-3,-4,3,5,2	dkt-benchmark
braid:061b05a5c6570796f692a419328b07c19e29bce5d51ace2c8c9e046eb1f13506	0	7	-1,-2,3,-4,5,-4,-6,-3,2,-4,1,5,-4,-3,-2,-4,-5,-4,6,3,-5,3,-4,3,2,-4,3,-4	dkt-benchmark
braid:e799d319322b33577c6e653dee94e498aabc6236295c8851f10d07791a77b3ec	0	7	-1,-2,-3,-4,-5,-4,-6,5,-4,3,2,-4,1,-3,-2,3,3,-4,-5,-4,6,3,5,2,-4,-4,3,-4	dkt-benchmark
braid:918ef1abc73889f20874d59d13339ee20b8a1ddac7d8909cb1389994ca2b712c	0	7	-1,-2,-3,-3,4,-3,5,4,6,3,5,-4,-3,2,1,-3,-2,-3,4,3,-5,3,-6,-4,-3,-5,-4,-3,2,-3	dkt-benchmark
braid:97acdaa2306ebf4132d189c35103896512b16f5bad6b3bd68659412b850fb965	0	7	-1,-2,3,-4,3,5,3,-6,4,3,-5,4,3,2,1,3,-4,3,5,-2,6,3,-4,3,-5,2,3,4,3,3	dkt-benchmark
braid:e1642abe2d4ac998d94f235743437a5bab7f6778c318a1d44f3a2d13951359f1	0	7	-1,2,-3,4,-3,-5,4,-6,3,-5,3,-4,-3,-2,1,-3,4,3,5,-4,6,-3,5,-3,-2,-3,-4,-3,2,-3	dkt-benchmark
braid:421cd203a77a87a0da07c996b0c9cf24d47119789777d9ba50588ee776a96d21	0	8	-1,2,-3,4,-3,5,-2,4,6,1,-3,-5,-3,2,4,-3,-5,-6,-5,7,-4,6,-3,-5,-4,-3,-2,-3,4,-3,5,-6,-7	dkt-benchmark
braid:507c88446a99b69703fc271bf2f3ae24f9e197dea1c443596502b2f21b90f47d	0	8	-1,2,-3,4,-3,5,-2,4,6,1,-3,-5,-3,4,-3,-5,-6,-5,7,-4,6,-5,4,-3,-2,-3,-4,-3,5,2,-6,-3,-7	dkt-benchmark
braid:698f531be1cde206db8a1e8826d9321690951c74c87932b179ac2d73f3be4d24	0	8	-1,-2,-3,-4,-3,5,4,-6,-3,5,-7,-3,6,4,-3,-5,2,1,-3,2,-3,4,-5,-6,-5,7,-4,6,-3,-5,-2,4,-3	dkt-benchmark
braid:a1673549488cb1e81e53463769405aabe8113cca4caf1a0da2255eab9465642d	0	8	-1,2,-3,-4,5,-4,6,-5,-4,3,-2,-4,1,-3,-4,5,-4,-6,-5,-7,-6,5,-4,3,-2,-4,3,-5,3,6,-4,7,-4,3,2	dkt-benchmark
braid:d2e03fa380ad5b048ad9def74c965b48413734f8618bffee59fe57680034e913	0	8	-1,2,-3,-4,5,-4,-6,3,-2,-4,1,3,5,-2,4,-3,5,4,5,6,5,-7,-4,3,5,2,-6,5,-4,-3,5,-4,6,5,7	dkt-benchmark
braid:7fba70a63335519fe8b5243e4723edc21542ff3367f7221556d1409bf91f7273	0	8	-1,2,3,4,3,5,-4,6,3,-5,-4,3,-2,1,3,4,3,5,3,-6,-4,-7,-5,-4,-6,3,5,-4,3,-2,3,4,3,-5,2,6,7	dkt-benchmark
braid:a0f876d4bf0b857e1d857e701df85e01fef182c14980c2c578fa5196035c9dfa	0	8	-1,-2,3,-4,3,5,-4,3,2,1,3,-2,3,4,3,-5,4,6,-5,-7,4,-6,3,5,3,2,-4,3,-4,3,-5,-4,6,3,5,7,-6	dkt-benchmark
braid:8cb45c04ee4d475d0055759c1c2a0d8a48dc1d1dcc2951d0d224936bd6b8969b	0	10	-1,2,-3,4,-5,-6,5,-7,4,-6,8,3,-5,-7,-9,-2,4,6,-8,1,-5,-7,-6,5,4,-3,2,4,-5,4,6,-5,7,-6,8,5,7,9,4,6,-8,-5,7,4,6,-3,4,5,4,3,-2,3,4	dkt-benchmark
braid:b0c9ac447f7b04efdb5b3865843df49cd97e1b611b4e894313251d44e2fa2d0c	0	10	-1,2,-3,4,5,4,6,3,-2,1,3,-2,3,4,5,4,-3,2,4,-5,-6,-7,-6,8,5,-7,-9,4,6,-8,-5,-7,-6,5,4,-3,4,-5,4,6,-5,7,-6,8,-5,7,9,4,6,-8,-5,7,4	dkt-benchmark
braid:dc7a62d21642d8ae1a5811be5931218ec4ee8caca918be706b22a14d3c1840e9	1	2	1	test-fixture
braid:e47c40add99273390b6b2da20312b2de1ff303c0f30b9f3094b13d0fad7786d9	1	2	1,1,1,1,1,1,1	test-fixture
braid:9ddddf73766388259a647f2b3f7d82473d81bd1c5e954946a84d2c0dffe3d868	1	3	1,1,1,2,-1,2	test-fixture
braid:968fb373eb2ed1caa6bd0cb40719a5407c04dce60d5783b8796eca70e6e09bf0	1	3	-1,2,2,2,-1,-1,2,2,-1,-1,-1,-1	bundled-knot-table,gap-candidate
braid:1d9be651e7ba6f7e318fc328a1b245a67d6cbd870c7d7a3b34e11bf6ac69ba2b	1	5	1,2,3,4,-1,-2,-3,-4,2,4	test-fixture
braid:29da7b878cc7277aa6caee51e11cac9ebf4fe151bd46b77c0b9e792b559b9554	1	5	-1,2,2,3,3,2,1,2,-3,4,-3,2,-3,4	bundled-knot-table,gap-candidate
braid:2b0b0c00e8f33daeeeaec39f22a457714b55bd942c03a71e8bc715591866f8e9	1	5	-1,-2,-3,4,-3,-2,1,2,2,-3,2,4,-3,2	bundled-knot-table,gap-candidate
braid:03c2a820da030f82462ef386e8acafe15a16006750b77639eee86ff69184f67b	1	5	-1,2,-3,2,-3,-4,3,2,2,1,-2,3,4,-3,-3,-2	bundled-knot-table,gap-candidate
braid:0b107eeb455c41af4ddf5fbd44148605911123be7c3a0f8ed7b6751f82142112	1	5	-1,2,3,4,3,3,2,1,-2,-2,3,-4,3,-2,-2,-2	bundled-knot-table,gap-candidate
braid:2cf54d4f8158cb9229a1266659830c332014ce971b0b856705a4d35144855f8c	1	5	-1,2,3,4,3,3,2,1,-2,3,-2,-4,-2,3,-2,-2	bundled-knot-table,gap-candidate
braid:6aca36dcb20de226ee1d6108a10456fd8813dc0b01c88dcec56a113905f3b131	1	5	-1,2,3,-4,3,2,1,-2,3,3,3,-2,4,3,-2,-2	bundled-knot-table,gap-candidate
braid:ed60a92fdffaa27a333941f4e55e46e92c9cbc9867170b05fc101d859ab18e8f	1	5	1,-2,3,-2,1,-2,-3,4,3,2,-1,2,1,3,-2,-4	bundled-knot-table,gap-candidate
braid:f1159e7448b68445be37428510d6a9d86f6ad03964f4b837118b897605b61828	1	5	-1,2,3,4,3,3,2,1,-2,-2,-2,3,-4,3,-2,-2	bundled-knot-table,gap-candidate
braid:0e9577788dc176f305420b1eeef1f36269bda41dc5533b3cbb867273950ce5d2	1	5	-1,2,-3,-4,3,2,2,1,2,-3,-2,4,-2,-3,-3,-3,-3,2	bundled-knot-table,gap-candidate
braid:1c28f16974ee546730922aeed064e28d695a6512f37d33f96203ed8917702c17	1	5	-1,2,2,3,3,2,-4,1,-3,-3,-3,2,-3,4,-3,-3,-2,-3	bundled-knot-table,gap-candidate
braid:4e502ce23bbbda0a6497e6ac9a2066dbf8c3a538da73d98daba90160d512b5fe	1	5	-1,2,2,-3,-3,2,1,-3,-2,-3,-4,-3,-3,-3,2,-3,4,-3	bundled-knot-table,gap-candidate
braid:55ffe64cc9cf9b8101281a0b9c4f29cc7e4d85ea36227a07b99ceea968afa4a2	1	5	-1,2,-3,-4,3,2,2,1,2,-3,4,-3,-3,2,2,2,-3,-3	bundled-knot-table,gap-candidate
braid:5d0276f235c9afb68a3febb6ad3f13d622dd5f999ffb4e3f9bb437133f382b71	1	5	-1,2,2,-3,-3,-3,2,-4,1,-3,-3,-3,2,-3,4,-3,-3,-2	bundled-knot-table,gap-candidate
braid:7571b701ac85e94e4f815970fe597198e09c2b32aba4fc15ae60195bc29f2217	1	5	-1,2,-3,-4,3,2,2,1,2,-3,4,-3,-3,-3,-3,2,-3,-3	bundled-knot-table,gap-candidate
braid:7f328881e62b6baecc5a5d6200f1eec9072778db4b13efc3b842172aee66390d	1	5	-1,2,2,-3,-3,2,2,2,1,-3,-2,-3,-4,-3,2,-3,4,-3	bundled-knot-table,gap-candidate
braid:87a2a06c4465757b90a1f80511e95d6ce61425e84d144c329c7c0fc54e05c377	1	5	-1,2,3,3,2,-3,-4,-3,-3,2,1,-3,-3,-2,-3,4,-3,2	bundled-knot-table,gap-candidate
braid:975e6ce2e28ba9f839824d4d64d42378bafeb89fa413348e95d4560bdfb989ac	1	5	-1,2,2,-3,-3,2,1,-3,-2,-3,-4,-3,2,-3,4,-3,-3,-3	bundled-knot-table,gap-candidate
braid:9e418ef8c567f9e812214241f6b6aad33272d023faf90a5e02d1696d868eba60	1	5	-1,2,-3,-3,-3,2,-4,2,1,-3,-3,2,-3,-3,-3,4,-3,-2	bundled-knot-table,gap-candidate
braid:b06d61da3acecd588ca437516ca116c990e4a77e00c24a72ce80d096de800959	1	5	-1,2,-3,-4,3,2,2,1,2,-3,4,-3,-3,-2,-2,-3,-3,2	bundled-knot-table,gap-candidate
braid:b179a530c7c56ccaa4c124f2325b5e7dfc1e1a2fcccd09be846cbd88c654d96c	1	5	-1,2,-3,-3,-3,-3,-3,2,-4,2,1,-3,-3,2,-3,4,-3,-2	bundled-knot-table,gap-candidate
braid:bba2d71dcf6a9a9db6c6a6222b3e40e8915b7100645cb5374ad804ed4055cb7b	1	5	-1,2,-3,-3,2,4,-3,-3,-3,2,1,-2,-3,-4,-3,2,-3,-3	bundled-knot-table,gap-candidate
braid:c4501ea22ea073cfcbb9dbeca446d6fc4a047474278b7a8a4c5c6d9c7b647a35	1	5	-1,2,-3,-2,-4,-2,3,-2,-2,-2,1,-2,3,3,4,3,2,-3	bundled-knot-table,gap-candidate
braid:d3fc23b689fb35463adc6e83752bc4d409a6c278265d400539797717ddc0aad7	1	5	-1,2,-3,-3,2,-3,-3,2,1,-3,-2,-3,-4,-3,2,-3,4,-3	bundled-knot-table,gap-candidate
braid:db7a847fc579fb9dbb77a5db9f36bfd4fcfee24168f891af3f60e9ced0c3c2ef	1	5	-1,2,-3,-2,-4,-2,-2,-3,2,1,-3,-2,3,3,4,3,2,-3	bundled-knot-table,gap-candidate
braid:ddc458238dbbad7b4dc7a3c41a18d9e0fced30219279ea587299dfcaa34007c2	1	5	-1,2,2,3,3,2,-4,1,-3,2,-3,4,-3,-3,-3,-3,-2,-3	bundled-knot-table,gap-candidate
braid:ebbb1a21e16e9fd38c7467d7de1b714b49d5d25487f134e1a1a1d12e7a64780d	1	5	-1,-2,-2,3,-2,4,3,-2,1,-3,-3,-2,3,3,3,-4,3,2	bundled-knot-table,gap-candidate
braid:0aef03e89a30572eb51b6d8abca76761b31a7a89f5ab291807d6ec31083c19f1	1	5	-1,-2,-3,-2,-4,3,2,1,2,2,2,2,-3,-2,4,-2,-2,-2,3,-2	bundled-knot-table,gap-candidate
braid:0e986eb8d869defc7cf2b098c5d81170767fb445e08ee85af87bf03c1555c302	1	5	-1,2,-3,-2,-4,-2,-2,3,2,1,2,2,-3,-2,4,-2,-2,-2,3,2	bundled-knot-table,gap-candidate
braid:31e16117333e9647746e028cc0fb745484f762d5af12f03eae3314be900bfb96	1	5	-1,-2,-3,-2,-4,-2,-2,3,2,2,2,1,2,2,-3,-2,4,-2,3,-2	bundled-knot-table,gap-candidate
braid:961e0e14f950ba59e253f3d7d69124cdb9241b52d50c67ee5cb0b06244ebe383	1	5	-1,-2,-3,-2,-4,3,2,2,2,1,2,2,-3,-2,4,-2,-2,-2,3,-2	bundled-knot-table,gap-candidate
braid:b0e7eb93d0804dea4c8936db1843c97654eb72419d21fed998db6b42da782f49	1	5	-1,-2,-3,-2,-4,-2,3,2,2,2,1,2,2,-3,-2,4,-2,-2,3,-2	bundled-knot-table,gap-candidate
braid:ca9247817a3c9051fe62ed7c251684ac9b62246fda5a2384288451780aa49179	1	5	-1,2,-3,-2,-4,-2,-2,-2,-2,3,2,1,2,2,-3,-2,4,-2,3,2	bundled-knot-table,gap-candidate
braid:e4130db437865a5813fcc81e029040a2e18d61ced00c027d492e8657bc414088	1	5	-1,2,-3,-2,-4,3,2,2,2,1,2,2,-3,-2,4,-2,-2,-2,3,2	bundled-knot-table,gap-candidate
braid:7e58137ec6e37ccea49ce6d75504a25b2f114165ec578e17047c6e54e866f369	1	7	-1,2,3,2,-4,3,5,2,-4,-6,1,-5,-4,3,-2,-4,3,5,-4,6,-5,4,3,2	bundled-knot-table,gap-candidate
braid:3b02b959b27e5db542b5b2769d7dcf3b383fe52a8fe96ab471c5c66a68e1e9ac	1	7	-1,2,-3,-4,5,-4,3,-2,-4,1,3,-5,3,6,2,-3,-4,5,-4,-4,-3,-2,3,-4,-5,-6	bundled-knot-table,gap-candidate
braid:de373fae12d1c396e2f7c8b5aff406c60c0b2edd0d163fde787ae16d3bd9c0d0	1	7	-1,2,3,-4,3,5,-2,-4,-6,1,-5,4,3,2,3,4,5,-4,6,3,-4,-5,4,3,-2,3	bundled-knot-table,gap-candidate
braid:595819f8ba0fd356217f1a9efe035bc02d056b2b77fcf762f237a604d8e5f154	1	7	-1,2,3,2,-4,3,5,-4,6,-3,-5,2,1,-3,4,3,-2,3,-4,-3,5,4,-6,3,-5,4,3,2	bundled-knot-table,gap-candidate
braid:8b3f19007fc87c5d19cec801290918aae30118dca8f823a115b080de455057cb	1	7	-1,-2,-3,-4,-3,2,1,-3,4,-5,4,-6,3,5,3,-4,3,3,-2,3,-4,3,-5,-4,6,-3,5,2	bundled-knot-table,gap-candidate
braid:8b937d78fd5144ad5679fd9bf1fd8d327950385b37bc2cb4fda298093dec1253	1	7	-1,2,-3,2,4,3,5,2,-4,6,-3,5,2,-4,1,3,-2,3,4,-3,-5,4,-6,3,-5,-4,-3,2	bundled-knot-table,gap-candidate
braid:97b8bf864d48c238e3e07d8762fd23bd63d10139a1d04537d6637d14d35e91c7	1	7	-1,-2,3,-4,-5,4,6,3,3,3,2,1,3,-4,3,5,3,3,2,-4,-3,-4,-5,-6,5,-4,3,-2	bundled-knot-table,gap-candidate
braid:98da321c8d1fddd30b8d3a78f56070ad566d3f2c00b6e11ef679408fa7645a8b	1	7	-1,2,-3,4,5,4,4,3,-2,1,-3,4,-5,4,6,-3,2,-3,-4,-4,5,4,-3,-2,-3,-4,-5,-6	bundled-knot-table,gap-candidate
braid:ae0c6a9e2e434c9af10fe6d093f1cfce83508e6aa4977776744e9963771def87	1	7	-1,-2,-3,-4,-3,5,4,-6,-3,5,-3,4,4,-3,2,1,-3,2,-3,4,-5,-4,6,-3,-5,-2,4,-3	bundled-knot-table,gap-candidate
braid:cf1d3cc0f486eaa71a90fa53fa30f82f739c851068ff974f73b47ac07e20311a	1	7	-1,2,-3,-4,5,-4,6,3,-2,1,-3,4,-3,-5,4,3,-2,3,3,-4,-3,5,4,-6,-3,-5,2,-4	bundled-knot-table,gap-candidate
braid:e7801568ec3e8971ca88fc3221a671147cfde5e3f8386b9b87ba2f245b2c8baf	1	7	-1,2,-3,4,-3,5,-2,4,1,3,3,2,4,4,-3,-5,-4,6,-3,-5,-4,-3,-2,-3,4,-3,5,-6	bundled-knot-table,gap-candidate
braid:365a5e29285e88421be2761a2c7b3aa72357b9cbc7272ccc24fb8c62625c8bc4	1	7	-1,2,-3,-4,-5,-6,5,-4,3,-2,1,-3,-4,-5,-4,6,3,2,-4,-4,-4,-4,-3,4,4,5,4,3,-2,-4	bundled-knot-table,gap-candidate
braid:63508b51b5cd04739ed20f28be5df58d400abcf4f48e724d1f9ecd1fb420070a	1	7	-1,2,-3,-4,-5,-6,5,-4,3,-2,1,-3,-4,-5,-4,6,3,2,-4,-4,-3,4,4,5,4,3,-2,-4,-4,-4	bundled-knot-table,gap-candidate
braid:8fff89eb197258b15dcaee6299402dcbb2e77ddf8bda89da723bea704636afa0	1	7	-1,2,-3,4,-5,4,6,3,-2,4,1,4,5,-4,-4,3,2,-4,-3,-5,4,-6,4,5,4,3,-2,-4,-3,-4	bundled-knot-table,gap-candidate
braid:a7c798512eae3c62a6d4d107662a17712478258f0fa4e720c85233dfda3ee082	1	7	-1,-2,-3,-4,5,-4,3,2,-4,1,-5,-4,-6,-3,4,-5,4,3,2,-4,-4,-3,4,4,5,4,6,3,-2,-4	bundled-knot-table,gap-candidate
braid:c6f4ecaa958ab7f55b0a532be733b1db3e1d4701a3d263afc5a34131e020401d	1	7	-1,2,-3,-4,-5,-4,-6,3,-2,1,-3,-4,5,-4,3,2,-4,-5,-4,6,-3,4,4,5,4,4,4,3,-2,-4	bundled-knot-table,gap-candidate
braid:18fb9d8ea49358e09e4ff9f099b4c8d1d2a88bce01386e70d25625cde8d456d2	1	8	-1,2,-3,4,5,-6,5,4,3,-2,4,1,-5,4,6,-3,7,2,4,4,3,4,-5,4,6,-3,-2,4,5,4,3,4,-5,-6,-7	bundled-knot-table,gap-candidate
braid:44e65f3d47adec7f34c9bb6e1ecf46c1548f982aec284ec1cf9d5354b33330d8	2	2	-1,-1,-1,-1,-1,-1,-1,-1,-1	bundled-knot-table
braid:85c23d574c612e91343786681d58d0ff9f73d611a0947426b482d23fdb7c46a0	2	2	1,1,1,1,1,1,1,1,1,1,1	bundled-knot-table
braid:120e387ca473114eb9da98189c5af0be2f092b5bbb2f15488044b9b971d7cc83	2	3	1,-2,1,-2,1,-2,1,-2	bundled-knot-table
braid:1b5b5d62fc42b520881b46a39bc631bab2aeb8eed78c0bd77e2610ff4a253c66	2	3	-1,2,-1,-1,-1,-1,-1,2	bundled-knot-table
braid:c1b6304872be21e9ac7a16a5bb37c5faf75288fa6e8a4987ceb3c42afdb5d449	2	3	-1,2,2,-1,2,2,2,-1	bundled-knot-table
braid:c8cfea1e0f1e71e5213d0b1118c215630e288bcfebcac8742819e3782665fa66	2	3	1,-2,-2,-2,-2,1,1,-2	bundled-knot-table
braid:e23d51f4ce82848a20fcf88f66020ce030c894cc517614de60f52e8cafda366e	2	3	-1,2,2,2,-1,2,2,2	bundled-knot-table
braid:ea550c2962a09875437cdaf8d7067d91df2ef12378a65d0bfad17fda3d498f51	2	3	-1,2,2,2,-1,-1,-1,2	bundled-knot-table
braid:fa75f3d5ac2961ad8d5dc75daec6732b2a19cf7ec660727955fc8af9d95c20ca	2	3	-1,2,-1,2,2,-1,2,2	bundled-knot-table
braid:ff06d015cf87624e6565651dcbd4c498dc3b645d8a6700e5f453c87acdaef159	2	3	1,2,1,2,1,1,2,1	bundled-knot-table
braid:0f4452552cea11bd847c220736fc67e67a0239ac45670d8d299a8fb664eeba7a	2	3	-1,-2,1,-2,-1,-1,-2,-2,-2,-1	bundled-knot-table
braid:1067d9500a8050b9a734230054ae631471ac667e9a91b09260f18c3699da0fcd	2	3	-1,2,-1,-1,2,1,1,1,2,-1	bundled-knot-table
braid:10cb09c91f00adbe7969b869cb6521f278b7f239d1623c10cdda61cee2a83040	2	3	-1,-2,-2,-2,-1,-1,-1,2,2,-1	bundled-knot-table
braid:1714fd5fc0680da374c87f13b790cf4848fdd74a1ae58dc7c595585b3dc10331	2	3	1,-2,1,1,1,-2,-2,1,1,1	bundled-knot-table
braid:31181d4659b9b7b645a908ec4362787e188578a6f0f44c13494f250990869795	2	3	-1,2,-1,2,2,2,2,2,-1,-1	bundled-knot-table
braid:33a00b6e0bf5c4dffdb96dab5d4a2ef58ea241d0a3ce3cc75b882d8721cf10df	2	3	-1,2,-1,-1,-1,2,2,-1,2,2	bundled-knot-table
braid:4103cfc1adf9b8d95455eb7b4a9277b5d312929379c02fa62c858dd6842e7f0b	2	3	-1,-2,-2,-2,-1,-1,-1,-2,-2,-1	bundled-knot-table
braid:53efb8975cbadc9dfbe84002d25d32d1c2bee828af0cfcc31a5009de0334baac	2	3	-1,2,-1,-1,2,-1,-1,-1,2,-1	bundled-knot-table
braid:58ecd24cfcec50e56bf1eeac918040d320bfea619595549fd78dfd1e12bb2291	2	3	-1,2,2,2,-1,-1,-1,2,2,-1	bundled-knot-table
braid:5a1ba8125ea159ad3491428f03d9c78fb2b2e4ff4e3734a6b5951a69ec44e2db	2	3	-1,-2,-2,-2,-2,-2,-1,2,2,2	bundled-knot-table
braid:78f66796c9356b22b9de76f43d140963c4495061ea1e0d28e19e7236aa6428e2	2	3	-1,2,2,2,-1,2,-1,2,2,-1	bundled-knot-table
braid:79634c04a35bce059dcba91c082f6ad508c6c3d563223297a8ba86dcb5adff00	2	3	1,2,2,-1,2,2,1,1,-2,1	bundled-knot-table
braid:7b278ba578ed54abc8c75dd218c08a21323300735f6129cc637f9bb93cae8ddb	2	3	-1,2,2,-1,2,2,-1,-1,2,-1	bundled-knot-table
braid:7c16c3768b9e5deb37983197aed6bba8b85db5b1df9df01b6d3d811a9d3df486	2	3	1,-2,1,1,1,-2,-2,-2,1,1	bundled-knot-table
braid:848e361fb62f2e21a56ca57835c0c8d28219542bf4a77d52e8a0962df54dcb4b	2	3	1,2,1,2,1,1,2,2,2,1	bundled-knot-table
braid:8774a57bf6022a08bbf567b823694d52d3a52343409e53483f6fa095c2d81ad2	2	3	-1,2,2,2,2,2,-1,2,2,2	bundled-knot-table
braid:8fc554e59df0a09f7e042ce73507d00ee1412dc7e633b6ab748e43d232ecf0f3	2	3	1,-2,1,-2,-1,-1,-2,-2,-2,1	bundled-knot-table
braid:96e8fc0568574ada9e1b158d5338f6eb3eeb0a9ffd92900017b22dc4a4e4a795	2	3	1,-2,-2,1,1,1,1,1,-2,1	bundled-knot-table
braid:982acbb738707576bfb4fc6a37822cabe7e0593ee8e004a47f87330480084488	2	3	1,-2,1,-2,1,1,-2,1,-2,-2	bundled-knot-table
braid:9ee1a4640457692c4cc6afdfe99e2a3937571a12fbcc439f14723ee935f69c2d	2	3	-1,2,2,2,2,2,-1,-2,-2,-2	bundled-knot-table
braid:b4f76e00d0a7bd29d5213498fdb82d3ee4e831ffb6a2d254241156a81ef75689	2	3	1,2,2,2,2,2,1,2,2,2	bundled-knot-table
braid:bc8686a0f2b1de0f515c7e2724566a77af8965a63720b74f5ff123179d4dd28d	2	3	1,-2,1,-2,-2,-2,-2,1,-2,-2	bundled-knot-table
braid:c5e72eb6dcc26e33542494bf86874facc1d70d5a46c0f3c8e01aff3eef18a6f5	2	3	1,-2,1,-2,1,1,-2,-2,-2,1	bundled-knot-table
braid:cd2309138014f8b8ab4f27fd9c53ef49261603b50eff04d4a7e913b6e614cb01	2	3	-1,2,-1,2,-1,2,-1,-1,-1,2	bundled-knot-table
braid:ebbc209a7f6c1e57182e2fee0192fd9ed747cff26b220812ef480e25875fb057	2	3	1,-2,1,1,1,-2,1,1,-2,-2	bundled-knot-table
braid:ed998ddc6e30550e08bb3545b02ed5bdb28c082fba180b828e97f002613032f7	2	3	-1,2,2,2,2,2,2,-1,-1,2	bundled-knot-table
braid:ede40f65dd4c9a67cb31aa2f91eda837f447d83d5b73f78008fdc3c261ac1c0a	2	3	-1,2,-1,-1,-1,-1,-1,-1,-1,2	bundled-knot-table
braid:f73948d0a6215138c7e2f24b4d131ad5662dde213cc2286a7727a807110e742f	2	3	-1,-2,-2,1,-2,-2,1,1,-2,-1	bundled-knot-table
braid:fbba5b907d9f8c75d3837142fd71614a64fed217b9b8edb9025f4d49efa6fde5	2	3	1,-2,1,-2,-2,-2,-2,1,1,1	bundled-knot-table
braid:feb957007a08361a45fc71615da1acbcde1529985ffd3b6b44553740d17e6fd2	2	3	1,-2,-2,-2,-2,1,-2,1,-2,1	bundled-knot-table
braid:fef7b3ec5c4ea0868e2dd753ffb935f451a40f8b3baf9e7f7d23b5ee9bf7cb78	2	3	1,-2,1,-2,1,-2,-2,1,-2,-2	bundled-knot-table
braid:012c5262a256bd97beeb5fd710146cfd1b42988da28109a764ced13d33839c91	2	3	1,-2,1,-2,-2,-2,1,1,-2,1,1,-2	bundled-knot-table
braid:0195fb5d9aaa2ae56c684176a9b606654e3b026429826d3ab1f85ee853e6b44d	2	3	-1,2,2,2,-1,2,-1,2,-1,2,-1,-1	bundled-knot-table
braid:05c9a42e06d2fbe90e82d7060b0a91d19fed8fded33a161ec3f1499298fbf7b8	2	3	1,-2,1,1,-2,-2,1,-2,1,-2,-2,1	bundled-knot-table
braid:081a01add8181d93c828f9a65bcc26e3758e0f1f2fc7fdb07f8943e43cc662f7	2	3	1,-2,1,-2,1,-2,1,-2,-2,1,-2,1	bundled-knot-table
braid:08c7fe0a62e370508c081da40d5c9fcfe7dd6708504bad1b198ff10bea505740	2	3	1,-2,1,-2,-2,-2,-2,1,1,-2,1,1	bundled-knot-table
braid:0b85c70da9863fdd797fbc3785c056f09836228eb726c38ce792450622e5b58d	2	3	1,-2,1,-2,-2,1,1,-2,1,-2,-2,1	bundled-knot-table
braid:0db5700a029784f29a94ce92484e3d414398d1b2f92f686adab84197ca5fa386	2	3	1,2,2,2,1,1,1,2,2,2,1,1	bundled-knot-table
braid:0fb7e3cf109489a9e2d88d0f8d7856df2dfcc516b043532f0c264cae914a61af	2	3	-1,2,-1,-1,-1,2,-1,-1,2,-1,-1,-1	bundled-knot-table
braid:1084e66f44722952bf2120e706058688587e05e2ecc45ee0d943edb0c1987902	2	3	-1,2,-1,-1,2,-1,2,-1,2,-1,-1,-1	bundled-knot-table
braid:15498ac09ae1c40f8c68a04525edc4210fb4a3c12de4346183ae9f8e829d3cef	2	3	-1,2,-1,2,-1,2,-1,2,-1,-1,-1,-1	bundled-knot-table
braid:2122d413086824e0184ad90f0e52c78a05c607e88a900e1ad864ec4c5fe9cef8	2	3	-1,2,-1,2,-1,2,2,-1,-1,-1,2,-1	bundled-knot-table
braid:22aba1b64326ae29b0fb2205a04c96adef15fee004e17512a66b03d72e4663ec	2	3	1,-2,1,-2,1,1,-2,-2,-2,1,1,-2	bundled-knot-table
braid:28f3ebf64b02bd5a581feef047a82dda4d2c6870b443bee001509d790d655941	2	3	-1,2,-1,-1,-2,-2,1,-2,-2,-1,-1,-1	bundled-knot-table
braid:2bfbd47a80eecc9a139ad6f57fae77e1ad083e0632c648b4167ad91dc432d2d8	2	3	-1,2,-1,2,-1,-1,2,-1,-1,-1,-1,-1	bundled-knot-table
braid:2d268d41b716328c57f034369d0d5d21f75a01b0bbb9c13f3d77c8a174dab73c	2	3	-1,2,2,2,-1,-1,-1,-1,2,2,-1,-1	bundled-knot-table
braid:335f33d104890b6fe5a28c75db173728af788b0213ef225de469a9fd21a5e393	2	3	1,-2,-2,-2,1,-2,1,1,1,1,1,1	bundled-knot-table
braid:3470f1116379053212a50a856bdd1856faf7c12b4dad14e5375f645180cc7dbc	2	3	-1,2,-1,2,2,-1,-1,2,2,-1,2,2	bundled-knot-table
braid:34943e5a767b4b2f1b16cd9f6a178f21cd5950d41386357209c3b935103e0a53	2	3	1,-2,1,-2,1,-2,-2,-2,-2,1,1,1	bundled-knot-table
braid:3dbce7e610b438034701cbe41536fbecc4018b100033f1b5dcb1753813fc65eb	2	3	-1,2,1,1,-2,-2,1,2,2,-1,-1,-1	bundled-knot-table
braid:3f82dc22b65f8c68bb275602f647b82c1c938551934ff5906cae65de9e8b4e4d	2	3	-1,2,-1,-1,-1,-2,1,-2,1,-2,-1,-1	bundled-knot-table
braid:435cc0c5cb1336f9de0e34bce64e4f6037ac6cd26749a0352213e1da1bff9028	2	3	-1,2,-1,-1,2,2,-1,2,-1,-1,2,-1	bundled-knot-table
braid:45f8b3b8c1a921e0d267156f07b2af34e0273a253f22e1c6b12878c1d006be3a	2	3	1,-2,1,-2,1,-2,-2,1,1,-2,-2,1	bundled-knot-table
braid:464afc4106693ab2424384b0020e0e73eade1af15dc48319b6f2c4e28530c951	2	3	1,-2,-2,-2,1,-2,1,-2,-2,1,1,1	bundled-knot-table
braid:473980c9436d9ca74a6e03dd052f0ebe42e2f1eb2935870dd23e25c47d1d7794	2	3	1,2,1,1,1,1,1,1,2,2,1,1	bundled-knot-table
braid:485ea718e3f6573e4144c11633af9a0d640e3372ad0b25f5bca3bbffa90213c2	2	3	1,2,2,2,1,1,1,1,2,2,1,1	bundled-knot-table
braid:4884cec90013246d7f50e97b335849ed5852defa945b4b890c8ad3e6d85ab4a9	2	3	-1,2,-1,2,-1,-1,-1,-1,2,-1,-1,-1	bundled-knot-table
braid:48bd9116c87df7800d5976d9c55c3b85c3410ffcd2f4640c1efe977fdfc4d646	2	3	-1,2,-1,2,2,2,2,-1,-1,-1,2,2	bundled-knot-table
braid:493bf6a412db5ba46087ffb28e72258bf069fb831bd37db358a0876167577c4c	2	3	-1,2,1,1,1,-2,1,2,-1,2,-1,-1	bundled-knot-table
braid:4ce33e0b7c964054407019ad06bbd0db75ba2449aa3d43532afbbaa7da3f67f9	2	3	1,2,1,1,2,2,1,1,1,1,1,1	bundled-knot-table
braid:4e483bdc9b39d93a46c2088ccdd2432f8c667de946c218d78e68474e021703b7	2	3	1,2,1,1,2,2,2,2,1,1,1,1	bundled-knot-table
braid:4f0eebcedeb422a5be1b73d6318fc7b6003cf16cb3ec60052774abcea1524f68	2	3	-1,2,-1,-1,2,2,1,1,2,2,-1,-1	bundled-knot-table
braid:4f8e22914fb655c4b690b5249cbb1cd00f0a37cd3ac2b21dab93347d0f132c14	2	3	1,2,1,1,1,1,2,2,1,1,1,1	bundled-knot-table
braid:595ed8de07b49d9a2342f4e40bb8ed610ca8448a34b8d9fb858ed07347d6e244	2	3	-1,2,-1,-1,2,2,1,1,1,2,2,-1	bundled-knot-table
braid:5de924f8d3cb93e6f565139813166d12596abf5c755b54f199748690d7e9c6e6	2	3	1,-2,1,-2,1,1,1,1,1,1,1,1	bundled-knot-table
braid:60c5351c27756d8ee0f6b05711447c59b8575881f7015944ecfd6506efc237c8	2	3	-1,2,2,2,-1,-1,-1,-1,-1,-1,2,2	bundled-knot-table
braid:611d0e0e097d4ec8f74b3e76ccea4d2f2feeec97e1cd1c9afea05b2b7d1c1a59	2	3	-1,2,-1,2,-1,2,-1,2,-1,-1,2,2	bundled-knot-table
braid:65e35cc9a790a65ef08543dd340b980c7cdedfee991407e335cc9944fd46756b	2	3	-1,2,-1,-1,2,-1,2,2,2,-1,2,-1	bundled-knot-table
braid:68afc6b40027717dbfec79e7a89634d812b0e6df97b2a1c18c3be60eba17e257	2	3	-1,2,-1,-1,2,2,-1,-1,-1,-1,2,2	bundled-knot-table
braid:7126df358ef9c29ac98afe5e74e39c5cd1d05d581ab7504623b02b8c49cea887	2	3	-1,2,-1,2,2,2,2,-1,2,2,-1,-1	bundled-knot-table
braid:751586a035ae92b296674b627babd1e3512c8ebc7ebfbf1b30816108e4b6237f	2	3	-1,2,-1,-1,-1,2,2,-1,2,2,-1,-1	bundled-knot-table
braid:7748015205c048f774e91a13ff9ddfedbc5d7689c225dbe3a78dccba7aa1e7dc	2	3	-1,2,-1,-1,2,2,-1,-1,-1,-1,-1,-1	bundled-knot-table
braid:78f06f11113ceb7d33d850ad803118cd3945d97dd4ad0bf738db9fa11c5208d6	2	3	1,-2,1,1,1,-2,1,-2,-2,1,1,1	bundled-knot-table
braid:79aa74477cb99111129e273beb10a7a815eabdb3e2170096079bc271abd9cf17	2	3	-1,2,1,1,1,2,-1,2,-1,2,-1,-1	bundled-knot-table
braid:8309e07cf7d041b25e0dbc84a195b735db84230284352dc0da10a1cb05ae52dd	2	3	-1,2,-1,2,-1,-2,-2,-2,1,-2,-1,-1	bundled-knot-table
braid:831f1232408d52734bc4b95052cf76e1716b71c7bfdb1d90ada0e2d8fe1528de	2	3	-1,2,-1,-1,-1,-1,-1,-1,2,2,2,2	bundled-knot-table
braid:88a52e4b17ece39f353f8fa02136e8abf78d62ce2cfeba15334f0b6c21800a7d	2	3	1,-2,1,-2,1,-2,-2,1,1,1,1,1	bundled-knot-table
braid:8dd695cd72bb6cf8546161760a2ba7a9658733b4e03bb0c4d2b47e7464f4c074	2	3	1,2,-1,-1,2,2,1,1,2,2,1,1	bundled-knot-table
braid:8f30916d36fe2b32377002226748bb7ec90220ebe44fbfe1976f2d672962f220	2	3	-1,2,-1,2,-1,-1,-1,2,-1,2,-1,-1	bundled-knot-table
braid:8f68aa45bb1e55b932e68ad05063475f80a51b29ae98e9f3707de0cffb1b447b	2	3	1,-2,1,1,1,1,1,-2,1,1,1,1	bundled-knot-table
braid:9269d910b2bba8a73615c2286d888450ddf7c83f236b1659b81eb47b1943b93b	2	3	-1,2,-1,-1,2,2,-1,-1,-1,2,2,-1	bundled-knot-table
braid:955404878b4721c73c22a9201ded4501a0e0024243a6e3786e319776b66c8223	2	3	1,-2,-2,-2,1,1,1,-2,1,1,1,1	bundled-knot-table
braid:95a6c4d5b93dd404574c89a5dea99575b010a9232f4b5cf80a54f5942ac28e3c	2	3	-1,2,-1,2,-1,2,-1,-1,2,-1,2,-1	bundled-knot-table
braid:a03667b0bcb918c4f2f79a9589ad016f1d050b81529f0487dd40172b4edd1c4d	2	3	-1,-2,1,-2,1,1,1,-2,-2,-1,-1,-1	bundled-knot-table
braid:a97a3a69b3f00203baa5e99c0fbca0bb618a8540fa292f4918cb00140b27ca2d	2	3	1,2,-1,-1,2,2,1,1,-2,-2,1,1	bundled-knot-table
braid:ab8f1bf83797eba6936870e065992afa926ce127d4ebbdd046e1c4772c319b4d	2	3	-1,2,-1,-1,-1,-1,-1,-1,2,2,-1,-1	bundled-knot-table
braid:b1628af3d709e87766d64385e839bd62496ef1c1e52d84d28e70226fa57443d1	2	3	1,-2,-2,-2,1,-2,-2,-2,1,1,1,1	bundled-knot-table
braid:bea467457c81f5e358d9f4db2b5c07e3fdc49aa02ea3ce39b448a1bb5590e076	2	3	-1,2,-1,-1,-1,-1,2,2,-1,-1,-1,-1	bundled-knot-table
braid:c1053043f90771ba3aa9a78410cb371f3ff32ef31c9a423694c003fd1b944b99	2	3	-1,2,-1,-1,2,2,-1,2,2,-1,-1,-1	bundled-knot-table
braid:c592912d783bf6bbd88939e0a827c19d9e80312b0fdcd6fcf09b234329acca76	2	3	-1,2,-1,2,2,-1,2,2,-1,-1,-1,-1	bundled-knot-table
braid:c7bc765db74d9262c276f1debd2b1f01c2277db7c036b2be83b50afb41889642	2	3	-1,2,-1,-1,-2,-2,1,1,1,-2,-2,-1	bundled-knot-table
braid:c89fe4972b6efaaa05d7c42393dc8490a9dad5101f8a0d5e92fb856e6fba2364	2	3	1,-2,1,1,1,-2,1,1,1,-2,-2,1	bundled-knot-table
braid:cf0d8625cb960b5a68aa141543d743a5f0dc8e7d17f84434acceaf747e1749d2	2	3	1,-2,-2,-2,1,-2,1,1,1,-2,-2,1	bundled-knot-table
braid:d020d7f0834d1f662a03e4878d22a33b11b61de90ee097542068689423857cc8	2	3	1,-2,1,1,-2,-2,1,-2,1,1,1,1	bundled-knot-table
braid:d2c02a224be49e19ceb347841ff02544bbe6d6f7b06d764ac49ca6333caca2f9	2	3	1,-2,1,-2,1,1,2,2,2,1,1,-2	bundled-knot-table
braid:d3f8a02e491498592a32ad3cbf13d5042197822893b8578f9f79156a4685128d	2	3	-1,2,1,1,2,2,1,1,2,2,-1,-1	bundled-knot-table
braid:dc604f578c871f6b24b2ab60b92de59cb484b8b2e6e26f476d54982cb7246e5f	2	3	-1,2,-1,2,-1,2,2,2,-1,2,-1,-1	bundled-knot-table
braid:e31da0459e6ad61daa6bbd335482f87b1988e76b18314ca2e4da87347b53274a	2	3	-1,2,-1,-1,-1,2,-1,2,-1,2,-1,-1	bundled-knot-table
braid:e405827d23053cb2717e87a4d27f4db335a02c46f1ed22d5f1c5f6c60f6d4c0d	2	3	-1,2,-1,-1,-1,-1,-1,-1,-1,-1,2,2	bundled-knot-table
braid:e405df36d1289b6bdd5873fb5a60af4e95ab774b363a2a2c654299ca8fc04f11	2	3	1,-2,-2,-2,1,-2,-2,1,1,-2,1,1	bundled-knot-table
braid:e753d5078353da0e19930d2c833c75641f95452f5b2cb6ef3d2092d8fcdb43ec	2	3	1,2,2,2,1,1,2,2,1,1,1,1	bundled-knot-table
braid:e8a3fbdcc0fbc0c97e55be8f8817c1f56283cb88beb0bc5ccc9e18560208a375	2	3	-1,2,-1,2,-1,2,2,-1,2,-1,-1,-1	bundled-knot-table
braid:e9e9bba09f2f252a13696ff2bfe1fc2b995205cff228ebea68796c689350ac8a	2	3	1,-2,-2,-2,1,1,-2,-2,1,-2,1,1	bundled-knot-table
braid:ef09a09fbeb5be999affc17bb3fe6389afc9c6cbf9b7bb1776e2a166c122f781	2	3	-1,2,2,2,-1,-1,-1,2,-1,-1,2,-1	bundled-knot-table
braid:f038acadd8633a223a730b4e2d7e616add3b339f0b4b4db8646a3c726097d3a9	2	3	-1,2,-1,2,2,-1,-1,-1,-1,-1,2,2	bundled-knot-table
braid:f0dfdc56d7cbe8aa7dadb61599b4b9a0ec9c1488a3748ae32078a7aaef8b09eb	2	3	-1,2,1,1,2,2,1,1,1,2,2,-1	bundled-knot-table
braid:f9196ee8f849b4b51e5e8d2e3825bd69afe1a92d59efafe323439d0d39084e60	2	3	-1,2,-1,-1,2,2,-1,-1,2,2,-1,-1	bundled-knot-table
braid:fa1747c81d6e3592aa268d2d193c611513a1de1101da02d8104a1381d2629d38	2	3	-1,2,-1,-1,-1,2,-1,2,2,-1,2,-1	bundled-knot-table
braid:fcf7cd0d2c8e883aa34e4b5f8d665fd1948bc8f88c6ef38f29048e71cb22ec7d	2	3	1,-2,-2,-2,-2,-2,1,-2,1,1,1,1	bundled-knot-table
braid:fee61a915382edc19dbf1a5691c887a44bc167ff43d5edcb0dac8b4f55a8cd0f	2	3	-1,2,-1,2,2,-1,-1,-1,2,2,-1,-1	bundled-knot-table
braid:13b70d8e1bf2610ebb58f6d68ad969047d450c5c8f29a87c681af60b22a21db5	2	4	1,-2,-2,3,-2,1,-2,-3,-2	bundled-knot-table
braid:24f8a2dfae350100fad3f8ef7e17b440706d30adc875284e2c5a20cc6ca2b8aa	2	4	1,-2,1,-3,2,-3,-2,-2,3	bundled-knot-table
braid:3d35626c195e360ec7e61d93e74bf5809f15bbd82fc8711fb7e404125a4489ba	2	4	-1,2,-3,2,2,1,2,3,2	bundled-knot-table
braid:63f9678571aaec3e14c4d88b87b746fee024a1798f73c1c8e76c7454b1c55764	2	4	-1,2,-1,-3,2,2,-1,-3,-3	bundled-knot-table
braid:667113796815f9554cd2b1ce50718e57b81db1ce6e837356b190c9d629da20c4	2	4	-1,2,-1,-3,2,-1,-3,2,-3	bundled-knot-table
braid:73dbce14465e3038a1441ac8824cdf0dac7a9c984c790f7db3113bdfdf5b6eb0	2	4	1,-2,3,-2,-2,1,-2,3,-2	bundled-knot-table
braid:a00696418559a76a0b8f50908acaa3c3472620a2b6d7b63158100fa0b4e09e7b	2	4	-1,2,-1,2,-3,2,-1,2,-3	bundled-knot-table
braid:be8f8f4ecdaf8fd995630e81b8b302e7dd616ddc9ad3df058db66fea30a02e10	2	4	-1,2,2,2,-1,-3,-3,2,-3	bundled-knot-table
braid:cb2a2d49b693cfbb32e748a9d0f5d78b7a4f8ee88c7ace49215beb176cd3531b	2	4	-1,2,-1,2,3,2,-1,2,3	bundled-knot-table
braid:cc8ff99d6d480ac5c35bafbffc8d69429d0f754990488856566cce8fe347e5a7	2	4	-1,-2,-2,-2,-1,-3,2,-3,2	bundled-knot-table
braid:0153cc0fde04b98720f724f7f91262da45e4129b169eab84b12c9719e54b0112	2	4	-1,2,-3,2,-1,2,-1,-3,-1,2,-3	bundled-knot-table
braid:031d11b9ff9598bfe33d10604b9abe8ab60257b12f6f941438cc34d9cff4ca0b	2	4	1,-2,1,-3,-2,1,1,1,-2,3,-2	bundled-knot-table
braid:03a6b7dce07417f09914220a7aef380e03bbf3e5a49257ccd58b44cb8e190caa	2	4	-1,2,-3,2,-1,-1,-1,2,-3,2,-3	bundled-knot-table
braid:0ae6b21292d9de653eee95915c0f47cbb9a57fb816bb99697cb00cdd637cd2a2	2	4	-1,2,2,3,3,2,2,2,-1,2,3	bundled-knot-table
braid:0b66a5b56962956ad973dedb6d9f518791d5e09efbd5eb9500f0dba457059d75	2	4	1,-2,1,3,-2,3,-2,-2,1,-2,3	bundled-knot-table
braid:0cc74b881fd6f29b7ce1ed5c83c7a6afc120c1b9bd73222db86835a211d09c72	2	4	1,-2,3,3,-2,-2,-2,3,-2,1,-2	bundled-knot-table
braid:0d5468b95a64baa2d0ed93d18275345be62a88fa2c174a476a49000cb7ac6e0d	2	4	1,2,-3,2,1,1,1,1,2,2,-3	bundled-knot-table
braid:0faa8075b2fc86b17650766274839be3d7c4b92063370aee99ccea650228058d	2	4	-1,-2,-3,-2,-2,1,-2,-2,-2,3,-2	bundled-knot-table
braid:13a44d3768d841cc02ff6ef7554577fa7ee61972bd5ae8b0da8212bed56c7436	2	4	1,-2,1,3,-2,-2,1,-2,-2,3,3	bundled-knot-table
braid:13bb59ee80c07bad3cb287e79fbf51cf764859962bb9fa1110fecb1513d43802	2	4	-1,2,-1,-3,-1,2,-1,-3,-1,-1,-1	bundled-knot-table
braid:14c8034a90ea86535dc50697baa8a6a0bdf1e493e7419f190b22d51cbcd87966	2	4	-1,2,-1,-3,2,-1,-3,-1,2,-3,-3	bundled-knot-table
braid:1611d7bd8a5bad87c50b3ebc447e5a3aa697ec5edd4902a377b89a45b52bc531	2	4	-1,2,-1,-3,2,-1,2,-3,2,-3,2	bundled-knot-table
braid:17d26bfaaa1ccb997f7a408afd13af083d44f6f2da1f7355f21330568484aee6	2	4	1,-2,1,3,2,2,1,3,2,2,3	bundled-knot-table
braid:1b1b2e4de657725809f6839cfbf38a2cbce1bcd3e3e742d7579630e77730d9f0	2	4	-1,2,-1,-3,2,2,-1,2,2,2,-3	bundled-knot-table
braid:1d3f2485116aefb4690e69b4925ecf321525b3bf23710aef93bc77e962f9cad8	2	4	1,-2,1,3,-2,-2,1,3,2,2,3	bundled-knot-table
braid:1d552e2db2c9b67b588b7995fa23eb30345f4c63dcab0b0f0c81235d3e2f77cb	2	4	-1,2,-1,-3,2,-1,-1,2,2,-3,2	bundled-knot-table
braid:1e3cccd410d5b32a71383d8324dd53aac458890c5c70023c1fa55dd248b2cde0	2	4	1,-2,1,3,-2,-2,1,3,-2,-2,3	bundled-knot-table
braid:210c677ec1213338b4f3f22daf898be0b05a024a6d1d83a8b2374b160d19ec38	2	4	-1,2,-1,-3,-1,2,2,-1,-1,2,-3	bundled-knot-table
braid:240b62ea427f4661342ed6d0491d566129018cdd69d4bdf6b029276717c6215f	2	4	1,2,1,1,2,2,3,-2,1,-2,-3	bundled-knot-table
braid:271da4fdb28b32fa720bb0d1d1ce70d6bcd4027acfa2cef72ba1972f35a547d1	2	4	-1,2,-1,-3,2,2,-1,2,-3,2,2	bundled-knot-table
braid:2b2b2d3fb4983f0700f97fca821e630c523565a822f7de7019c03fe9b6a91911	2	4	-1,2,2,2,-1,-3,2,2,-1,2,-3	bundled-knot-table
braid:2d1b41a4682de919a4132fdd883505ed3cd468ee48291fd0dbbbaba71552738d	2	4	1,-2,3,-2,1,-2,-2,1,3,3,-2	bundled-knot-table
braid:2f01518bd7b1f3e89ac7523b2770047ab29c380942f749ad5c59dbbb72848eab	2	4	-1,2,-1,-3,-1,2,2,2,-1,-3,-1	bundled-knot-table
braid:36f6cd7a60fd3f0c0379c27476685e8b3dd651d374a40ecf01297b15e88a50fe	2	4	1,-2,3,3,-2,3,-2,-2,-2,1,-2	bundled-knot-table
braid:371e8c0fbc0c80274457eeff7526bed88991c96449cc022b8675f875966cc165	2	4	1,-2,1,1,-2,-2,3,-2,1,-2,-3	bundled-knot-table
braid:37e9bc976a421fdbcfd5b3ea05580f9989b69d90cfe7682b0184ffbad1dbe294	2	4	1,2,2,3,3,-2,1,-2,-2,-2,3	bundled-knot-table
braid:3a22e1d5404a4d9579257f964d6436ee7c77eb3255dd66575c92613a175db96d	2	4	-1,2,-3,2,-1,2,-1,2,-1,2,-3	bundled-knot-table
braid:3e9f6096e0e53c5fb0fd48a25eacc6bfbe6f616274e3ca1dc8d7415eb9101ca2	2	4	-1,2,-1,-3,2,2,-1,2,-1,-3,-1	bundled-knot-table
braid:4185cf32c096a43822757e900d4f071f7f3ea5fa6af5038a0b17c448eab714cc	2	4	1,-2,1,-2,1,3,-2,-2,1,3,3	bundled-knot-table
braid:4687ae375e30680a671f5d0f53fff4a6efa790edc2f5de85ed429a5fdba5d617	2	4	1,-2,-2,3,3,-2,-2,-2,1,-2,3	bundled-knot-table
braid:4716da80361c9cce7d3d890a2e0ae2557e40a53018383a49b161feddf8452749	2	4	1,-2,-2,3,3,-2,1,-2,-2,-2,3	bundled-knot-table
braid:472a968b2a869c338f355d99acbbc2b197c0dc3ee9f1fd8c3ade1ab60e346a26	2	4	1,-2,3,-2,1,-2,1,3,1,-2,-2	bundled-knot-table
braid:4878cdadf53127f412d5ccc095c482f0a2e745574859b29ab7847fcf9aab427a	2	4	-1,2,-3,2,-1,2,2,-1,-3,2,2	bundled-knot-table
braid:49fadeb1ac13dd506cbba61efa17b07e93d76ea0b76a4021b90de2874d81e1e2	2	4	-1,2,-3,2,1,2,2,-3,2,-3,2	bundled-knot-table
braid:4a88c899929f6a8de778b96eab918ac635f506a8f47ca479d32e6c9b4f8ea09a	2	4	1,-2,3,-2,1,1,-2,3,3,-2,-2	bundled-knot-table
braid:4ca84967fc033c319007af3ff2362a6b79beb3151a1c47896ca541b788523910	2	4	1,-2,1,-2,1,-3,1,-2,1,-2,-3	bundled-knot-table
braid:4dcd383c5254c0b14ebcb2c8f1a97fc515b8bd74c773d3303cd939310ce31cc5	2	4	-1,2,-1,2,-1,3,-2,-2,-1,3,3	bundled-knot-table
braid:5147c9b0a5816a8fe4f07a2ab93e6496e54647ff7e1cdb9d5a80b93d8235bae5	2	4	1,2,-3,2,1,-2,-2,1,-2,-2,-3	bundled-knot-table
braid:56ed8d7b8834a496228c9050698946264f2c09c075c34ddd23dda1941e977186	2	4	-1,2,-3,2,2,-1,2,-3,2,2,2	bundled-knot-table
braid:57cb98e11f0c3d52802606f0362c418970938fa3a822f4e72028bfc57b7b4ca9	2	4	-1,2,-1,-3,2,-1,2,-3,-3,2,-3	bundled-knot-table
braid:5a1ba408689dfaa1467dfc41b7c250cdf1973e869681edd368763c359bb55c9f	2	4	-1,2,-1,-3,2,-1,2,-1,-3,-2,-2	bundled-knot-table
braid:5a52586d8f36f6597b0d7d9358df4c87a2966c99e62b2c1af80d131a44cba04a	2	4	1,-2,-2,3,-2,1,-2,-2,3,3,-2	bundled-knot-table
braid:60758264d63bb7b8c291dbdd3e0985ecfe13de6d3956f7ec9cc50f45b03b59e8	2	4	-1,-2,-2,3,3,2,-1,2,-1,3,-1	bundled-knot-table
braid:6079e539d1a65d58585b9d083f8e69cd425561980d80fb623c034b302d137614	2	4	1,2,-3,-3,-3,2,1,2,-3,2,-3	bundled-knot-table
braid:61f06582b365e934c7175237c7836dbdb920c80a42e214a1c7fbf6a3dc3c91ec	2	4	-1,2,-1,-3,2,-1,2,3,-2,3,2	bundled-knot-table
braid:643cc62b8ec4a7091e50768ad4f9d9669ac8ec630ed2c07ce5f87a11f4c7d16b	2	4	-1,2,3,2,-1,-1,2,2,-1,3,2	bundled-knot-table
braid:6676d6854abf67cee746516fcd17c39e16c4fb91d66b9a7f0ee42f86e79678e2	2	4	1,2,1,-3,-2,-2,1,-2,-2,-2,-3	bundled-knot-table
braid:66f2e807b36617f953e28782a93e155f710d93a4d5fb4d55bbcbebf65ff938d4	2	4	-1,2,2,-3,2,-3,2,-1,2,-3,2	bundled-knot-table
braid:6739a640791cd1e3ba6529b1f1471b41e0daab6f0847c51277b6c58bb67b72a5	2	4	1,-2,1,3,1,2,2,1,3,-2,3	bundled-knot-table
braid:68e3b314d4da4e404e992e878974263b0d76ed06389bd6eabd900eb02babeb97	2	4	1,-2,1,3,1,-2,1,1,-2,3,3	bundled-knot-table
braid:6e8eb306782a9518651c0ccc7da4013f8dc01263ef60caf1a6085fe52ba7b6f0	2	4	-1,2,-1,-3,-1,-1,-1,2,2,2,-3	bundled-knot-table
braid:7018138d75a94c304927db11c51e5874260549fcc565b34f572881e7964ca0bb	2	4	-1,2,-1,2,-1,3,2,2,-1,3,3	bundled-knot-table
braid:715e540ce31702dc6d84d05b74ebe1e3a81beb7697ac864fa9d19b0b0e2584d8	2	4	-1,2,-1,-1,2,3,3,2,-1,2,3	bundled-knot-table
braid:71d9f5b44e91471900843006712d1e668d307d42cbf712732a3fb8080ba1e63e	2	4	-1,2,-1,-3,-1,-1,-1,-1,-1,2,-3	bundled-knot-table
braid:7222b914db470adab3a66d3bfad5df16847ca7173b1a8948dd9ede0f342d2180	2	4	-1,2,3,2,2,-1,2,2,2,-3,2	bundled-knot-table
braid:73e45b6fb9f04611d7fb4ce20f3e3ebcbe9fe35d893a46fd5fdf9e30ae65a9ad	2	4	-1,2,-3,2,-1,2,2,-1,-3,-2,-2	bundled-knot-table
braid:767b1f0517f53b8ff51b19ca70af5dc28c0ab86000bc38569494f189dc41fa60	2	4	-1,2,-1,-3,2,-1,-1,2,-1,2,-3	bundled-knot-table
braid:771682a0f309a2fffe867d859adaada700f55a0849624f63731884f466a1fda1	2	4	-1,2,-1,-3,2,2,2,2,-1,2,-3	bundled-knot-table
braid:78001d9b4443283cea5a5c798998f4779dcaddcb20983760e6334d9ad855b5d0	2	4	-1,-2,3,-2,1,-2,-2,-2,3,-2,3	bundled-knot-table
braid:78d5beb90a0f2059598f4c7c7dca574eba7841ec8fc86aaad489aa3c95ee2ff9	2	4	-1,2,2,3,3,2,-1,2,-1,3,-1	bundled-knot-table
braid:790cb9f201d862d26e6be3e608d8acb0a10d8f7e10969ed69f735fbcbb07a729	2	4	-1,2,-3,2,-1,-1,2,2,2,2,-3	bundled-knot-table
braid:7a0be0d015f63607cd2c20e210fb68b228e2e5250a75654175af6840d35f1f93	2	4	-1,2,3,2,-1,-2,-2,-1,3,3,2	bundled-knot-table
braid:7b0c4efc4f1d5b6009797d9fac65128a778cafca677206d3edaa70bc749a604f	2	4	1,-2,1,-2,3,-2,-2,1,-2,1,3	bundled-knot-table
braid:80a583f4df64f213dd4cb7e89d6c54aa2fc2f3cd6b04a63b91296ceb44dbc6a7	2	4	-1,2,-3,2,-1,-1,2,2,-1,-3,-1	bundled-knot-table
braid:80d85c4aa21467e216eb14d4985f155dedcada4d590306cfb2ad38ae08ec62a6	2	4	-1,2,-3,2,-1,2,-3,2,2,2,-3	bundled-knot-table
braid:823ad4a8cfd2da22094f2b22608bb3f3b9f54323b9dd006075ccb1dca7d935e8	2	4	-1,2,3,3,3,2,-1,2,-3,2,-3	bundled-knot-table
braid:8256a286e9074dfaff168f005a95ef30165dce1af4296647f4810224b7b85dbd	2	4	1,-2,3,-2,1,-2,1,3,2,2,3	bundled-knot-table
braid:83c10ad242e201444720365c74c7b237ce8961314c0590597bd21e8898c97b4d	2	4	1,-2,-2,-2,3,-2,1,-2,3,-2,-2	bundled-knot-table
braid:86055aa21e06fdfd9e5f4f190d1d34c1d6fc720260b432d698a1c6f033967033	2	4	1,-2,1,-2,3,-2,1,-2,1,3,1	bundled-knot-table
braid:8cfc460467e2ebc8c11195b78130f9560b45bc08ce6267a61fed15a0ddd9c775	2	4	-1,2,-1,-1,-1,-1,2,-3,2,-3,2	bundled-knot-table
braid:94cc88d72ac66ccb9fabfe6a4847d0a962e74f1028e43313d4e8c74269dd5c80	2	4	1,-2,3,-2,1,-2,1,3,-2,-2,3	bundled-knot-table
braid:960edbc2054ac6ce53a0e894dfa7b724ea9ca18bdfb0e905c508a7b35d581ce0	2	4	-1,2,-3,2,1,-2,1,2,-1,2,-3	bundled-knot-table
braid:98d83d1bb84eef9f31aea9cfab76686731c3a6f065e659ab7cd4e31e2522790b	2	4	1,-2,1,-3,-2,1,-2,-2,3,-2,-2	bundled-knot-table
braid:9b46fe739ab3d32f3d6b45b923f95b228cda98899446ab0f7afe6c2add869a89	2	4	-1,2,-1,3,2,-1,2,-1,3,3,2	bundled-knot-table
braid:9c46b6c9a701b52bd845297ba48f6b931366d50d37cc2a10ee0a0a4104f1f877	2	4	1,2,-3,2,1,1,1,2,-3,2,-3	bundled-knot-table
braid:afd001c0423e652eee767f7f3baf9d8a4c7fb3898b98023ae91507acaab8a71a	2	4	1,-2,-2,3,3,-2,1,-2,1,3,1	bundled-knot-table
braid:b3427d5936aa7afe36bb5a3e9bb1e0814391551be83904fe4116213c8f6fb4f5	2	4	1,-2,1,3,-2,1,3,-2,-2,-2,3	bundled-knot-table
braid:b8805f76aef767b50a985836b14e2b95a18baf85c6afe5ae5a6bf87f3bc92b9b	2	4	-1,2,2,2,-1,-3,2,-1,2,-1,-3	bundled-knot-table
braid:b95a63d07de6f81d58f0153a4997f1029b47bb5e1ae6a5f7204d4a9611f7bce8	2	4	1,2,2,3,3,-2,1,-2,1,3,1	bundled-knot-table
braid:b9d6b5cd84aadefb9a7f1fb39c828b79d6d512215a12420bb4ab45ed61c06143	2	4	1,-2,1,-2,1,3,1,-2,1,-2,3	bundled-knot-table
braid:bad827caaf950cd7d6f6fc558df4a5c4a304ee95192c06018be562cba7ffb223	2	4	-1,2,3,2,-1,2,2,-1,3,3,2	bundled-knot-table
braid:bcdad9d82fb9a6da255cc95161b934fc60c4c1600b815d0c5820f09f79ab1036	2	4	-1,-2,-2,3,3,-2,-1,2,2,2,3	bundled-knot-table
braid:bebd5473c87f2d4ec07e2414b34a79a7820ccace84dd432f7762cc3afbe378ee	2	4	-1,2,1,1,2,3,3,2,-1,2,3	bundled-knot-table
braid:c0afb180ebba460f05656d00ba0a2baa75b4d8dae2da6e252756fec3c22bfc47	2	4	1,-2,3,3,-2,3,-2,1,-2,-2,-2	bundled-knot-table
braid:c0ec7c6a16dfb1fb8ec43c41eb9f201955ee7263a5703e7405badeb855664711	2	4	-1,2,-1,3,2,-1,-2,3,-2,3,-2	bundled-knot-table
braid:c59dd9dcac1d6fee2f79dca3dfb790a4ec183e1d2885c9828793412c68e9245a	2	4	1,-2,-1,-1,-2,3,3,-2,1,-2,3	bundled-knot-table
braid:c6babb0503ebd821f3b88c192480080388ee5b3fa54fc1a3405f737539e5b7fe	2	4	-1,-2,3,-2,1,-2,-2,3,-2,3,3	bundled-knot-table
braid:c80055bfaf867a57d6b186e5ba5d13a5de89d005a7cb04789f49dc962e16a7c1	2	4	-1,2,3,2,-1,2,-1,2,3,3,2	bundled-knot-table
braid:cbac6c2c6ae52e5e429af78f976297ee8be199e2d50e6eef90c39d8a5b7f286a	2	4	-1,2,-3,2,-1,-1,-2,-2,-1,-3,-1	bundled-knot-table
braid:cc421f5d4c06bbfddd8d8e5dcfaf2163ca2b67cf05ecf4c7a5aad71eb5f7fd7a	2	4	-1,2,-1,2,2,-1,2,-3,2,-3,2	bundled-knot-table
braid:cf087b58bdf6c8cb37477aa5dd5d9d8b9d4a0bc722db390e48a9e1570a3a6112	2	4	-1,2,-3,2,-1,2,-3,-2,-2,-2,-3	bundled-knot-table
braid:d673cd280a15b44163840922c365832e47ac87bd2560703e7909827caeee8ec9	2	4	1,-2,1,3,-2,1,-2,1,-2,3,3	bundled-knot-table
braid:da9ef56737b10232fe30c5efde7da4fc2c8e7cc6ab2075582084b228b11785a1	2	4	1,-2,3,-2,1,-2,1,-2,1,3,3	bundled-knot-table
braid:db078bfb8383b3f1ba5d4a3c20d264b143739290cfc70a7eb624dced203fb484	2	4	1,-2,3,-2,-2,1,3,-2,1,3,1	bundled-knot-table
braid:dceaca0c273d440594e780f9d3059fda4fbd135dc88fd8917687e378c230e422	2	4	-1,-2,-3,-2,1,-2,-2,-2,-2,3,-2	bundled-knot-table
braid:dd3cf07ebe49a0fb19dce1c39e9390f30dcb3f74c9e3396f0655597b408ef90d	2	4	1,-2,1,-2,-2,1,3,2,2,3,3	bundled-knot-table
braid:dee78258c543bd89d136ecb3ec650f2928b791a7a332aefd81ee528d2845212d	2	4	1,2,-3,2,1,1,2,2,1,-3,1	bundled-knot-table
braid:df42c253547b86c863431d0910734f8038625a1a95d868d44eb5a815d938a676	2	4	1,2,-3,2,1,-2,1,-2,1,-2,-3	bundled-knot-table
braid:df5572037d9ed9db602dbf0a7b9d0162625af1a7cd0b78b0e9102c8da4129bc7	2	4	-1,2,-3,-3,-3,2,-1,2,-3,2,-3	bundled-knot-table
braid:dfb61aa505b6773086d1bbb49922be355724d4db22e257697a0f7bd7e6d88caf	2	4	-1,-2,3,-2,1,-2,3,-2,3,3,-2	bundled-knot-table
braid:dfd50ec91f61f856c04b55622c94ba18a8f5a2d358fdd594db5e09fbde43f99b	2	4	1,2,1,-3,-2,1,1,-2,1,-2,-3	bundled-knot-table
braid:e0bbad171170f647c1dae15a807e2637d8c6c59351636fc78d08d5d8d24e4b73	2	4	-1,2,2,2,-3,-2,-2,1,2,-3,2	bundled-knot-table
braid:e19972339e30da558a36db869ed7d845792eaa3aa10536b8c4bda38316b9c8d6	2	4	-1,2,1,-3,1,1,2,2,-1,2,-3	bundled-knot-table
braid:e4eeb3ec15d4b73f4691995f7314d609124ceed9d284d4ea68db5c3172818a2f	2	4	-1,2,-3,2,-1,-1,-1,-1,-2,-2,-3	bundled-knot-table
braid:e80e6de5d5ad72c23517b8acb31965df764952e4eb02a4f341f90f0f5e4d5374	2	4	-1,2,-3,2,-1,2,-1,3,-1,-1,2	bundled-knot-table
braid:f196fce3840a66ac2ee89ce0abea260efaf1b6e95254ea072c99015ce32b1463	2	4	-1,2,-3,2,-1,-1,-1,-1,2,2,-3	bundled-knot-table
braid:f22a45d5e7827ea9bab93c2311ff0da5948cffcd41fd6889bc0f253f4fc9ec7c	2	4	-1,2,-1,3,2,-1,2,-1,3,2,2	bundled-knot-table
braid:f34efd6f2aaad18fb8c03749ce3e4f4d7fb00c22d7af38cd0aa9ba0b1782646c	2	4	-1,2,-3,2,1,2,2,2,2,-3,2	bundled-knot-table
braid:f36fe73756e3cc26390e2fc9c259314683bcf7d14478ab56f61145fe23250f63	2	4	-1,2,-3,2,-1,-1,-2,-2,-2,-2,-3	bundled-knot-table
braid:f39fe897396fbaf35367de8b09cb4fc005b3c98d448855c7e15abc24df3de54b	2	4	1,2,2,2,1,-3,-2,1,-2,1,-3	bundled-knot-table
braid:f3bd187cb4663b43908259b99c3af58daa7f26ef347bc4659430fe804f2e4aa2	2	4	1,2,-3,2,1,1,2,2,2,2,-3	bundled-knot-table
braid:f50df923e5ec69165caeffc578f41dd5e9d721f3d2d85e0fe4bda6202d78a7aa	2	4	-1,2,-1,-3,2,-1,2,-1,-3,2,2	bundled-knot-table
braid:f6182340949ae3f86c1c110e8b8981cf07989673f732a9e72341b05a3f8fefa6	2	4	1,-2,3,3,-2,3,-2,1,-2,1,1	bundled-knot-table
braid:f826910cd96ba71c780ffc4e326c77028d95714f5d7f0a34d71f6c0c09c04417	2	4	-1,2,-1,-3,-1,2,-1,-1,2,2,-3	bundled-knot-table
braid:f8370fc1c48f855ce6f853c5cb246998ed9eb69485f58348b321e25bc2a57426	2	4	1,2,-3,2,1,2,-3,2,2,2,-3	bundled-knot-table
braid:fa3b56c5d96b317d406908cabcd9a947910a85d812a5337a2c104102d2edb8d8	2	4	-1,2,-3,2,-1,2,2,-1,2,2,-3	bundled-knot-table
braid:fbcb5b6c67403236ae01a336bdaa0524915d2982616d14fa3213834a5436baeb	2	4	1,-2,-2,3,-2,1,3,-2,3,-2,-2	bundled-knot-table
braid:fe4dcdfe77c358c4da1b021392e482febf58400573e36704ffceb22ee41e6a6b	2	4	1,2,-3,2,1,1,1,1,-2,-2,-3	bundled-knot-table
braid:fee8d88e5d61f82cd2e6ef3ca8cb226e30dadab745531792c7cb1032706b63bc	2	4	-1,2,-1,-3,-1,-1,2,2,-1,2,-3	bundled-knot-table
braid:00088b3dec096eb45109e378f74ec58da46707fc8f8954079f7cfa19970031e9	2	4	-1,-2,3,-2,1,-2,3,-2,3,3,3,-2,-2	bundled-knot-table
braid:04e85e856608f954631234dd5c8c83c7ec3c7782db133c7cb1c1dde3b544933b	2	4	-1,-2,-2,-2,-2,-2,-3,-2,-2,1,-2,3,-2	bundled-knot-table
braid:0ce500b0811bc9b197744b8f76ed1ef598b72e800fd52bf51a17430a6152e57f	2	4	-1,2,3,3,3,2,2,1,-2,-2,3,-2,3	bundled-knot-table
braid:1374b8c29706df59ca49f361cea3facb9e065f5a413dcf512536d19e433ff12b	2	4	-1,2,2,-3,-3,2,1,2,2,2,-3,2,2	bundled-knot-table
braid:14bac1c23831a0a759a8532a22744f8cd2af37b5bdf91c5d67d1474c58ed4d88	2	4	-1,-2,3,3,3,-2,1,-2,3,3,-2,3,-2	bundled-knot-table
braid:17829b4ddfb8c9b499f0fc4e25ad24f30623e2ad57471f9f739d4862789ef79d	2	4	-1,-2,-3,-2,-2,-2,1,-2,-2,-2,-2,3,-2	bundled-knot-table
braid:192aa47132bd86226ed380ecb8da3b2e95de7f0364cc631911e7827bd71a0eae	2	4	-1,-2,3,-2,1,-2,3,-2,-3,-3,-3,-2,-2	bundled-knot-table
braid:22ab39c067210e9b7837c9755ce70486838ed84e033bc4ea8e49c44a9ef832ce	2	4	-1,2,-3,2,2,1,2,2,-3,2,-3,-3,-3	bundled-knot-table
braid:27dc54bd6cbff2e44cd171d3baf0e0a1eda239e386771dd7fece4ff0cde37e29	2	4	-1,2,-3,2,2,1,2,-3,2,2,2,2,2	bundled-knot-table
braid:2919013d70a0bc46c2cb32cc9cdd7f542013a0912786415803061ceb3a3aad04	2	4	-1,-2,3,-2,1,2,-3,2,-3,2,-3,-3,2	bundled-knot-table
braid:30984124cd65553669c13d88c1d5a59c1c7c4130bfd572538550e92fb256788a	2	4	-1,2,2,-3,-3,2,1,-2,3,-2,3,3,-2	bundled-knot-table
braid:30e7c3b2af442d91cda07a6de8e6edea3e12f940a945c64e379f0a31bc1a81ce	2	4	-1,2,-3,-3,-3,2,2,1,-2,-2,3,-2,3	bundled-knot-table
braid:330ca6569ba2d880769543338bd2f613828cbb315d9fb2309fffdc78376ae8d2	2	4	-1,-2,3,-2,1,-2,-2,3,-2,3,-2,-2,3	bundled-knot-table
braid:52199084ef735a83265a245c6a89adc52c8324fc9e2e06797974064b84534e2a	2	4	-1,2,2,2,-3,2,2,1,2,-3,2,2,2	bundled-knot-table
braid:5415ae3ea009e52083d10c7c0838b04f90b75d97febfd964e6eefc2e44384dea	2	4	-1,2,-3,-3,-3,2,2,1,2,-3,2,2,2	bundled-knot-table
braid:544e10162e92ceabdba01c1a2afd347b410509f961d6378f6f3ead6892afbfce	2	4	-1,2,2,3,3,2,1,2,-3,-3,2,2,-3	bundled-knot-table
braid:5848415a97c6ccbe98cca475fab5bb4acd3c04803740f37b3b50a98445831cd6	2	4	-1,2,2,3,3,2,1,3,-2,-2,3,-2,3	bundled-knot-table
braid:58dac476ecd89a66fe18aeddf829651bfd12b88e260494f12903170d2d3b471e	2	4	-1,2,3,3,3,2,2,1,-2,3,3,3,-2	bundled-knot-table
braid:5ad9e23285fbe683c488329b5711ffd90e7e9da1bc3793a364d4b1f99994cad8	2	4	-1,2,-3,2,2,1,2,2,2,2,-3,2,-3	bundled-knot-table
braid:5b0e1ebd389df6ddf7aa91f772315e23750d5ed19fe42bf9303bf0418fffa261	2	4	-1,-2,3,-2,1,-2,3,-2,-2,-2,3,-2,-2	bundled-knot-table
braid:5e45577f2fd87560606cf501a42593880a21fb344028241ae998e8f98f3a1717	2	4	-1,-2,3,-2,1,-2,3,-2,3,-2,-2,-2,-2	bundled-knot-table
braid:5f2736a315a2cb8100df5d61ec1c3e8589213a4bfed5e89b19376ad54c36aa02	2	4	-1,-2,3,-2,1,3,-2,-2,3,-2,3,-2,3	bundled-knot-table
braid:695aee98bbb0d6414eaf028dc05125c879b36a08514c5d93014b2e5e1acb8826	2	4	-1,2,-3,2,1,2,3,2,2,2,2,2,2	bundled-knot-table
braid:6ae32036722ce4a658906f8119851f84a763db17e8502d12dcbd59e8efb45676	2	4	-1,-2,3,-2,1,-2,3,3,3,3,3,-2,3	bundled-knot-table
braid:6c41ae2bd39b0cd9fa8a827175cd521b47329ac76bf904c68fef96ee094710a2	2	4	-1,-2,3,-2,1,-2,-2,-2,3,-2,3,3,3	bundled-knot-table
braid:6ee5612cee9d11c54e9cb4ea30f74d10a2718493bbb0eedbfbe4fafa9a03ef2d	2	4	-1,-2,3,-2,1,-2,-2,-2,-2,-2,3,-2,3	bundled-knot-table
braid:79aa40af5e9215c5f594489ecaa6d87447d0f0f070ea38b25ef9dcb3cf3a1c35	2	4	-1,-2,3,-2,1,-2,-2,3,3,-2,3,-2,3	bundled-knot-table
braid:816efa0b2a1c3518f65c2b25409ffaf4e0340a03942aaf81abe6a8eb94ce650c	2	4	-1,2,-3,-3,-3,2,2,1,2,2,-3,2,-3	bundled-knot-table
braid:822a4843ce9b05ff08623fa0700b435e83a1b0cb3eb63954c197899db879a707	2	4	-1,2,2,-3,-3,2,1,-2,3,3,-2,-2,3	bundled-knot-table
braid:84905c44a7a3131144c9478338ad997be0a3e29b76458aa2ac2b962ca2ed4f9e	2	4	-1,-2,3,-2,1,-2,-2,-2,3,-2,3,-2,-2	bundled-knot-table
braid:888b700623874d55dc500f570f42747c354299590716d5260ccbbd6fa1ca16c5	2	4	-1,2,2,-3,-3,2,1,-2,-3,-3,-3,-2,-2	bundled-knot-table
braid:95b1823ce4f7916a74ff944ace5d220491e30a805c59b164664c6b787474b276	2	4	-1,2,2,-3,-3,2,1,2,-3,-3,-3,2,2	bundled-knot-table
braid:98086631a827c5aa57af6a80b2a76d55d808d2857ba067fbe954db1b9eb0c257	2	4	-1,2,-3,-3,-3,2,2,1,2,-3,-3,-3,2	bundled-knot-table
braid:9be434575ed20f606a7a0a917fc2713f5e6f2f1b7fcfa3d2fc43e49399b261ab	2	4	-1,2,-3,2,2,1,2,2,-3,2,-3,2,2	bundled-knot-table
braid:9eae9d6ba99c14aa11c4020a512ff7820c5d445a70fc69f70eb249ecfd9f871a	2	4	-1,-2,3,-2,1,2,-3,-3,-3,2,-3,2,2	bundled-knot-table
braid:a0f713f84e013bddf668d3c6a5120dc33b3757b8eab6164657064292707a8e43	2	4	-1,2,2,3,3,2,1,2,3,3,3,2,2	bundled-knot-table
braid:a7bf4bda89aa353e8719964cc5d392e2e777217995edd5874f3fd3b4591936ba	2	4	-1,-2,3,-2,1,-2,-2,-2,3,-2,-2,-2,3	bundled-knot-table
braid:ad2af5508e8f9e919ca1d58904fb98a6e9bd665d0d20b8e1022c7ba112c562d2	2	4	-1,2,2,-3,-3,-3,-3,2,1,2,-3,2,2	bundled-knot-table
braid:b99cc6a0a71d321c8d32fd204ce6303d20ce114cc2a0bdad8036c619e7acaf22	2	4	-1,-2,3,-2,-2,-2,1,-2,-2,-2,3,-2,3	bundled-knot-table
braid:bd43bafe4160cb5cdf69dd74fda256af918086023505915a05326e86fb57cd8d	2	4	-1,2,-3,-3,-3,-3,-3,2,2,1,2,-3,2	bundled-knot-table
braid:c257a38f0c380a1e065c90faaf7cb341243855c90f29e8afecd0d8b00272fbfb	2	4	-1,2,2,3,3,2,1,-2,3,-2,3,3,-2	bundled-knot-table
braid:c47fe6a7274e45deb5edc07e2307651cf3106a4f20343a07c2344a5af9828a0e	2	4	-1,2,2,-3,-3,2,1,2,-3,2,-3,-3,2	bundled-knot-table
braid:c5daf6506e41967bea5669464cb41e60d9ee2535168e08b949ba180480fe43bb	2	4	-1,2,-3,2,2,1,2,-3,2,2,-3,-3,2	bundled-knot-table
braid:c624e7b13c3d0c2465118020adc2d1b058b82d6218b8babdb3ffd0fab86a1579	2	4	-1,-2,3,-2,1,2,-3,-3,-3,-3,-3,2,3	bundled-knot-table
braid:c9abbcd93009529b4d298ac6fa56840f898338da91e7646de4490e3ed5bd49b3	2	4	-1,2,-3,2,2,1,2,2,2,-3,2,2,2	bundled-knot-table
braid:cb81b568bcc1eba4ad2baebca087f41240ab49e05a3d6d1f90ffc653e836b7e1	2	4	-1,-2,3,3,3,-2,1,-2,3,3,3,-2,3	bundled-knot-table
braid:cc51b5a46de9414df255a2294a059f37fb2d4d9df8712f8cb0e68d94f7480d48	2	4	-1,2,2,3,3,2,1,2,2,-3,2,-3,2	bundled-knot-table
braid:cd352c50ca4e7cd58428ad510cf834400e6532105c78e8213b11c2eb9b568eea	2	4	-1,2,-3,2,2,1,2,2,3,-2,3,2,2	bundled-knot-table
braid:cda45bfae451096a268f6b1aa33ffab66f222037999be2fb02b9fa694c78666b	2	4	-1,-2,3,3,3,-2,1,2,-3,2,-3,2,2	bundled-knot-table
braid:ce0cc3fd434440f20c1c8e8939010a42d2aa506fce7e539a593c63c294e37957	2	4	-1,2,-3,2,2,1,2,2,-3,2,2,2,-3	bundled-knot-table
braid:d4d4ee02aecd33d4177a083f7de52e72908ab86b498b28197065618f3d3a547f	2	4	-1,-2,3,-2,1,-2,-2,3,-2,3,3,-2,-2	bundled-knot-table
braid:d4fd43f724640080b8e775c6f9a5e87ae0b39a1ea1ca5bb1fcb655acd7acd574	2	4	-1,2,3,3,3,2,2,1,2,2,-3,2,-3	bundled-knot-table
braid:d65f113df4a791121fba5278d07bce406ef7d95f4fbb03060bf358f6723804b4	2	4	-1,2,3,2,2,2,1,2,2,-3,2,2,2	bundled-knot-table
braid:d6f7f1734dba10b1323272f07db3c23d5fea45ab971081863b8e5d4a4378b129	2	4	-1,-2,3,-2,1,-2,-2,-2,3,3,3,-2,3	bundled-knot-table
braid:d9c472e343722e39c7e389be0c54a9e5b28794a070a19f4587637815bc73c5f2	2	4	-1,-2,3,-2,1,-2,3,-2,3,3,3,3,3	bundled-knot-table
braid:db298ed72737a6a489e98b187fe856d945a80fa6fac17573c9902734ffd0383d	2	4	-1,-2,3,-2,1,-2,3,3,3,-2,3,3,3	bundled-knot-table
braid:dc2f1d48c0f5239412cd24d59de7bcdaa664109db1befaae21df568c79d7599c	2	4	-1,2,2,-3,-3,2,1,-3,2,2,-3,2,-3	bundled-knot-table
braid:df8cfcfb957be0f3ae3c88ab6eb302bd8e48af83a36d957845fa59e4ced8b856	2	4	-1,-2,3,-2,1,-2,3,-2,3,-2,3,3,-2	bundled-knot-table
braid:e2cfb3c8956739b60dc2073dc72a22c91d04e5536055d63d32b07a547d8aef66	2	4	-1,2,2,-3,-3,2,1,-2,-2,3,-2,3,-2	bundled-knot-table
braid:e712f604fbc43cf3f7042cec0a0a69052e09b55f2b44bc047b4cf69bc73ca64c	2	4	-1,2,-3,2,2,1,2,-3,2,-3,-3,2,2	bundled-knot-table
braid:e8b050e4937632549ac59127443a3b5fe637038efe11c6c50682b79d7b8a591e	2	4	-1,2,2,3,3,2,1,-2,-2,3,-2,3,-2	bundled-knot-table
braid:e9290ab906620f584c13a319023a54b7c78953cc0f744adfbd242d0f6146888e	2	4	-1,2,-3,2,2,1,2,-3,-3,2,-3,2,-3	bundled-knot-table
braid:e9b20fe60b872849d231acda62ee7edf54e37a2c2ac29ec56f2b6e23cdf96253	2	4	-1,-2,3,-2,1,-2,3,3,-2,-2,3,-2,3	bundled-knot-table
braid:ec63060e8357f456fc2f278653269b7c4e42a876d4f50804fcd829fc3a47fb6b	2	4	-1,-2,3,-2,1,-2,-3,-3,-2,-2,3,-2,3	bundled-knot-table
braid:f38eceb821d12b29c1b0d474c627cb30b6b17ad8aaa25b707ecbb6f2f6f34a3b	2	4	-1,-2,3,-2,1,-2,3,3,3,-2,3,-2,-2	bundled-knot-table
braid:f9515980118a88f75cebe20d2b0974ac2a36a0ccfeef4775426b23c365535c2d	2	4	-1,2,2,3,3,2,1,-2,3,3,3,-2,-2	bundled-knot-table
braid:faef22ced88608d94ba16fb8893031eec73af8b227e5afd96bd413cc983cbb72	2	4	-1,-2,3,-2,1,2,2,2,3,-2,3,-2,-2	bundled-knot-table
braid:fb25f00984003c5f51aaa7ddbde7e99e86449c7668f798244a53111e58adc178	2	4	-1,-2,3,3,3,-2,1,-2,3,-2,3,-2,-2	bundled-knot-table
braid:0081e74dc53517012ed66070d611393f33ca53c5a2ee442ff76119045e4e5915	2	4	-1,2,-3,2,2,2,2,2,2,2,1,2,3,2,2	bundled-knot-table
braid:2dbbc43196a8885af5d5e8d914f5cf64c82b1b894f13dada1e8a819377afe6b8	2	4	-1,2,2,2,3,2,1,2,2,2,2,-3,2,2,2	bundled-knot-table
braid:4bc95fda307d498f6f1521e21d7ce72bd0f4b0eb9b18bdcc11abe458f01790bc	2	4	-1,2,2,2,2,2,3,2,1,2,2,-3,2,2,2	bundled-knot-table
braid:58a80be0c3d3509cc696755dfc62f8110d668ff8a74c570fd5ff666d8cc26fab	2	4	-1,2,2,2,3,2,2,2,1,2,2,-3,2,2,2	bundled-knot-table
braid:bc35df6af639e8ae563de6625cee9e9c61905eb625076e9194421778afcbd97d	2	4	-1,2,-3,2,2,2,2,2,1,2,3,2,2,2,2	bundled-knot-table
braid:cb8114f4d96c97e7c70201086f5e72bcbc034c82c259c11f35163d2231d91c71	2	4	-1,2,-3,2,2,2,1,2,3,2,2,2,2,2,2	bundled-knot-table
braid:f73240340b4415dd6feef795d17e4b5f54b8cba8a12da980ccf7adf9e078382a	2	4	-1,2,-3,2,1,2,3,2,2,2,2,2,2,2,2	bundled-knot-table
braid:02639eb00b32c0c909afbcc9def4bc325265a56ea62a65a047522da5b85d5ff2	2	5	-1,2,-1,-3,-1,4,2,-3,-3,4,4,-3	bundled-knot-table
braid:07b5e74f65076f669e2b17cfae262dfd4a31dc6d3ec01efda43f5aa511b047af	2	5	-1,2,-3,2,-1,-3,2,4,-3,2,-3,4	bundled-knot-table
braid:09c974bfa908c9077d7d3cc057e094df468783b3b70510c83d09f2d3554214ab	2	5	-1,2,-1,-3,2,-4,-1,-3,2,-4,-3,-4	bundled-knot-table
braid:15b07de5d8efab90350e4d74f0b94fa65ed9febdd6dfe2a4129f0832e591bd60	2	5	-1,2,-1,-3,2,4,-1,-3,2,4,-3,4	bundled-knot-table
braid:1e0b8f2c7f1ddf0fed1d9e63d361174916dab0850ac56de8458ab43411cdc32c	2	5	1,-2,1,3,1,-4,-2,1,1,-2,3,-4	bundled-knot-table
braid:1e6e5314eb8a14c10745ed7bacaabb61c023e2ae5211d4908374eaf1856218be	2	5	-1,2,3,3,2,-4,3,-4,3,2,-1,2	bundled-knot-table
braid:1f5de396d0f52225620bec4462e0f959e8633ba7d5ccf2f9c1bc8f09216bcb16	2	5	-1,-2,3,-2,-4,1,-2,-2,3,-4,3,-2	bundled-knot-table
braid:20c4f1fd48e0ac8e6258cdb9d8010f44c015335259d0eecc2a7ab0aee1c45e87	2	5	1,-2,3,3,-2,3,-2,-4,1,-2,3,-4	bundled-knot-table
braid:29b6c35f0db0e39a8d67fe4b76a812e98c7e2dc5efbd7e823f2b1fd12ffc3690	2	5	1,-2,-2,3,-2,-4,1,-2,3,-2,-4,-2	bundled-knot-table
braid:2e3745c1f70b62674f3e82db88b1f0e67065bac5c0e8eba8700379e6913c9857	2	5	-1,2,2,-3,-3,2,-4,-1,2,3,-4,3	bundled-knot-table
braid:31d84e351b0906153e0a326dbcee6996e67e3b7b5578588e236c2926d05c5c90	2	5	1,-2,-2,3,-2,-4,-2,-2,1,-2,3,-4	bundled-knot-table
braid:332d3f566468a92cefaac6df498fc81841437db881317780ea38cffb96c68b9a	2	5	1,-2,3,-2,-4,1,-2,1,-2,3,-2,-4	bundled-knot-table
braid:3335e0cbf14118131037fc2760dbb1823a115963b753f54782773271c8e19867	2	5	1,-2,1,-2,-2,1,3,-2,-4,-2,3,-4	bundled-knot-table
braid:35e06947e27c5a98a46b90724ba435f106f785852acb3d5a2c8a885ff561f7a5	2	5	-1,-2,3,-2,-4,3,2,-4,-1,2,3,3	bundled-knot-table
braid:380f94c120ddb6d6668aef2ea5b27c8bc3ff5d4d8a35d74f14c78f87bb81fd08	2	5	1,-2,3,-2,-4,3,-2,-4,1,-2,3,3	bundled-knot-table
braid:41a7eb3cbee4497e58fa09ba040c084457b5247f8f434ef5041c405c3400cf20	2	5	1,-2,3,-2,-4,1,2,2,1,3,-2,-4	bundled-knot-table
braid:41f735ff278db18d7401c8077b76140b3198420da445df98e370cef3606e81a3	2	5	1,-2,-2,3,-2,-4,1,-2,-2,-2,3,-4	bundled-knot-table
braid:460561f6d18e8ad3a5c74963da056c0cbeda21c16d2eb44ef1800a00a5b02f88	2	5	-1,2,-3,2,1,2,-3,4,-3,2,-3,-4	bundled-knot-table
braid:4b415d221acf4d44a7b2931c57e19f926e8379ac0296d492d88d0fc2fa12b451	2	5	1,-2,1,3,-2,-4,1,-2,1,3,-2,-4	bundled-knot-table
braid:50d81fb3bbadf17285ef3e8610d825ce39d4007249a114acc1c7b8593bd7a82d	2	5	1,-2,1,-2,1,3,-2,-4,-2,1,3,-4	bundled-knot-table
braid:52e51e5a02449fa2ac1eedbd34f855224ee38bd6ff2ff7a9bd62e93d98e8319c	2	5	-1,2,2,3,3,2,-4,-1,2,3,-4,3	bundled-knot-table
braid:5437cb6759fad4477414acb86974e2b9ce97932720c9e8c7362b4464473a9ed1	2	5	1,-2,-2,3,3,-2,-4,1,-2,3,-4,3	bundled-knot-table
braid:5b2c66e1c8bacce93a9ef4c0830e1f50659da961200db858818c845c62f64120	2	5	1,-2,3,-2,-4,3,-2,-4,1,-2,-2,-2	bundled-knot-table
braid:5c6f00de6baba985619aac8338d7141fe2c50e7e2ad67bd73d796ac5ca8a228d	2	5	1,-2,3,-4,3,-4,3,-2,3,-2,1,-2	bundled-knot-table
braid:5c8cb6805495383b5f19906309a99456631bde87c5af1e8181de84d90c410e7e	2	5	1,-2,1,3,-2,-4,-2,1,-2,-2,3,-4	bundled-knot-table
braid:5e463dfab13caa4ec4c060059626ccf59f78bf73c9a25d750e335aa7e6c071ef	2	5	1,-2,3,-2,-4,3,-2,-4,1,-2,1,1	bundled-knot-table
braid:5ecd0a4a43f4264540ae884888286c76170738963c2ea2bf731866353bd1309d	2	5	1,-2,1,3,1,4,-2,3,3,4,4,3	bundled-knot-table
braid:620e82669c4e025e3c83e3c2726ea395b625ae8221f4ed2f1fbace87f4b5ffee	2	5	1,-2,-1,-1,-2,3,-2,-4,1,-2,3,-4	bundled-knot-table
braid:622d1901dd6f145878fea2cd7831069a0d2a08b11c3d12a2debda875ae07adb5	2	5	-1,2,-3,2,1,2,-3,4,-3,2,-3,4	bundled-knot-table
braid:65ea5bb91d473f5fb3af9961483597496ad592822b5d7880c187e5bb3db47284	2	5	1,-2,3,-2,-4,1,-2,1,-2,1,3,-4	bundled-knot-table
braid:675bcf4a862cc623fb54ecefbf7c2f0d23171e71261db9f245e462c98e962471	2	5	-1,2,-1,2,-1,3,-2,-4,-2,-1,3,-4	bundled-knot-table
braid:6951e7e6fb28093304c77097708e7a155cbf1551733d9be542efb4633be97a17	2	5	1,-2,1,3,1,4,-2,-3,-3,4,4,3	bundled-knot-table
braid:6d4bddd5f8073099e13be4a9af780586fec4e541c968022261ae89df36e6188c	2	5	1,-2,-2,-2,1,3,-2,-4,-2,-2,3,-4	bundled-knot-table
braid:71dc99656591d25e0e628804e9903d1004fde6c53ac38ede15a78c7d3f7aeb81	2	5	-1,-2,3,-2,-4,1,-2,3,-2,-4,3,-4	bundled-knot-table
braid:725a1ca8eea2611830f6750ad5895b8883546e12facf9c5af42eccca0d3f208b	2	5	-1,2,-3,-3,2,-3,2,-4,-1,2,3,-4	bundled-knot-table
braid:751154390fa03ab2f11573c7768acc0898384d190ecbc8638889936b3217cec0	2	5	1,-2,-1,3,2,-1,-2,3,-2,-4,3,-4	bundled-knot-table
braid:7791ecf34e002fb1b8328e9acf5d59050e31f4c37fb4d3d3eda42e2fac2af4ca	2	5	1,-2,-2,3,-2,-4,1,-2,1,3,1,-4	bundled-knot-table
braid:7864de22ccc02cb18c91b58e0c958c7c057bc0a1f28b967260b7c4fa99611a19	2	5	1,-2,1,3,1,-2,1,3,-2,-4,3,-4	bundled-knot-table
braid:7a9964c564abe56db264ec59ec032b00f50fe1dfc3982d5a4319d8e39eb56ef7	2	5	1,-2,1,1,-2,3,-2,-4,1,-2,3,-4	bundled-knot-table
braid:7d7440f5f1b9f7439931b3d67d7c1ba51eed2913f97620a6825fec7ab7edd4b8	2	5	1,-2,-2,3,-2,-4,1,-2,-2,3,-2,-4	bundled-knot-table
braid:8015e27e76688235eb7aef856c5d82b98c7784ace53c1e00614b9156e4f412ef	2	5	1,-2,3,-2,1,-2,-2,3,-2,-4,3,-4	bundled-knot-table
braid:80dfaab4f3b5631074fb13b438703a2f47a6787eada84d73745a8d51d3e8faf4	2	5	-1,2,-3,2,4,-1,-3,2,4,-3,2,4	bundled-knot-table
braid:8177ed1ccc52dec832ab25193ee42caf03bf4e92f8cb222c26982d6e03d1dca2	2	5	-1,2,-3,4,-3,2,-1,-3,2,4,-3,2	bundled-knot-table
braid:8ed49f8337c83eba16384a47ac988b08839e7226fa38de9e033892095c4718a1	2	5	-1,2,-3,2,-4,-1,-3,2,-4,-3,2,-4	bundled-knot-table
braid:92c6dcc1516b0a403039b31f8964ae4415f40ed4b78a9060d1eb338e4a6d5d91	2	5	-1,2,-1,-3,-1,2,-1,-3,2,-4,3,-4	bundled-knot-table
braid:936000b616c95d24683ca4f57d8dd958d86e3549ad757d9c06200269ffcad8c1	2	5	-1,2,-3,-3,2,-4,3,-4,3,2,-1,2	bundled-knot-table
braid:a16168b2ddef925ba45710c6bf6dde24990ca51b5e38c6566e2342944290d87e	2	5	-1,2,-1,-1,2,3,2,-4,-1,2,3,-4	bundled-knot-table
braid:a6ef0be7f29c8b4de69b07e519f5bbdffa8439ef4f3d9647cc2d72997a62876b	2	5	-1,2,-1,-3,2,-1,2,-3,2,-4,3,-4	bundled-knot-table
braid:a83cdf16974633b38cb4ffff140a6ffdc43385d20756ce16765dd4bff151d641	2	5	1,-2,3,-2,-4,-2,-2,3,-2,-4,1,-2	bundled-knot-table
braid:ac70b8cb21bb29aa855eb8cba5d59f040a4268923701e3ca1adef54395451519	2	5	-1,2,-3,2,-1,-3,4,-3,2,-3,2,4	bundled-knot-table
braid:adeabee10c78602baab09e7df24c95e4cba9fe2d386d4293bcb4b9a6de15b93d	2	5	-1,2,-1,3,2,-4,-1,2,-1,3,2,-4	bundled-knot-table
braid:b1ccf0134eaa62c78f52980d83c522510ea416276a01aee3a48dbe73fdc47809	2	5	1,-2,3,3,-2,-4,3,-4,3,-2,1,-2	bundled-knot-table
braid:b1d7faaa1dc9c7ff6495d3d228a0624df56f8acab5c974a7d6f9d58c4726d81b	2	5	1,-2,-2,-3,-3,-2,-4,1,-2,3,-4,3	bundled-knot-table
braid:b898d6185984f2fcf358cac797bedee56244595e0592ca9f54536593973971e6	2	5	1,-2,1,3,-2,-4,1,-2,1,-2,3,-4	bundled-knot-table
braid:b8dacd100fef40f22369221e71931ce3e7f1abca965a9b65d891aac7d574a5b1	2	5	-1,2,-1,-3,-1,2,-3,4,4,-3,4,-3	bundled-knot-table
braid:c9bf8ccbb59ff9484114e70fcd26943b0de1486e05072b36bbbb1dd207bafb8f	2	5	-1,2,-1,3,2,-4,-1,3,2,-4,3,-4	bundled-knot-table
braid:caae3885d9cc144968c6760f77102423560897327d205123f1207f152191c75f	2	5	-1,2,1,-3,-2,1,2,-3,2,-4,3,-4	bundled-knot-table
braid:d0448d381e3b05a62a3e4d2d425ca1ce507820909b43e28c5e1ff4238970cc5b	2	5	-1,2,-3,4,-3,2,1,-3,2,-4,3,2	bundled-knot-table
braid:d9fc976eaeca3f37e5e29d28f009547691747969d92b662eda4136d8e09c93f1	2	5	1,-2,3,-2,-4,1,-2,-2,1,3,-2,-4	bundled-knot-table
braid:da1f67b4718b72a943f0ea48dd978ffdd2e120ea74d4ad03887ca41720ec0e6d	2	5	-1,2,-1,-3,-1,4,2,3,3,4,4,-3	bundled-knot-table
braid:e2478962ab6bf4c01e7c5198f3032aac6f5e174b1283192e8a513cf55324e5cd	2	5	1,-2,1,3,-2,1,-2,3,-2,-4,3,-4	bundled-knot-table
braid:e8927b0b340119e6d63b67dbc1027505d5a68f5bc3a914b45afae1d3e4ff77af	2	5	1,-2,-3,-3,-2,-4,3,-4,3,-2,1,-2	bundled-knot-table
braid:ea1e1c9055a09273ab1b7ce050e8c6f80f71f497a5af60f41422f07fc7ddf67c	2	5	-1,2,-3,2,-1,-3,2,-4,-3,2,-3,-4	bundled-knot-table
braid:ebbb82e60804ab3a99b0d3d4f999b691e6cf4c74a43470cd0895f7e51e440bce	2	5	1,-2,3,-2,1,3,-2,-4,-2,-2,3,-4	bundled-knot-table
braid:f6b772b32bfa2ae3a8b5dabe4015e4981c3ce21a4088df4d489af5e0e70f42a9	2	5	-1,2,1,3,-2,-4,1,3,2,4,-3,4	bundled-knot-table
braid:fbbb19cc4b30046751f321cf65f410947486076c2327b7d4c1c4cf41eecffbad	2	5	-1,2,-3,2,-1,2,2,-3,2,-4,3,-4	bundled-knot-table
braid:0189d6b1b106ce902484e528cff07812640f512b486633ae2fe4aed536367c5d	2	5	-1,-2,3,-2,4,1,-2,-3,-3,4,4,3,-2,3	bundled-knot-table
braid:033041f4d5fbd2f87503a292ce3a5509bc109649ecc475dba974ff05f614e9a6	2	5	-1,2,-3,2,4,-3,-3,2,-1,2,-3,-4,3,2	bundled-knot-table
braid:04886b68758239199b83f36c31e8e2c120a4835aa67302479046a6dadfae3262	2	5	-1,-2,3,-2,-4,1,3,-2,3,-2,-4,3,-2,3	bundled-knot-table
braid:06fceb80b9cb71d255f5a862ad68e86dcaefbaf5d08717f957b5b282c1129c32	2	5	-1,2,2,-3,-3,-4,-3,-3,2,-1,2,-3,4,-3	bundled-knot-table
braid:078ce7f98fd26c50b338f8d7017d3f1717932e4d77df2d3f447c8d70409d1418	2	5	-1,2,-3,4,-3,2,2,1,2,-3,4,-3,2,-3	bundled-knot-table
braid:09bc67417f5811955c2997f0afb46e195cfbbd9b4c322bbdb406c9394d5b0124	2	5	-1,-2,3,-2,-4,1,-2,3,-2,-4,3,-2,-4,3	bundled-knot-table
braid:0b4cfa3ca9b857c07ba0d073ff071360f39d8b0510f6713f425286d3f2164497	2	5	-1,2,-3,2,4,-3,2,1,-2,-3,4,-3,-2,4	bundled-knot-table
braid:0cf88d84c74bfdd8110e6e45e40e60cd663bdfc682fada5c006d8eb6d7f15677	2	5	-1,2,3,-4,3,3,2,1,-2,3,-2,-4,3,-2	bundled-knot-table
braid:0d73f75423a9b991b95f4d6864e8fee10dfbe3a40902f33ec4c2f565a199e37a	2	5	1,1,2,2,1,3,3,4,3,-2,3,-2,-4,3	bundled-knot-table
braid:0de2b41af3d08cdf1c43a0cd11637bbc993c391d1522f24132c04f40c0d5c1e4	2	5	-1,-2,3,-2,4,1,-3,2,-3,-3,-3,4,-3,2	bundled-knot-table
braid:0f82cecaf26a75a2393865208c111452c75fdeb7d531689a4217ce60de8dc875	2	5	-1,-2,3,-2,4,1,2,-3,-3,-3,2,4,4,3	bundled-knot-table
braid:0fd96e8219fc254d7df3933db735c69a47728d7a91c2419c27939b3ccab481bd	2	5	-1,-2,3,-2,4,1,2,-3,4,-3,-3,2,4,3	bundled-knot-table
braid:0fdaed306b72236bdf172b6d573c9f0c2184a6610f31dee4e02df50c340dbc37	2	5	-1,2,-3,2,4,2,1,2,-3,2,4,-3,2,4	bundled-knot-table
braid:103a2e5ff74e7776816a769a11eb2a9fc4b23f00efc467192d06105ad89003e1	2	5	-1,-2,3,-2,-4,1,-3,2,-3,-2,-4,3,-2,3	bundled-knot-table
braid:10f34260a5c37ec83be8bfed0c7859659be4424b77709feacb07787fcb4a4636	2	5	-1,2,-3,2,1,-3,-3,4,-3,-2,-3,-4,-3,2	bundled-knot-table
braid:113f62d04b6ca3dd3fa4909843c74e3916f3ca9d56ac2516a8a21b96098d4dcf	2	5	-1,2,-3,4,-3,2,2,1,-2,-3,4,-3,-2,-3	bundled-knot-table
braid:1143cad23f2389930a0f9917fd699aca14aabf27e0774a4f45b79bf6a55bf854	2	5	-1,2,-3,-3,-3,2,-4,1,-3,-2,-3,4,-3,2	bundled-knot-table
braid:11adb03b6f51df5f6f030623aa26f85c42d2835acada747cc13ba8f40f1005e1	2	5	-1,2,3,-4,3,2,2,1,2,3,-4,3,3,2	bundled-knot-table
braid:11cb6f46ea501101a28105179e9348bc0b6c1f4c303b8d9fdac8e565793357d4	2	5	-1,-2,3,-2,-4,1,2,-3,2,-3,-3,-4,-4,3	bundled-knot-table
braid:138c030a552686e2c1f48d7827c45bd32ff44332cec9f1ac02332cef3e2006a4	2	5	-1,-2,3,-2,4,1,3,-2,3,-2,4,3,-2,3	bundled-knot-table
braid:144be63da0123d8ef7c2cc3b278848ef9bb744975bf8a0bdd689cb5e16f6bc3a	2	5	-1,-2,3,-2,1,2,-3,4,4,-3,4,-3,2,3	bundled-knot-table
braid:14b3d54a3e3ec526614d7add2dc89427449320462afc13bd4c07fadd6a6d4b8c	2	5	-1,-2,3,-2,1,3,-2,3,-4,3,-2,3,-4,3	bundled-knot-table
braid:15cffb88d22c9cd806cbe2644b74d7d4c9a1ba9c3a67204f73a3c7ddcb9aef46	2	5	-1,-2,3,-2,4,1,4,2,-3,2,4,-3,4,4	bundled-knot-table
braid:1693de68572907933b3792fc5aa61bd3415ee84af2e2ba9722b6ddf7103b848d	2	5	-1,-2,3,-2,4,1,3,-2,3,2,4,-3,2,3	bundled-knot-table
braid:175ea41c67e35ed26013d4b10b155a8637d5951437fb56b35c7beb33dd99699e	2	5	-1,2,-3,4,-3,2,2,1,2,-3,-3,-3,2,4	bundled-knot-table
braid:1926d53655f28cdf7160791c6ca0cf0380a1530b4c9be109772e543081b67572	2	5	-1,2,-3,-3,4,-3,2,2,1,-2,-3,4,-3,-2	bundled-knot-table
braid:19dfb5db146ec54d33702d0ab3086038c3ab700571d61c3e5aeba71e95bf0be1	2	5	-1,-2,3,-2,-4,1,3,-2,3,-4,-4,3,-2,-2	bundled-knot-table
braid:19fbe1da71ab87043f3acdc37cae121ed01f314d320d671cdb2df2f3d222d32a	2	5	-1,2,-3,4,-3,2,2,1,2,-3,2,4,4,4	bundled-knot-table
braid:1b33a5390f61af99ff3ac5bcf29560d2fe4abec096d57d52530e36b43ee2e7dd	2	5	-1,2,-3,2,4,1,2,-3,2,4,2,-3,-3,4	bundled-knot-table
braid:1b7bffe15d56fe95c516b22d066985e35658b19895154838988ec9d3090af421	2	5	-1,-2,3,-2,4,1,2,2,-3,2,4,-3,2,4	bundled-knot-table
braid:1d421a2b75a3e2a862eef0041194f92cd4d2b9048fd1db75fa96f733cb706481	2	5	-1,-2,3,-2,4,1,4,4,-3,2,4,-3,2,4	bundled-knot-table
braid:1df5d400159b8485d2be7073229f2858ff9fa56f6069508f76ac553cd5e7397f	2	5	-1,-2,3,-2,4,1,-3,2,-3,2,4,-3,2,3	bundled-knot-table
braid:1ec010c8e79b838d4c5d0df7d79c84ca02a38e8e5eace9016312348113a1a5cd	2	5	-1,2,2,3,3,-4,-3,-3,2,-1,2,-3,4,3	bundled-knot-table
braid:20ef593efbbbcd8ec0bea3eeddfeb4352cfd186c8edf8097d83a38e6f042e8bc	2	5	-1,2,3,-4,3,2,4,2,1,2,-3,4,-3,2	bundled-knot-table
braid:240072cb5d702ae4dada70f30109d285774f1f78a22576be86dad57740cfa50f	2	5	-1,-2,-2,-3,-3,-4,3,3,2,-1,2,3,4,-3	bundled-knot-table
braid:2436e015860a7f6020c8e8a1c0ab2ef5a0663bc6511864b74a42ae4a5c802aa7	2	5	-1,-2,3,-2,4,1,4,4,-3,2,-3,4,-3,2	bundled-knot-table
braid:2767073a4394cf105949234c21607ffcf0b866556ccc128cfad72253746e6934	2	5	-1,2,-3,2,2,1,2,2,-3,-3,2,4,-3,4	bundled-knot-table
braid:287ac8bafe86d4951e6aa11664507c634284155371994b58cc029bf288f7a08a	2	5	-1,-2,3,-2,-4,1,-2,3,-4,3,3,-2,-4,3	bundled-knot-table
braid:2aad9f19329f08b3d4409d476a227d1f0a52b5e4a2411bfc28fd123df5ea9b6d	2	5	-1,2,-3,-3,4,-3,2,4,2,1,2,-3,2,4	bundled-knot-table
braid:2b29a114c412715898cb9d7056b5b5351d62951df0c3a6499321998c619c8c8e	2	5	-1,2,2,-3,-3,2,1,-2,3,-2,-4,3,-2,-4	bundled-knot-table
braid:2b84c2be3df9bbc19d4938a277f0f9e7cb37a60e7f3cee097391eb0cd2eeee2d	2	5	-1,-2,3,-2,-4,1,-2,3,-4,3,-2,-4,3,-4	bundled-knot-table
braid:2bdde04fb89df844be78f30ddfd70d7c6fde81026c4c10df99cb75b1fef94d41	2	5	-1,2,-3,-3,4,-3,2,2,1,2,-3,4,-3,2	bundled-knot-table
braid:2c680302e2fb80118e8e3573a6b750f64fba30545b8407d22fb565240e0f719d	2	5	-1,2,2,-3,-3,2,1,-2,3,-4,3,-2,3,-4	bundled-knot-table
braid:2eaeef9d535158e0f3520fb12da91a29193a210af3deb2d9ab4d14f2c0065484	2	5	-1,2,-3,2,-4,-3,2,1,2,3,2,4,2,-3	bundled-knot-table
braid:2f0f855f7caa609d4930c09ded22cf0d82ec400d1d576e1b1d234b6db8378dcf	2	5	-1,-2,3,-2,-4,1,2,3,-4,3,2,3,-4,-4	bundled-knot-table
braid:2f172f2c9409f73d6a0d7b1259a5556569079fe095a29c288bb9d7f3bf30eaa6	2	5	-1,-2,3,-4,3,-2,1,3,-2,3,-2,-4,3,3	bundled-knot-table
braid:2f29d12832dd2611553b39337daeab7ad12a98a8dc7d61a3b9bb70104b223a44	2	5	-1,2,-3,2,4,2,1,2,-3,4,-3,2,-3,4	bundled-knot-table
braid:2f9d700af81463084a90d64757b64230d851fefdb145b38137ea40169c51650d	2	5	-1,-2,3,-2,-4,1,3,-2,-4,-2,-2,3,-2,-4	bundled-knot-table
braid:30d850376c29c4d3e7c9759de8791380c8f7d3e7284d54af003703773cc92a8a	2	5	1,1,2,2,1,3,3,4,-3,2,-3,2,-4,3	bundled-knot-table
braid:30dab9f3518ff1428cf42d5f0d2473a3f295d8e76d8292683064691808191398	2	5	-1,-2,3,-2,-4,1,3,-2,3,3,-4,3,-2,-4	bundled-knot-table
braid:31213ae94afb6abcd70934bafdb9c73910ef5f3bb4144fda060a5857c2f10423	2	5	-1,-2,3,-2,1,2,-3,-3,-3,2,-4,3,-4,-4	bundled-knot-table
braid:34052b057b4142ada41ad121685225682d412db801ccc611414e80bee5eee10c	2	5	-1,2,3,-4,3,2,2,1,-2,3,3,3,-2,-4	bundled-knot-table
braid:34e15ff879bae1c225e0fcb9e3e6c8fde4624a08e4ca328dadb4ecf477dd7558	2	5	-1,-2,3,-2,4,1,4,-2,-3,4,-3,-2,4,3	bundled-knot-table
braid:36e717fa7a3be083383e485a80c98f5de8061a83b7e2dc349ddf2f4f4c039c1e	2	5	-1,-2,3,-2,-4,1,-2,3,3,-4,-4,3,-2,3	bundled-knot-table
braid:3783fbe7b3e96037bea74ac19e76478499ff92abcd705cd42214963255771164	2	5	1,1,2,2,1,3,-2,3,4,3,-2,3,-2,-4	bundled-knot-table
braid:381a0b437cf6a3fd2a43f5318f3e40ab221e32b4a1c91215247c9ffc72808e92	2	5	-1,-2,3,-2,-4,1,2,2,3,2,-4,3,2,-4	bundled-knot-table
braid:38476d1a39c34cc7745cbb1157ef39365c055c53e30585fe43098d2d4ca08664	2	5	-1,-2,3,-2,-4,1,3,-2,-4,3,3,3,-2,-4	bundled-knot-table
braid:3a1c326eefb1a0506011f926782dc9a309b8fcbe2e8925267e5c21d87de22dee	2	5	-1,-2,3,-2,-4,1,-4,-4,3,-2,3,-4,3,-2	bundled-knot-table
braid:3af80c0ddc344982e2d25c81ec2fa84ab32c0a3ea9d2a2923389ada88e3e9c4c	2	5	1,1,-2,-2,1,3,-4,3,-2,3,4,3,-2,3	bundled-knot-table
braid:3afa39e386e1ccef52a5bcbc15397167dc199039034c8ede1de675fa4ec31eae	2	5	-1,2,-3,2,4,1,-3,-3,-3,2,-3,-4,-3,2	bundled-knot-table
braid:3ba47637d316ca772112b40539338c3f080aae8430d3d033b16e208d7eb27c9e	2	5	-1,2,3,-4,3,2,-4,1,3,-2,3,-4,3,-2	bundled-knot-table
braid:3c605e68f45a616589778f4039ff6772e73832106425eb1f71a25477827dbc3b	2	5	-1,2,-3,2,-3,4,-3,2,1,-2,3,-2,3,4	bundled-knot-table
braid:3c9f816a626eaea18aac3494925d83f551b84d42a293978f0358f7d65380e2ea	2	5	-1,-2,3,-2,-4,1,3,-2,3,-4,3,3,3,-2	bundled-knot-table
braid:3cfdb17d8ee40310779a37ad1fd0622a8a87ec64feb42bdca2f6c0ca59ce60e3	2	5	-1,-2,3,-2,-4,1,3,-2,-4,3,-4,3,3,-2	bundled-knot-table
braid:3d20eec12e1f02338bb2a17984d26499eb0c135130d7472d7fa16e09859679a5	2	5	-1,-2,3,-2,1,-2,3,-4,-4,3,-4,3,-2,3	bundled-knot-table
braid:3dde00b893025f28f86521e0c28f792fbdcd636db3e24bef6b1b5c453c0861d9	2	5	-1,2,-3,2,4,-3,-3,2,1,-2,-3,4,-3,-2	bundled-knot-table
braid:3e07fe1ac163c796d9f743071bacade08fc386d2f5c8c29559e8753716e826b2	2	5	-1,-2,3,-2,-4,1,-4,-2,-4,3,-2,-4,-4,3	bundled-knot-table
braid:41abd120de26e5f4ce817b5abbd0bc3f2d08bbab2b4141b28a1053a17c1aaf71	2	5	-1,2,-3,2,4,3,3,2,1,-2,-3,4,-3,-2	bundled-knot-table
braid:41f0a1781bbcf2ea0676242b6916c00288c7dd75315ecba7e9c7c4afda8bf478	2	5	-1,-2,3,4,3,-2,1,-2,3,-2,3,-4,3,-2	bundled-knot-table
braid:4279b118cecf8812cb31de477e810e2bf939ab1d5a52d81277cec8d75c0d26a7	2	5	-1,2,2,-3,-3,2,-4,1,-2,3,-2,-4,-2,3	bundled-knot-table
braid:43f2759b92d07e0f6f5c4b5e00bcbdb939b520fddba00d6b94a0e1aad7684abb	2	5	-1,-2,3,-2,1,-2,3,-2,-4,3,-2,-4,-2,-4	bundled-knot-table
braid:47e44873c7191592ab4aa065f50c02e5f9b6290d7c2e921a59887671636d6f78	2	5	-1,-2,3,-2,-4,1,2,3,-4,3,2,-4,3,-4	bundled-knot-table
braid:48ccb74bc223882b83a7c8939c71f1eee562a82dd53e787780914f1e3a8313f9	2	5	-1,2,2,3,3,2,4,1,2,-3,2,4,2,-3	bundled-knot-table
braid:4967480e049d179c778d1a01c9a6169db002cbb0f4320e3426717b778ba9cefd	2	5	-1,2,-3,2,-4,-3,-3,2,-1,-3,4,-3,2,-3	bundled-knot-table
braid:4be261d5404cbcd1b277f8f9251dfe5c8775cf816440ab78b8b061cacec0d0ee	2	5	-1,-2,3,-2,-4,1,-2,3,-2,3,-4,3,-2,-4	bundled-knot-table
braid:4d74437275e0dd74730444c61b9af6831c4b5b50a0f1fae1c509aa41b1f1306f	2	5	-1,2,-1,-3,2,-4,3,2,-1,2,-3,4,-3,2	bundled-knot-table
braid:4db0efb2b22cf34331ab83910ed88fc204b65fd429391bc730c811ec9ae70afe	2	5	1,1,2,2,1,-3,-3,4,3,-2,3,-2,-4,-3	bundled-knot-table
braid:4e3fa710b66919d38b413afe835b76de7fced0ad92f2528d3e7544f09acd5df3	2	5	1,1,-2,-2,1,3,3,4,3,-2,3,-2,-4,3	bundled-knot-table
braid:4f69745190db10365e404c486fe655aaa4958a2cbca196aff0081233493f6f33	2	5	-1,-2,3,-2,3,4,3,-2,1,-2,3,-2,3,4	bundled-knot-table
braid:4f74a8af98506e575ace18afceac1f7fe9a1f10d49618388c2d9ea31256ee7db	2	5	-1,-2,3,-2,3,-4,3,-2,1,-2,3,-2,3,-4	bundled-knot-table
braid:509b325b25c22e8da77ea2dabceae40194f786830138cce76319ddcb6805285e	2	5	-1,-2,3,-2,-2,1,2,2,-3,-3,2,-4,3,-4	bundled-knot-table
braid:5497c09a1defc9c581da9965a91cb9723336e379933a212c16b99ce886fd7121	2	5	-1,2,2,-3,4,-3,4,-3,2,1,2,-3,2,2	bundled-knot-table
braid:549b6d5f41aaddf6a97c5411158d4feecbf14891dc56e412482baadf9bcbd983	2	5	-1,2,2,3,3,2,1,-2,3,-4,3,-2,3,-4	bundled-knot-table
braid:57116bcab9ad02a2e03476b84bc814f9005faf91c05cf7d7d67e75f362ae1396	2	5	-1,-2,-2,3,3,-4,-3,-3,2,-1,2,-3,4,3	bundled-knot-table
braid:573fcb1ce5aa796b892d8ffe478facf426da32eb2df18430a01c4a68af088fdc	2	5	-1,-2,-2,3,3,-4,3,3,2,-1,2,3,4,3	bundled-knot-table
braid:574fffd5705c197175cbdb237370f18658cfe45b5f8b64b3d72a6d0cf4e4b59c	2	5	-1,-2,3,-2,1,2,-3,2,-3,4,-3,2,-3,4	bundled-knot-table
braid:57c7857b2f4350401bd316e589435c6484f77e6e889d2a23a88b4e198c8c7bbb	2	5	-1,-2,3,-2,-4,1,-4,-2,3,-2,-4,3,-4,-4	bundled-knot-table
braid:58a396913ea445c2e8b49bfad5429472a2c92eb3c2b6c797423b6c0fe8a6c2e7	2	5	-1,-2,3,-2,-4,1,3,-2,3,3,4,-3,-2,4	bundled-knot-table
braid:593356f5a72629a5cc54eeed49ac1474ec49a5e5f6e8d81a621ae8a8c6139650	2	5	-1,-2,3,-2,4,1,-3,2,-3,4,-3,-3,-3,2	bundled-knot-table
braid:5982a580063ea4593a8da97a92ae12ad2a550cd5f1ba841410dcfbfa68b4bb96	2	5	-1,-2,3,-2,4,1,-3,2,-3,4,4,-3,2,2	bundled-knot-table
braid:5a7b9160d71aef4829f01093466dc0072d0b06d7c5e2c22f80180413ad3abe3e	2	5	-1,2,-3,2,4,2,1,-3,2,-3,4,-3,2,-3	bundled-knot-table
braid:5d798d3767c0fe414f23f0dd77d363f256e1b0b26e4de12b2a1f81b9827fa2f1	2	5	-1,-2,3,-2,-4,1,-2,-3,-3,-4,-4,3,-2,3	bundled-knot-table
braid:5db7288d70253dc912121819c02826888cbb698719133653cf02e237ef8af76d	2	5	-1,2,-3,4,-3,2,2,1,-2,-3,4,-3,-3,-2	bundled-knot-table
braid:5dd8302732c7455daafef166c28b6ba0010de7fb83ae6604acc5821f41ab94b5	2	5	1,1,-2,-2,1,-3,-4,-3,2,-3,4,-3,2,-3	bundled-knot-table
braid:5dfda376f83f2fa8f1a2a98ebfb5dad2ea5d34508423f8a936f80222b746469b	2	5	-1,-2,3,-2,-4,1,-2,3,3,-4,3,-2,3,-4	bundled-knot-table
braid:5f99ef7feaec63667e509f022a401e345c7675764472045d838f653b503ed65b	2	5	-1,-2,3,-2,-2,1,2,2,3,3,2,-4,3,-4	bundled-knot-table
braid:6145800985feae47723057958cfafde88a1f905afb862cb48ea7ac40d66cdc3c	2	5	-1,2,-3,4,-3,2,1,3,-2,3,-2,4,-3,-3	bundled-knot-table
braid:637875960f98ffde6f71b3362b852f69abb5be04ed6dff2c682fd9e9fc4b03b4	2	5	-1,2,-3,4,-3,2,1,2,-3,2,4,2,-3,-3	bundled-knot-table
braid:6486480fb9d5d6c044d222157bff5e462f66fde01a12d8f8950676b8a6050751	2	5	1,1,2,2,1,3,-4,3,-2,3,4,3,-2,3	bundled-knot-table
braid:64c256e77ab7a7bb31d563c5f714c6bbedf7cb4416ef94596de93caa3e271b46	2	5	-1,-2,3,-2,-4,1,3,-2,-4,-4,3,-4,3,-2	bundled-knot-table
braid:662be27861e482092a6bcdae0fcc893e06cf7ad39b449d2f0d6047384338c4e2	2	5	-1,2,-3,2,4,-1,-3,2,2,2,-3,-4,3,2	bundled-knot-table
braid:68282210c31e141091863e6610e01e22921785362b65454bf508294a4de73067	2	5	-1,2,3,-4,3,2,2,1,-2,3,-4,3,-2,3	bundled-knot-table
braid:684eaa16ddb636ea4e21a17396aac2133c2a43a730a85c6968c4a7841d9ba9db	2	5	-1,2,-3,2,-4,1,-3,-3,2,-3,4,-3,2,-3	bundled-knot-table
braid:68dab0175c4304362004c8d829704eaad59f33bd9aafdbffbe021f92084908cd	2	5	-1,-2,3,-4,3,-2,-4,1,3,-2,3,-4,3,-2	bundled-knot-table
braid:68dd962b0860e328341c1f1f6c98ecde9b23d8721c424d94db27cb8fd82a13ce	2	5	-1,-2,3,-4,3,3,-2,1,3,-2,3,-4,3,-2	bundled-knot-table
braid:69b8c898de4f131511773077e557cbce096a2291e99edd22d9b5585e023f2d64	2	5	-1,-2,3,3,-4,3,-2,1,-2,3,-2,-4,3,-4	bundled-knot-table
braid:69ce4d6bb0aeb8af4e3118325df89d14369c729e8cd4334c1680e6ca833440e6	2	5	-1,2,3,3,-4,3,2,2,1,-2,3,-4,3,-2	bundled-knot-table
braid:6bdaeb2b6d4059fab2b3516b8b23354ae49a218e035a0c2723b6e263f67c1cb1	2	5	-1,-2,3,-2,-4,1,3,-2,3,2,-4,-3,2,3	bundled-knot-table
braid:6d07a8a90898bb1273e533509ab76e9883927293e537e189db86415219779a03	2	5	-1,2,-3,4,-3,2,2,1,2,-3,4,-3,-3,2	bundled-knot-table
braid:6d2723b9b4af6a4ebad630a6d45e1615dfb6f1c781f2f1ea7d87fed234d5df1e	2	5	-1,-2,3,-2,1,-2,3,-2,-4,3,-2,-4,3,-4	bundled-knot-table
braid:6e9f19f46a68f6e03587df7482066566a3290769ecd1353c452593a44185bb3b	2	5	-1,2,-3,4,-3,2,2,1,2,-3,2,4,-3,2	bundled-knot-table
braid:6f0145461e48aded650d66d0164bd381e0b3e39179d7f39bae6b3edcf1a4ef80	2	5	-1,-2,3,-2,-4,1,2,3,-4,3,3,2,-4,3	bundled-knot-table
braid:70331aeb55ddb88247a6d8c88a84bb9c8140b53fbab1da082c0e86de97a23827	2	5	-1,-2,3,-2,-4,1,-2,-2,-2,3,-2,-4,-4,3	bundled-knot-table
braid:70eb3af9601268a76ee16b6bbc6900b45e7c5fad7a703377becab3ccd18fcba3	2	5	-1,2,-3,-3,2,-3,-4,-3,-3,2,-1,2,-3,4	bundled-knot-table
braid:71671f2e1b571ca577cd4325da5b9e4eb0aa19a0d6cf048800986ac41884ef9e	2	5	-1,-2,3,-2,4,1,-2,3,3,4,4,3,-2,3	bundled-knot-table
braid:72b8cb165f79dbaec3a44304ab369e97b01a07665a5ef583adbb1c603c2a80ae	2	5	-1,2,-3,2,2,-3,4,3,-2,-1,3,2,-4,-3	bundled-knot-table
braid:731371259c580e31d82f32c4126cea758c96ee3633ef14da49714f9cd4f29d29	2	5	-1,-2,3,-2,-4,1,-2,-2,3,-4,3,-2,3,-4	bundled-knot-table
braid:737b886a2db2551d4ebecf2bf359a1f9cbfdc33033203376be539b8c9bb2c727	2	5	-1,-2,3,-2,4,1,2,-3,2,-3,4,-3,2,4	bundled-knot-table
braid:74950d542fc3f899a0324872edc77789d84c5ebf128e01cf2d8045767af21913	2	5	-1,-2,3,-2,4,1,-2,3,-2,3,3,4,4,3	bundled-knot-table
braid:7a2a622632abb1c5665d768fd8cfb7d13ac34720eeffc6df3d42fa1eb911f100	2	5	-1,-2,3,-2,1,-2,3,-2,3,-2,-4,3,-2,-4	bundled-knot-table
braid:7b56964de736ceff39ffbf59dedf906a169cedb8cb3c99b928029eb1a6890d38	2	5	1,1,2,2,1,-3,-4,-3,2,-3,4,-3,2,-3	bundled-knot-table
braid:7bf96a14d36580686f60e1db8fe4fd37612c944383fb23a79ae1642921cea735	2	5	-1,2,-3,2,2,-3,4,-3,2,-1,-3,2,-4,-3	bundled-knot-table
braid:7da0f694b5ed8ace682ba25d2f4af89b02eb13514039c6e5bde2c48740e8734a	2	5	-1,-2,3,-2,1,-2,3,3,3,-2,4,-3,4,4	bundled-knot-table
braid:7f6f6cc6814224661c1d71f5201688663fff34d36a3c78058ea0d3464f13f9e8	2	5	-1,-2,3,-2,-4,1,-2,3,-2,-4,-4,-4,-4,3	bundled-knot-table
braid:8208ef0a2147d18953104a4c9d2223d45403d13dac665439bd0beb85264f6d12	2	5	-1,2,-3,2,2,1,2,2,-3,2,4,-3,4,-3	bundled-knot-table
braid:829e3dd8a0519a41a33a1b7765c0793c8227e610cc7d2915934bf616d69162e0	2	5	-1,-2,3,-2,1,-2,3,-4,3,3,-2,3,-4,-4	bundled-knot-table
braid:84a4dbf9af5b115ea417163855882fcfa63c142f72b87472cc7035f2f457c925	2	5	-1,-2,3,-4,3,3,-2,1,-2,3,-4,3,-2,3	bundled-knot-table
braid:89b8cf6d2b23fb9d960a20bbda22d4762eb200812483b33b5fa1acbb0f85c684	2	5	-1,2,3,-4,3,2,-4,2,1,-2,3,-4,3,-2	bundled-knot-table
braid:8beb3eccf3ef253934ab416affef279009b436081a40aa41835a1251fa3b043b	2	5	-1,-2,3,-2,-4,1,3,-2,-4,3,-2,3,3,-4	bundled-knot-table
braid:8ce0044c34c468b7a17e57ec1b1f6bc43136087aa206b13b3635ac543f9e2852	2	5	-1,-2,3,-2,4,1,-2,3,3,3,-2,4,4,3	bundled-knot-table
braid:8e7d4ca5b68b230c48e02f906ba451cf5ea5a36f76f0f155bcde5dd43df61be0	2	5	-1,-2,3,-2,1,-2,-2,-2,3,-2,-4,3,-4,-4	bundled-knot-table
braid:8fdf1c1c6ef78d7d11f4626198d06b0faca790163c526259acced84996b543ed	2	5	-1,-2,3,-2,-4,1,3,-2,3,3,3,-4,3,-2	bundled-knot-table
braid:9030d0239310bdf613af3af353b4b84fffb465688915fc8dc12a0ebcbb4d9678	2	5	-1,2,-3,2,2,1,2,-3,4,-3,-3,2,-3,4	bundled-knot-table
braid:907e7663f3014ed25a5c9a6d7d8daadd0df76eef1cfc8a9f214ffaeba148f47a	2	5	-1,2,-3,2,4,2,1,-2,-3,4,-3,-2,-3,4	bundled-knot-table
braid:91cf0cfbec96e18b27b28add5098b64c21da64a50e95924607165b3b22179f18	2	5	-1,2,-3,2,4,3,3,2,1,2,-3,4,-3,2	bundled-knot-table
braid:9349b39474c13e2d0defa279a64bdc400d1698b4107cf11e0b336430687362b7	2	5	-1,-2,3,-2,-4,1,-2,-3,-3,-2,-4,3,-2,-4	bundled-knot-table
braid:93ca64616d81daeaa52d0666de0809a73da8a66eac78b0f58a524997ac9262cb	2	5	-1,2,3,-4,3,3,2,1,2,-3,2,-4,-3,2	bundled-knot-table
braid:96168699a56d8ca1fe98aeb1249440da87ae769f70112dfc4fc27162a61b8d8f	2	5	-1,-2,3,-2,-4,1,-2,3,-2,-4,-4,3,-4,-4	bundled-knot-table
braid:989e7848e39a148342114a18bd5a99564b4b0e7bf908856b55c74e4f927001a9	2	5	-1,-2,3,-2,-4,1,3,2,-4,3,-4,-3,-3,2	bundled-knot-table
braid:9ae8ac1a562df3b3e47cafda5f233280cc21671acb948ac633af473e9bc93fd8	2	5	-1,-2,3,-2,-4,1,-2,3,3,-2,-4,3,-2,-4	bundled-knot-table
braid:9c330f0c54d7dd5bf785c419c12d6e6b4bb55b17f5bfdbbf7a7d2caada2c9102	2	5	-1,-2,3,-2,-4,1,-2,-3,-3,-4,3,-2,3,-4	bundled-knot-table
braid:9d2a3d553ffc773ec203207d68b647780892a5f83e02ea63738df95758b7c256	2	5	-1,-2,3,-2,4,1,-3,2,4,4,-3,4,-3,2	bundled-knot-table
braid:9d3cfe3f3a079437a097d984a5d3b9141b303d64d21eea03266bcc33466bf71e	2	5	-1,-2,3,-2,1,-2,3,-4,3,-2,-4,3,-4,-4	bundled-knot-table
braid:9d95b550557ddb64bb9c17d9181b560a581087bcc65c6504006cc996d3f35066	2	5	-1,-2,3,-2,-4,1,3,-2,3,-2,-4,3,3,-4	bundled-knot-table
braid:9db07994b5fa61ef91724e47f69381dac7e63330c815228047f37966c2dec6f0	2	5	-1,2,-3,2,2,1,2,2,3,3,2,4,-3,4	bundled-knot-table
braid:9e38c8dfbc1f713100caa95163cbaac0fe2abbbeb6c1aa66c73293580c08a0b2	2	5	-1,2,2,3,3,2,1,2,-3,2,4,-3,2,4	bundled-knot-table
braid:9eeadd2e56b1b5c63fa6ac9856056be54decccd504e0f0484bd5a4b6f126dba8	2	5	1,1,2,2,1,-3,2,-3,4,-3,2,-3,2,-4	bundled-knot-table
braid:9eee19053d7dedb3de8db769a924f2a0e5981ee8f297204c5b3b36be46266763	2	5	-1,-2,3,-2,-2,3,4,3,-2,-1,3,2,-4,3	bundled-knot-table
braid:9fbb76ce955bda8c0f71bf4ed34a8e68f5cf1ab9e2090f6da3a8fefdff14e886	2	5	-1,2,-3,2,4,2,1,-3,2,-3,2,4,-3,2	bundled-knot-table
braid:9fdf62f8e9ab8f9dcedc4297e60801a18f701fa9cd723a32a18c1a2167477d0f	2	5	-1,-2,3,-2,-4,1,2,3,3,-4,-4,3,2,3	bundled-knot-table
braid:a0461dc49c73a7f23676a989116bb03825078fba485c466e1e8f15481aea1091	2	5	-1,-2,3,-4,3,-2,-4,1,3,2,3,-4,3,2	bundled-knot-table
braid:a0b6d91df2970d9081dbfca761ffa373b7e3a038dcb04a3ed8f12ba8dbdff40c	2	5	-1,2,-3,2,4,-3,2,1,2,-3,-4,-3,2,2	bundled-knot-table
braid:a1ff31f4e548dd3eb065848f521d0418aa8dabe2f7343f596a361a3ae40aad25	2	5	-1,-2,3,-2,1,-2,3,3,-4,3,-2,3,-4,-4	bundled-knot-table
braid:a2bbcdbae04ff17d737789e5a2d10c808625de23d57d46e2c3cbf39d41c80a80	2	5	-1,-2,3,-2,-4,1,-2,-2,3,-2,-4,3,-2,-4	bundled-knot-table
braid:a3bb5417daa574f853a37b966b5309a3e22e6ed17c5f6e340fe62b0609b41923	2	5	-1,2,-3,-3,2,-3,-4,3,3,2,-1,2,3,4	bundled-knot-table
braid:a4f9b22629b72cc2d6b45f4266f9005ee15f3bad81fd752e93a4ac797a7c35b1	2	5	-1,2,-3,4,-3,2,1,2,-3,-4,-3,-3,2,-3	bundled-knot-table
braid:a5d96eb77b46c53fbe5db7c0d3dc5d123a70ffe7731e34b03e97803478f07f9c	2	5	-1,2,-3,4,-3,2,4,2,1,2,-3,4,-3,2	bundled-knot-table
braid:a64b33c7d2264647c1f08ce8f32f7f8c55c51c671d264320112958d968db25aa	2	5	-1,2,3,3,-4,3,2,2,1,2,3,-4,3,2	bundled-knot-table
braid:a65db64bde43be88ddc67d11d1af155b7e84ef7ad068f9e799ab67e21dca9287	2	5	-1,-2,3,-2,-4,1,3,-2,-4,3,-2,-4,-4,-4	bundled-knot-table
braid:a6776e80fd3457a5fb48c6bf04067979861b5fc148812896c5aa56bf53c318d5	2	5	-1,-2,3,-2,-4,1,-2,3,-4,3,-2,3,-4,-4	bundled-knot-table
braid:a997d31cd3738cd044530717e154316aa3a0a0fbcf6a67d3c9cae64cd47b7bb3	2	5	-1,-2,3,-2,4,1,4,2,-3,4,-3,2,4,3	bundled-knot-table
braid:aa8cd540b84df8f733f7620db5b89404fd6eaf70166d7f3fc95b6168f364a1ef	2	5	-1,-2,3,-2,-4,1,-4,-4,3,-2,-4,3,-2,-4	bundled-knot-table
braid:acb40e48e2974cad06e4290f9519101e551ab70fe7078b39d827415326100954	2	5	-1,-2,3,-2,-4,1,3,-2,3,-4,3,-2,-4,-4	bundled-knot-table
braid:ad7cb7c9efa062af72913f21bbbe24534b1f84ab4c1c86049e9b03c56eac248e	2	5	-1,2,2,3,3,-4,3,3,2,-1,2,3,4,3	bundled-knot-table
braid:ae0c7dcc9f49d1da8cf43dd4b4aa3c57a481e18943c920fb54cc09990d92a163	2	5	-1,-2,3,-2,-4,1,3,-2,-4,3,-2,4,4,4	bundled-knot-table
braid:ae262db859bf91c8f7bb201e559a8f0889869d00d1b0d9ff27dce6f988896aa3	2	5	-1,-2,3,-2,-4,1,-2,3,3,3,-2,-4,-4,3	bundled-knot-table
braid:ae392a2f7262eb4665ae7e1761c052ea2edd561b2224313cbefa9e9f40729eb2	2	5	1,1,-2,-2,1,-3,2,-3,4,-3,2,-3,2,-4	bundled-knot-table
braid:af25532f2c6271c7ea1f384e20b275de180f28ea6c226c84442718dce73adcfa	2	5	-1,-2,-2,3,-2,1,3,-2,3,4,3,2,3,-4	bundled-knot-table
braid:af8383590d1e9a29254b4104438213266facc92caf62dcc76221677122843909	2	5	-1,-2,3,-2,-4,1,-2,3,-2,-4,-4,3,-2,-2	bundled-knot-table
braid:b0adc4f094f873f4754406194c1e455a839f1964d9dd40cddbf1158ba9cb4834	2	5	-1,2,-3,-4,-3,-3,2,1,2,-3,2,4,-3,2	bundled-knot-table
braid:b17d4a735c35c47b5dbe2917d17a8a71f012100720cb357ed3ffa6c9bde9198d	2	5	-1,-2,3,4,3,3,-2,1,3,-2,-4,-2,3,-2	bundled-knot-table
braid:b1b781b247852252fa4689ddfb0917ad99ee90cc5fabb1c08a12cbb57c8aeeef	2	5	-1,2,3,-4,3,2,2,1,-2,3,-2,-4,3,-2	bundled-knot-table
braid:b2a41d14846adaa401a37f0314b2c7ea420521d1242233c4c07b9d9adea516e4	2	5	-1,2,3,-4,3,2,2,1,-2,3,-4,3,3,-2	bundled-knot-table
braid:b31f3eb59ca6a4342ec50e333cadf3810f13ecf5398d08d44bcfd22b9f7744af	2	5	-1,-2,3,-2,-4,1,-4,-2,3,-4,3,-2,-4,3	bundled-knot-table
braid:b42170c4164ef1684b7b7672535805ed87f3ed082a8aeeb3dc3586d2542b5594	2	5	-1,-2,-3,4,-3,-2,1,-2,-2,3,-2,4,3,-2	bundled-knot-table
braid:b81e118213f042ff5d85ca8cc52817a07c402689ee6c43bb659f3cb3108187c5	2	5	-1,-2,3,-4,3,3,-2,1,-2,3,-2,-4,3,-2	bundled-knot-table
braid:bb1f61f236babd6ce270a6d2b7da579084e44c93f1b0e48c6e0d6241e512da44	2	5	-1,2,2,3,3,2,-4,1,-2,3,-2,-4,-2,3	bundled-knot-table
braid:bbd10de8fef0acf754091f8fde6b2ac9be7ceadaf215ad1bafdaca2af2601a74	2	5	-1,-2,3,3,-2,3,-4,-3,-3,2,-1,2,-3,4	bundled-knot-table
braid:bbe914107b16aad91987d87c80270552cfe6510c9f6e5b804c386bb3b1f56ca8	2	5	1,1,-2,-2,1,3,3,4,-3,2,-3,2,-4,3	bundled-knot-table
braid:bf244f5f03b82eeb2d785766714365482bff9189cfe4540bb18f2a50435417a2	2	5	-1,-2,3,-2,-4,1,-4,2,3,-4,3,2,-4,3	bundled-knot-table
braid:c0c17a10e245cf5ea4b8f4809aa5f072cc292e2cf8c98b4976455ffa5ac95031	2	5	-1,2,2,-3,-3,2,4,1,2,-3,2,4,2,-3	bundled-knot-table
braid:c0c53558b6fc5f4313fd4f2a5f4aba200c3e8b9cc436723c8f650e0d4f9d9039	2	5	-1,2,3,-4,3,3,2,1,-2,3,-4,3,-2,3	bundled-knot-table
braid:c222d45a82dbacaefee8f0039a24f4bc61e2e19a76c6d192473d84a43482fff4	2	5	-1,2,-3,-3,4,-3,2,-1,-3,2,-4,-3,-3,-3	bundled-knot-table
braid:c2648c77695971b9d5769798daf7ebc15577993feaba0ab29fa9e5277c037ae2	2	5	-1,-2,3,-4,3,3,-2,1,2,3,-4,3,2,3	bundled-knot-table
braid:c31e52ac93db440a262a0ee5a8681b7c2ae01661360800f5305a1d088819861c	2	5	-1,2,-3,2,4,1,3,-2,3,-2,4,-3,-3,4	bundled-knot-table
braid:c3b93a5e53b3f0a05d7b442944b779cd5a8782a161315beccb7bac1a7be88f6d	2	5	-1,-2,3,-2,4,1,-3,2,4,-3,4,-3,-3,2	bundled-knot-table
braid:c713343f3917e2e1642a72dd8aa7cc1dbe45d50f1d57f10986af65cbc86609ad	2	5	-1,-2,3,-2,4,1,2,-3,2,4,-3,2,4,3	bundled-knot-table
braid:c8aafb17fa7204955760a7d181d59b6314752c9f8a7d8235b3d19417d62a6a80	2	5	-1,2,-3,2,4,-3,2,1,2,-3,4,-3,2,4	bundled-knot-table
braid:c99c9ef88a0a3ae8ca3344cc87bdd23b82826d013cddf8a518457e7eb460d301	2	5	-1,2,-3,-4,-3,2,1,2,3,2,4,2,-3,-3	bundled-knot-table
braid:ca2b37d0060ea498904aa09891e23428389683914a9b6f85a2266e610eac2f57	2	5	-1,-2,-3,4,-3,-2,1,2,-3,2,-3,4,-3,2	bundled-knot-table
braid:cb37ad1cbb9d78ecbdb93ed8a56e33c5f595b9be9b0d4f5b05d2b35bdafcc575	2	5	-1,-2,3,-2,1,-2,3,3,3,-2,-4,3,-4,-4	bundled-knot-table
braid:cbd9bab49928777114a35c6734d2d8d264213e8e8c6ccd1ee1d5bb71993eda6d	2	5	-1,-2,3,-2,1,2,-3,4,-3,-3,2,-3,4,4	bundled-knot-table
braid:cc557e96277f35e0c80239cf8de95bdc3dd9f533eb0268fbdf4a02ae3e42c879	2	5	-1,2,-3,-3,-3,4,-3,2,2,1,2,-3,2,4	bundled-knot-table
braid:ccf41983012e695c5e82dac6bf598ee29f1f30e6d40e4f8d563dab3e36f4e830	2	5	-1,2,-3,-3,4,-3,2,1,-2,3,-2,4,-3,4	bundled-knot-table
braid:cd690bbf9c6922b9268b2a9cbd301f413c5c2234b07df129bedfa64b11c6d23e	2	5	-1,2,3,-4,3,2,-4,2,1,2,3,-4,3,2	bundled-knot-table
braid:ce0c1439c3c21554e2d2fc0f6dd948d8534de13ad70c1b0058c8c97417cc1ea5	2	5	-1,-2,3,-2,4,1,-2,-3,-3,4,4,-3,-2,3	bundled-knot-table
braid:cf8625867cdbd5f09ae4e5097265f2d22730c7d4814847b96bf3422830f71550	2	5	-1,2,-3,4,-3,2,1,2,-3,2,-3,4,-3,2	bundled-knot-table
braid:d00081c7ed2992cc5fd97e25c5a7062326f9cefb441d589f2e1b3ec61e1e46b1	2	5	-1,2,3,-4,3,2,2,1,2,3,-4,3,2,3	bundled-knot-table
braid:d0dac0abde1e3eaeff09f79fd36db4a17346c085657d99a469740d649db20ba5	2	5	-1,-2,-3,-4,3,-2,1,-2,3,3,4,-3,-2,-3	bundled-knot-table
braid:d17b932d9af4e2807b05830c97eae091b831817fa7e956713fae1ffeaf5cbc3c	2	5	-1,-2,-3,4,-3,-2,1,-2,-3,2,-3,-4,-3,-2	bundled-knot-table
braid:d1f075f125194aab082d55c7278c17dad48705cf29661c8dfa90f7f56c747666	2	5	-1,-2,3,-2,1,2,-3,2,4,-3,2,4,-3,4	bundled-knot-table
braid:d35ec18a8794a9988a5a0c64e4ff8c1b67f2cb6b16071dc64d6c0db8a1591950	2	5	-1,-2,3,-2,-4,-2,-2,1,3,-2,3,-4,3,-2	bundled-knot-table
braid:d482304aca169d0f9273999a04cf1ebc2d40fb15a9e4430aba02102444751661	2	5	-1,2,2,3,3,2,1,-2,3,-2,-4,3,-2,-4	bundled-knot-table
braid:d51540a4e9c6e812b79fb81506a602b4052368629ddbab0b59e42bd8dc4564bd	2	5	-1,2,3,-4,3,2,1,2,3,3,4,3,2,2	bundled-knot-table
braid:d5233d39cd58a35b877649b235ec684c9062435d92b73458c8db3aa5781b8d7f	2	5	1,1,2,2,1,-3,-3,4,-3,2,-3,2,-4,-3	bundled-knot-table
braid:d55315a89bd1308113b7501c8ae48358be775194975f81402e913cfb6465587d	2	5	-1,2,-3,2,4,1,-3,-3,2,2,-3,-4,-3,2	bundled-knot-table
braid:d58e29997e7ec8c912b41d13dbcbbe34023652b331fabd27c67f4df5036d327d	2	5	-1,2,-3,2,4,-3,-3,2,1,2,-3,4,-3,2	bundled-knot-table
braid:d6c752a13f1ab3d8545d37510e140dca038fff4545c5c85176029fc8bf744051	2	5	-1,2,-3,2,1,2,2,-3,2,-4,-3,2,-3,4	bundled-knot-table
braid:d6ec317986f8c2d9c1ddedc3e31060027e10a43fb2fe715b1cc0fe08573cf8c9	2	5	-1,-2,3,-2,-2,3,4,-3,2,-1,-3,2,-4,3	bundled-knot-table
braid:d7515a0dcdc388dcdb9a5017dbcc0b6d3dbc9e847cc02c096604f0d14304bdb6	2	5	-1,-2,3,-2,1,-2,3,-2,3,-4,3,-2,3,-4	bundled-knot-table
braid:d8ece9acef0d676f259d6f9313ca2c0cb912c199d80f01cbc3f8992f9f33aa70	2	5	-1,2,-3,4,-3,2,1,-3,2,-3,4,-3,2,4	bundled-knot-table
braid:db515f7ceef1dd1bf0fa6997a5a37554be3294030329982e36971e06d60f2cff	2	5	-1,-2,3,-2,4,1,2,-3,2,4,4,-3,2,2	bundled-knot-table
braid:dc7de3d883170cdab5d0206a305d822c557f860137601315230efcaacf750af7	2	5	-1,2,-3,4,-3,2,4,2,4,1,2,-3,2,4	bundled-knot-table
braid:dcb8a6c0065ea05f5338e5f675cf13f455c45ae99fa9ff6f17a028b9501cdc84	2	5	-1,-2,3,-2,1,2,-3,4,-3,2,4,-3,4,4	bundled-knot-table
braid:dd3da7d21dd71314e7d2a3fafab3361c02426f76c9db91f20c6b47840b98d04f	2	5	-1,2,-3,2,-4,2,2,1,-3,-2,-3,4,-3,2	bundled-knot-table
braid:dd579742418d3dbddfbe615edb9c388179bfaaa1b51ffa6e34b2f780823b86d9	2	5	-1,2,-3,4,-3,-3,-3,2,2,1,2,-3,2,4	bundled-knot-table
braid:de38dc5564a28dbf0eccc5db7b2e68e6130c13105e6eb72dc4ff51ce1f8c3cb4	2	5	-1,-2,3,3,3,-2,-4,1,3,-2,3,-4,3,-2	bundled-knot-table
braid:dedbcbe15b1a0339aef03d70d5ea215687010081bad4da1a6a12df62392df2e9	2	5	-1,2,-3,2,-4,-3,2,1,-3,2,-3,2,4,-3	bundled-knot-table
braid:defec2677c684390c6dd90aa62a000272b6bcd74c6e7de835bfb8452463b3bc3	2	5	-1,-2,3,3,-4,3,-2,1,-2,3,-2,3,-4,3	bundled-knot-table
braid:dfdc5516cc8e6ea324171eb7264ed58bba7cbafa16ac7a04d914a1c235ac9191	2	5	-1,2,2,-3,-3,2,1,2,-3,4,-3,2,-3,4	bundled-knot-table
braid:e0edb976ede796e386e70eb68d9e5ad5d8a8e119007596382901e3664d9b4327	2	5	-1,-2,3,-2,4,3,-2,1,-2,-3,4,-3,-2,4	bundled-knot-table
braid:e232e1b5bfcbd5f44a3343c98aa309d3a480edc793b2df793720b16d7366a65b	2	5	-1,-2,3,-2,-4,-2,3,-2,1,-2,3,-2,4,3	bundled-knot-table
braid:e30a357dc3bd2f37790c0501a34aa6208d03225a1f69f5393fd2a325c363a7fa	2	5	-1,-2,3,-2,4,1,2,-3,-3,4,4,-3,2,3	bundled-knot-table
braid:e3ffa0c78d080a67e8952cd7182ccf5a93d912ff2e4f68ca641a6c87ebc2a5a4	2	5	-1,2,2,-3,-3,-4,3,3,2,-1,2,3,4,-3	bundled-knot-table
braid:e4d8bf76f5d7e7ff404b645f221893896c06a4400b93b34d40f5425faf2707e7	2	5	-1,2,-3,-4,-3,2,1,2,-3,-3,4,-3,2,2	bundled-knot-table
braid:e508e18e6954bcff8a9ddf3382c71049a2a006b82e6cfe662175b8e786c8c70c	2	5	-1,2,2,-3,-3,2,1,2,-3,2,4,-3,2,4	bundled-knot-table
braid:e53daf3c3a13ea11d614f2ca66c38b359492af5abc2f8cddd4d1de71aeace35a	2	5	1,1,-2,3,-2,3,4,3,-2,3,-2,-4,1,-2	bundled-knot-table
braid:e8bdcce26a0c986de89c5ed7d610607abdb4151a893e66104f4d58d71c3165a9	2	5	-1,-2,3,-2,-4,1,2,3,3,-4,3,2,3,-4	bundled-knot-table
braid:e9504d868c64ebf101d69aab4153558e80db66d05fa51c976f22483970119ad2	2	5	-1,-2,3,-2,1,-2,3,-2,-4,3,-4,-4,-4,-4	bundled-knot-table
braid:ebf676023d1e13b524935ab32b7e0eb35ff1c237fca75ddfc48090f226030849	2	5	-1,2,-3,4,-3,2,4,2,1,-2,-3,4,-3,-2	bundled-knot-table
braid:edd8ec95f918b2f3b6d874de771916c3aa1a5c28594147e3087cf99916df7b1f	2	5	-1,2,-3,4,-3,2,1,2,2,-3,2,4,-3,2	bundled-knot-table
braid:ee758c52b9421517dc99aef2eb7f9f1c141ad98627189937a20926d8fa321e6e	2	5	-1,-2,3,-2,4,1,-3,-3,-3,-2,4,3,-2,4	bundled-knot-table
braid:ef4dcd49cddf82f14add97280f3cbd8b88ebeffaf1fbe8c73d10ba6c6f7f700f	2	5	-1,-2,3,-2,4,1,-3,-2,4,-3,4,3,3,-2	bundled-knot-table
braid:f0f852d1a8df31423e451b275ec9b11740a63b8d1f4764a6b3da8fdc67131276	2	5	-1,2,3,-4,-3,2,1,2,-3,-3,4,3,2,2	bundled-knot-table
braid:f1229eae7b4976506d49605fe892b234f362b82ae69e9adea9bccab10a3522e8	2	5	-1,-2,3,-2,-4,1,3,3,3,-2,-4,3,-2,-4	bundled-knot-table
braid:f178b4ad5d4254d8e8fc460514d9e75a1f3c69971d9d17827c0be8d8d55c404c	2	5	-1,-2,3,-2,-4,1,-2,3,-2,3,3,-4,-4,3	bundled-knot-table
braid:f44f608a049339c7d306fc10fe60c4192998f69a55dc29f975e1d5b3ad183bec	2	5	-1,-2,3,-2,4,1,-2,-3,4,-3,-3,-2,4,3	bundled-knot-table
braid:f48e1e228bc028673ff7721b09cbadad93150f5eac49b3842ea34f03e572ace1	2	5	-1,-2,3,-2,-4,1,2,-3,-3,-3,2,-4,-4,3	bundled-knot-table
braid:f54097c0b872241900c49fc90ad276cea27e6503a31ab224c064e6d8a0294343	2	5	-1,-2,-2,-3,-3,-4,-3,-3,2,-1,2,-3,4,-3	bundled-knot-table
braid:fb039fe1fe0f3f2dd09d380760cfe054be5d74283bb1bd0df58924c54797454c	2	5	1,1,-2,-2,1,3,-2,3,4,3,-2,3,-2,-4	bundled-knot-table
braid:ff2ec4165794fbdea1336f710041d15ca7f2c9af31f7eefd71214aae25cc24f6	2	5	-1,2,3,4,3,2,1,3,2,3,-4,3,3,2	bundled-knot-table
braid:002f21e27bea3372e072dc3cf3000c32a8d664a16ec41f9cc4489cce657c86f5	2	5	-1,-2,3,-2,3,-2,-4,3,-2,1,3,-2,3,4,3,2	bundled-knot-table
braid:0047c7c964213c3d16d9f6954d188ec49ffbc8bf07eb2d746063f9ecf0af3c07	2	5	-1,-2,3,-4,-3,-2,1,-2,-3,4,3,3,-2,3,3,-2	bundled-knot-table
braid:009e2c828fd2e5a1fec5080b21c0add49bc37f5565a34bfc271930f657b6eebd	2	5	-1,2,-3,2,4,-1,-3,2,-3,-4,3,2,-1,-1,2,2	bundled-knot-table
braid:0112c4af8b0e50d0d1fccb1970150b94643a90fa8d2b67ec513761631b88f27f	2	5	-1,-2,3,-4,3,-2,-2,-2,3,-2,1,-2,3,4,3,-2	bundled-knot-table
braid:02123f3dfe0be599744d1d01ecc81763ff47d0bacdda21bcf5d57d1398cd49da	2	5	1,-2,3,-2,4,-2,1,3,3,-2,-2,-2,3,-4,-3,-2	bundled-knot-table
braid:031432e825b0d1af98238883de818efe16a7bcb380afb78efb569e8b6bc3d56c	2	5	1,2,2,3,-2,1,-2,-3,4,3,-2,1,3,-2,3,-4	bundled-knot-table
braid:039ebbd323435c156d58ddf2a40bf51d7701606b2d6f8ba26aba33ff1ca70706	2	5	-1,-2,-3,4,3,3,-2,1,-2,-2,3,-4,-3,-2,-2,-2	bundled-knot-table
braid:03ecf5229f80a096fa9063e207517ebeae11ace862320f25c90822560a664371	2	5	-1,-2,3,-2,-4,3,-2,1,-2,3,3,3,3,4,3,-2	bundled-knot-table
braid:03fd6d66bc06030aad33e3f2a77a433a4bcff03f9926ff5a264266723df03f97	2	5	-1,2,-3,4,3,3,2,1,2,3,2,-4,-3,2,-3,2	bundled-knot-table
braid:0462329191886e4cf1a09ec0d11a6e931c9bbb159a812b7ceabcafb09d84b84a	2	5	-1,-2,3,4,3,-2,1,-2,3,-2,-4,3,-2,3,-2,3	bundled-knot-table
braid:06e69096dc81dff799c57bba6b1571dd82c0f63aeb6a1e0eafd2db4af1e44f7f	2	5	-1,-2,3,4,3,3,-2,1,-2,-2,3,-4,3,-2,-2,-2	bundled-knot-table
braid:0747b9459bec0575171c6a397ec49f5277791b4297dc2c202db32d9aea05c5b4	2	5	1,-2,3,-2,3,-4,3,-2,1,-2,1,-3,-2,4,3,-2	bundled-knot-table
braid:076214f8f3bcb7c7197781f41d27448b2256bb1464aa34c9a62ced26c8519d48	2	5	-1,-2,3,4,3,3,-2,1,2,3,-4,3,2,3,3,2	bundled-knot-table
braid:0827001f665c9d9d76b2952c7a34d448e5203e3c87fccc7b2a530a3ad5d5e695	2	5	-1,2,-3,4,3,2,2,1,2,2,3,3,-4,-3,2,-3	bundled-knot-table
braid:08cedc40ab43002f601f635d956d2fe65e89090363cad3f34105c9da32bb3e5b	2	5	-1,2,3,-4,3,2,1,-2,3,-2,3,3,4,3,-2,-2	bundled-knot-table
braid:0a3ff35748b43b904694a2cbe526d0eadd007267feb5695f2ec4b0d97b1c3dec	2	5	-1,2,-3,2,-3,4,-3,2,1,-3,2,-4,-3,2,2,2	bundled-knot-table
braid:0a45bc66a4c19cb7cc591e3e89abeef8da5404dae452dfc6b7e576f7e058ffc6	2	5	-1,2,-3,-4,3,2,1,2,-3,2,4,-3,-3,2,-3,-3	bundled-knot-table
braid:0a72fb4ff3db9bede35659ae9be57492d95b2c1249aa669c83708be7172fc9c2	2	5	-1,2,-3,2,-4,-1,2,3,2,-1,2,-3,2,4,-1,-3	bundled-knot-table
braid:0b7a917eca5cf9787df6d226bca4ebaa959e28a874ba9b14ce9d6ab75aece94c	2	5	-1,-2,-2,-2,3,-2,1,-2,3,4,3,-2,-2,3,3,-4	bundled-knot-table
braid:0be3d5393b7f961964ab2208d9652bd2785bb700c0cd760f08d86450cac61876	2	5	-1,-2,-2,-2,3,-4,3,-2,3,-2,1,2,3,4,3,2	bundled-knot-table
braid:0c5e8d1866e8b6e70997ba346013fb0cff411b63b3004f5f46914c7e2f6b8bf3	2	5	1,-2,3,-2,1,-2,1,-3,-2,4,1,3,-2,1,3,-4	bundled-knot-table
braid:0c6723b80322bbc52f75c03ebb83f604066d373321e6221c1953b42c83cc2157	2	5	-1,-2,3,-4,3,-2,1,-2,-3,-2,4,3,-2,3,-2,3	bundled-knot-table
braid:0d1e8e096301c42c28a42ab28835141a86e1d350ae01ec69ea5b5265009734a9	2	5	-1,-2,3,4,3,3,-2,1,-2,3,-2,-4,3,-2,3,-2	bundled-knot-table
braid:0e2844c016d113a024db9e77bfcd4840ea2f73466abff8c18a1c61eddfc6a71f	2	5	1,-2,-2,3,-2,1,-2,-3,4,3,-2,1,-2,3,-2,-4	bundled-knot-table
braid:0e9cab55041915d9fb597edd705544bbe3fb14a1b3a34c71f3cc05040fd1570a	2	5	-1,-2,3,4,-3,-2,-3,-2,1,2,-3,-4,3,2,3,2	bundled-knot-table
braid:0f2c0588f2eaf896c5e9528977f294951dce6257930f1e50ec89fac6d0ad30ec	2	5	-1,-2,3,3,-2,4,3,3,-2,1,-2,3,-2,-4,3,-2	bundled-knot-table
braid:0f33587cbcc751aae34b54f54cf7d3a74075b526f6768edec8639e29941364ef	2	5	-1,2,-3,2,-4,3,2,1,2,3,3,4,-3,2,2,2	bundled-knot-table
braid:0f6c3c6aed7b25bb691b1bd922382028b8281901b62ea41320c23029b242a608	2	5	-1,-2,3,-2,-4,3,-2,1,-2,3,3,-2,4,-2,3,-2	bundled-knot-table
braid:100a21c356afa27dbf98638151f6c037ff4c673faa614bc1b23027feed35251c	2	5	-1,-2,3,3,3,-2,1,3,3,4,3,-2,3,-4,3,2	bundled-knot-table
braid:103984d7fe8565e2bce9c8e4b6909be5dd9c4dc1b792a6015d1cf1db094014e0	2	5	-1,2,-3,2,-4,3,2,1,2,3,3,4,-3,2,-3,-3	bundled-knot-table
braid:10a97a3305ac8972b36e67e32ff86b95ae74c5b75f71511aa6b22c5fda3232f4	2	5	-1,2,2,-3,2,-3,-3,4,-3,2,1,-3,2,-4,-3,2	bundled-knot-table
braid:117b816ddefe3e21d515fe80e557ae8d7b7be3b94fcc985a910a812681d0a293	2	5	-1,-2,-3,4,3,3,-2,1,3,3,3,-2,-4,-2,3,-2	bundled-knot-table
braid:11a3cbb6b5794c7570a0dd4b0a334270082c52938edfc4d4e374c1d537ea5c75	2	5	-1,-2,3,3,3,-2,-4,-2,-2,1,3,-2,3,4,3,2	bundled-knot-table
braid:1371139430cf183f1e6fe6aa6a54dc9960a9cc17502024da060ac24d4b0759d2	2	5	-1,2,3,4,3,3,2,1,2,2,3,-4,3,2,2,2	bundled-knot-table
braid:13857b8b35e127b1d613b05f7822de088c1f53a3c6a89bbb215c327c22895dbf	2	5	-1,2,-3,4,3,3,2,1,2,2,3,-4,-3,2,2,2	bundled-knot-table
braid:1405e67f084300a3d195d6dc120a1875a9a4899f18032794784c287663d528f2	2	5	-1,-2,3,4,3,3,-2,-2,-2,1,3,-2,-4,-2,3,-2	bundled-knot-table
braid:1410eb54c4e82b3e70e26ebd722a78844c802f30e7ec21da1232f633cf0561b7	2	5	-1,2,-3,-4,-3,2,1,-3,2,2,-3,4,-3,2,-3,2	bundled-knot-table
braid:142d90dfe97336fd99364ba898f525c9c833a1df59126935048f6a1207508d90	2	5	-1,2,-3,2,-3,-4,3,2,1,3,2,3,4,3,3,-2	bundled-knot-table
braid:144132eeba17539a595f9f7bd949bcef5ac5e4c14661aa3e4e332e2b39de033d	2	5	1,-2,3,2,4,-3,2,1,1,-2,-2,-3,-4,-3,-2,-2	bundled-knot-table
braid:149c2fec368429ff894ea9720447099c31fcddcbe7920e20dff8348c740f904b	2	5	-1,2,-3,4,-3,2,-3,2,1,2,-3,2,-4,-3,2,2	bundled-knot-table
braid:14d6b0db578d23d1201ffd4bba08e35e832003654490e243bb4a602ff4441c33	2	5	-1,-2,-3,4,3,3,-2,1,-2,-2,-2,3,-4,-3,-2,-2	bundled-knot-table
braid:15d02d0e1a39cde697da59593ec921c08eadaa7b3da739e485d7e12c2dba54fc	2	5	-1,2,2,2,-3,2,4,-1,-3,2,-3,-4,3,2,2,2	bundled-knot-table
braid:16049619a90ea5553510905cdb15cfd1e04c36fdb95ce01a8cb2aafce83d8917	2	5	1,-2,3,-4,3,-2,1,-2,1,-3,-2,4,3,-2,-2,3	bundled-knot-table
braid:1615a62a7be56dc3462224622cea2cc23c6c37b23021b6cccfec904a6aa71a69	2	5	-1,2,-3,-3,-3,4,3,2,1,2,3,3,-4,-3,2,-3	bundled-knot-table
braid:1800be5af15f360c596999e3b67e044cf2ecb08db986b03258354d0f01a48bf6	2	5	-1,2,3,4,3,3,2,2,2,1,2,3,-4,3,2,2	bundled-knot-table
braid:1855cfcc8e07d20c956511972be2332f5f65e8d81bc6131124e37cfff54d79b4	2	5	-1,2,3,4,-3,2,1,-3,2,2,2,-3,-3,-4,3,2	bundled-knot-table
braid:186e28b02f32ba4a6490622abfbd35381553ddce11a3ec047e04cb7b023c6960	2	5	-1,-2,3,-2,-4,-2,3,3,-2,1,2,3,4,3,2,2	bundled-knot-table
braid:1894491017f6fd0c772530f5df00a4dc2e93266b830f201b155859b5472575ce	2	5	-1,-2,3,-2,-4,3,-2,-2,1,3,2,3,4,3,-2,3	bundled-knot-table
braid:18a43cdd48eb78d99f0e41e9c0e6af7bd29e6c7059bb1c0ce6ecbf5199fda0a8	2	5	-1,-2,-2,3,-2,-4,3,-2,-2,1,2,3,4,3,3,2	bundled-knot-table
braid:18bc7a698b3fc4ce1a0f125b5d9654ec4e3724c7f8f4fc824f07e41b24366037	2	5	1,-2,3,2,4,1,-3,-2,-2,1,-2,-3,-4,-3,-2,-2	bundled-knot-table
braid:194e18f851bb9cfa8f0a9ca3f28a8fb329b33c7ab9b7d3381e26e5aaaa450a53	2	5	1,-2,3,-4,3,-2,1,-2,-3,2,4,2,1,-2,3,3	bundled-knot-table
braid:19624f86e1a86e98056588d0209bde7eded6840ebc4b04f11183e29dd913bb9a	2	5	-1,-2,-2,3,4,3,-2,1,3,3,2,3,-4,3,-2,3	bundled-knot-table
braid:199f2315a9bea49bfee7d2dd04b6014d37ea8aefdb378ba01e49fa96ecf1f927	2	5	-1,2,3,-2,1,-2,-3,4,-3,2,-1,2,-1,-3,2,-4	bundled-knot-table
braid:19dfb3982f23da6f4d87ecb9f2f7d2025c0cd1c167c028462a475ba557800efc	2	5	-1,2,-3,2,4,-3,2,2,2,2,1,2,-3,-4,-3,2	bundled-knot-table
braid:1a37ca8cb854f12bad824304b35fc71bb8c2941352c65462f26499c52294f6d8	2	5	-1,2,3,2,4,2,-1,-3,2,-1,-3,-1,-4,2,-3,2	bundled-knot-table
braid:1aeded0d808b2ebe9cf0f309c6f66bcf3c7efc1b964c9a078dc74a88a0d1c9f5	2	5	-1,2,-3,2,4,-3,2,1,2,2,2,2,-3,-4,-3,2	bundled-knot-table
braid:1b9c569193e15dc08c5bbda20ecaf078f95770df7219abf875976b13659be7e3	2	5	-1,-2,3,-2,-4,3,-2,1,-2,3,3,-2,4,3,-2,3	bundled-knot-table
braid:1ccb117aecf3ffd0ae2a639e21d22f223f75a26e59766e6ca1d28b73d9ed8049	2	5	-1,2,-3,2,4,3,3,2,-1,2,-1,3,2,-4,3,2	bundled-knot-table
braid:1cdf5322ca251f1797b4247de79dbd078d4feb3bf0dcea2a317a71c5d46f876c	2	5	-1,-2,3,4,3,3,-2,1,-2,-2,3,-2,-4,-2,3,-2	bundled-knot-table
braid:1d7fc9b820928c1cd938d4c99fc3762a5efc386cb721ff0bb9c7f73e8de5ece9	2	5	-1,2,3,2,-1,-1,2,2,-3,2,4,-3,2,-3,2,-4	bundled-knot-table
braid:1f86dd0ebd736a5c31ed1140dcb54079bd48e20ad3a7a3049d3b3d2e2731f96c	2	5	-1,2,-3,2,-3,-4,-3,2,2,1,2,-3,4,-3,-3,2	bundled-knot-table
braid:209acee034aa4bc23bb1deeb4f4423b914e9ae2abb5e4750818e0a30ca99e7b2	2	5	-1,2,-3,2,-3,4,-3,2,1,-3,-4,-3,-3,2,-3,2	bundled-knot-table
braid:214a797b7f8a587a1e3629cb9b06d90a20cfb0a5c3dd45d719781a50baae4753	2	5	-1,2,-3,-4,-3,-3,-2,-2,3,-2,1,-2,3,-2,4,-3	bundled-knot-table
braid:224a679eca0918e31dc0b0019e3a86d65d249184d89e69be5d93bb0fa7deb78c	2	5	-1,-2,3,-2,4,3,3,-2,-2,1,-2,3,-2,-4,3,-2	bundled-knot-table
braid:2262f2ffbf8ad32764971c81e37b88a5d9af48b49c473b4a6c3f8fe8955a75f8	2	5	-1,-2,3,-2,-4,3,-2,-2,-2,1,-2,3,3,4,3,-2	bundled-knot-table
braid:2281be5da8a2b70c8a27f18d3bcd24128734e8d248b1835268f25c3599e49a60	2	5	-1,-2,-3,-2,4,3,3,-2,1,-2,3,-4,-3,-2,-2,-3	bundled-knot-table
braid:23f9df08389ba31d92df4a274c66b1064e03b41122e51e394c2e36bd572d6a63	2	5	-1,2,2,3,-4,3,-2,3,-2,1,-2,3,4,3,3,-2	bundled-knot-table
braid:25a280035bdd43461632d491e4d2d8f8e7cfd00141d1b85b65fba3092f5665d0	2	5	-1,-2,-2,3,4,3,-2,-2,3,3,-2,-4,1,-2,3,-2	bundled-knot-table
braid:25f9d04e47b04003590d9c2c2234067e695f3716765968faab54ca523c072647	2	5	-1,2,-3,-4,-3,-3,2,2,-3,2,1,2,-3,2,4,-3	bundled-knot-table
braid:26546858ea8fcadd539b83af0332beb0337baefc5f266a3e93e900ebba12334a	2	5	-1,2,-3,2,-4,3,2,2,-1,2,-3,2,4,-1,-3,2	bundled-knot-table
braid:27854a456df6593c4a3d470e777ca1e05013dde822534d3f341e1040e02e7a2a	2	5	1,-2,-3,-2,4,1,3,3,-2,1,3,1,-4,-2,3,-2	bundled-knot-table
braid:2993e21f201301dabbfbecb4013b197e363810df6c067132d9e142a19c676df1	2	5	-1,2,-3,4,3,3,2,1,2,3,-4,-3,2,-3,-3,2	bundled-knot-table
braid:2afbf57c8b2fa86c5bd24fc6bacda9f538cd638e5391851bb0666a08f5ef13d6	2	5	-1,2,-3,2,4,-1,-3,-1,-1,2,-3,-4,3,2,-1,-1	bundled-knot-table
braid:2b27ee689e127091bf5504a56beba85258283bd850cb04c5767209042a885274	2	5	1,-2,1,3,2,-4,3,-2,1,-2,1,-3,2,4,-3,-2	bundled-knot-table
braid:2b46cb483721c831259ae54b9e77fc3c1d2d6d6874480bc8b279cde469b04ece	2	5	-1,-2,3,4,3,-2,-2,3,-2,1,-2,3,-4,3,-2,3	bundled-knot-table
braid:2c59c939a266c2d17246d06f37ea411e642b8402f9045f86ad7e3a1caa27f79a	2	5	-1,2,-3,2,-3,-3,4,3,2,1,2,3,3,-4,-3,2	bundled-knot-table
braid:2d66eb3044422015ed74558d64e4f206d3637e3133cef48589cca03f69c9b03e	2	5	-1,-2,-2,-2,-3,2,-3,4,-3,2,1,-3,-2,-4,3,-2	bundled-knot-table
braid:2ed907efd99db5a75770d09a7f2bb906c8d12a563928a5abd7b83492c122b071	2	5	1,-2,3,-2,4,-2,1,-3,2,-3,2,-4,-3,-2,-2,-2	bundled-knot-table
braid:2f5f25e4d15fcdb93eb26744f5bc06f9773b08a469f625d7499871ec70eb36fd	2	5	-1,2,3,-4,3,2,1,2,3,4,3,3,2,-3,-3,2	bundled-knot-table
braid:308255856a03f231d8598b29273d8ddf5a79ae0b1768fb45ea2dfd4c088a2e50	2	5	-1,2,-3,-2,3,-4,3,-2,1,-3,2,-3,4,-3,-3,-2	bundled-knot-table
braid:31b07c267e47f45215189aff43470c33e355fcb8514837fb17229baf9b9cc242	2	5	-1,2,-3,2,4,-1,-3,2,-3,-4,3,2,2,-1,-1,2	bundled-knot-table
braid:31d07282d857e8c08e70640b3ff668e31577679129eda52bcaf75bdf4313f6ed	2	5	-1,2,3,2,4,2,-1,-3,2,-3,2,-4,-3,2,2,2	bundled-knot-table
braid:32d783c3e585bd57037ea35f9c38103b443fafcd4039d816d5af06cb91ccb06a	2	5	-1,2,-3,-4,-3,2,1,2,-3,2,4,2,-3,2,-3,2	bundled-knot-table
braid:33049b2cecdcca99f3ed3f426adfc0e76c522294d22424df8886915086169b59	2	5	-1,2,-3,-4,-3,-3,-3,-3,2,1,-3,-2,-3,4,-3,2	bundled-knot-table
braid:338fe6a3f4fbf93286fba83572902122d9d69c04bf531d49cc7f2ba3de23c177	2	5	1,-2,3,-4,3,-2,1,-2,1,-3,-2,4,1,3,-2,3	bundled-knot-table
braid:33c71cfa12c4c6d969aa0af529175362f8c3c46605a1a01022945f3918d941ae	2	5	-1,2,-3,-4,3,2,1,2,2,-3,2,4,-3,2,-3,-3	bundled-knot-table
braid:34664ef279ba5786782be587567aabc1e610c53abce34823ab247a63467a8bf2	2	5	-1,2,3,2,4,3,2,1,2,2,2,2,3,-4,3,2	bundled-knot-table
braid:34a8c5e8c81d3fc958db73d3dae624e5d70f3c540750f140071ca41376f6e126	2	5	-1,2,-3,2,4,-1,-3,-3,-3,2,-3,-4,3,2,2,2	bundled-knot-table
braid:3525b7d6cdf005ead76bc81796aecd27e5f1c1358b19bc89a198808f7a37a714	2	5	-1,2,3,2,-4,3,2,1,2,3,3,4,3,2,2,2	bundled-knot-table
braid:35a8f0c21a22591809164b945a42f49e216a0b57e8653564226748b785c5d607	2	5	-1,2,3,2,4,-1,-3,-1,2,-3,-4,-3,2,2,-1,-1	bundled-knot-table
braid:35ce68f083650fa149c94d955e0c9d4bd9905dd7c7c55a2f19309619a1e6e9b9	2	5	-1,2,3,3,-4,3,-2,1,3,-4,3,-2,3,-4,3,2	bundled-knot-table
braid:35ec238f42667a3a2fc6201859450ad8483d36a3e474dcaf77c86048ec5c18fb	2	5	-1,2,-3,2,4,-1,-3,2,-3,-4,3,2,2,2,2,2	bundled-knot-table
braid:37655e8d02ce8e6dbd1b1bf5d768a2664ad80f8f5f7b86d8ccbf65e88ae72cda	2	5	-1,2,-3,2,4,3,3,2,2,1,2,3,2,-4,-3,2	bundled-knot-table
braid:392d4aee02c8286ead752fb61822a8f25a14577318ea963df11a12c510ff34b5	2	5	-1,-2,3,-4,3,-2,1,-2,-3,4,3,-2,3,-2,3,3	bundled-knot-table
braid:3a3b9283a823bdd9ee83b50eb4a7b6c2fbbe629202b5a859d934a718ece61c79	2	5	-1,2,-3,2,4,-1,3,3,2,2,2,3,2,-4,3,2	bundled-knot-table
braid:3af4248145d7b9f01111b628c88e604a5dbe046d73437c6be6c389033ce2d0be	2	5	-1,-2,3,4,-3,-3,-2,1,-2,3,3,-2,3,-4,3,-2	bundled-knot-table
braid:3b4ff87029f15917da3043151e4ac28776ccd4503a6fd34b6a416d32b4395816	2	5	-1,2,3,2,4,2,2,2,-1,-3,2,-3,2,-4,-3,2	bundled-knot-table
braid:3b97ebe34ef4c9f95bb1a166306bba713c15c2f5aa10224313e1601f7d06a161	2	5	-1,2,-3,4,-3,-3,2,1,2,-3,2,-3,2,-4,-3,2	bundled-knot-table
braid:3cc409f31d81e450c31ae5b9edc1ca7716e78a1cd08fbb94ed78c5883108c06c	2	5	-1,2,2,-3,2,-4,3,2,2,-1,2,-3,2,4,-3,2	bundled-knot-table
braid:3cc880da0680239e360e58e7be33828e1fdc0ef6fedb7735eb50f700f7a06624	2	5	-1,-2,3,-4,3,-2,1,-2,-3,-2,4,-2,-1,2,3,3	bundled-knot-table
braid:3d7e044ff8b714346dae7861b2d2abeed9944f9ae5c44fb3314ce2873eebb28b	2	5	-1,-2,3,4,3,-2,-2,1,3,3,-4,3,-2,3,-2,-2	bundled-knot-table
braid:3dd06f53e33bb1f2b1be475c3a064c60dd86fdedcd8e9d91756c9e0d8939c6ca	2	5	-1,2,-1,2,3,2,4,-1,-3,-1,2,-3,-4,-3,2,-1	bundled-knot-table
braid:3e6a1b6f90a8d2398b5705689a2114c34c5ebc2924555c7b1933cce5ac025bbe	2	5	1,-2,-3,4,3,-2,-2,3,3,-2,-4,1,-2,1,3,-2	bundled-knot-table
braid:3f6c145e5735ecb5e2f5647e91b5901cc47caa7271aeda17ac5278e37ee5313d	2	5	-1,2,-3,2,4,-1,-3,2,-1,-3,-1,-4,2,2,3,2	bundled-knot-table
braid:3fa20c0dbae5cf180d349545e1fbae930af580534be8cc0da58a4a8ea90d0cfb	2	5	-1,2,2,3,2,-4,2,3,2,1,2,-3,4,3,2,3	bundled-knot-table
braid:42270d34ca3bd15cd88a802620d6ad6be42b61d80deb424db1fcde930fea9877	2	5	1,2,-3,-4,3,-2,1,-2,-3,-2,4,-2,1,-2,-3,-3	bundled-knot-table
braid:426996f57a9690169d8d61274ded695cc2cc18eaa87c3f916094a5af288b6776	2	5	-1,2,-3,4,-3,2,1,2,2,-3,2,-4,2,2,-3,2	bundled-knot-table
braid:438f751a955e04a42bd97f26826462fa5f0314277aa60a87aa1bf6b4df7d2461	2	5	-1,2,-3,2,-4,3,3,3,2,1,2,3,3,4,-3,2	bundled-knot-table
braid:45298a993a0296132e5ec312323ae036c6b5c3c0409a81b88c1582e4cf51a283	2	5	-1,2,-3,-4,-3,2,1,2,2,-3,2,-3,4,-3,2,2	bundled-knot-table
braid:459647d5201a605816cf4518704fe0526ba78a15a59dc8eded184bd703a32c14	2	5	-1,-2,3,4,3,-2,-2,1,-2,-2,3,3,-4,3,-2,3	bundled-knot-table
braid:460d186b422b3f6092b15bf4223339d6dda3eb15ec24c33edfa6aa6b149c6a6c	2	5	-1,-2,3,4,3,3,-2,1,2,2,3,-4,3,2,2,2	bundled-knot-table
braid:46405c94d3ab15614ecc20360ce4a0db6b7afc1c62ae3081c8a2467b64894b41	2	5	-1,-2,-2,-2,3,-4,3,-2,3,-2,1,-2,3,4,3,-2	bundled-knot-table
braid:466fbc67e76e50f964bd30ba8f893f75ffea7e3a4ffbe3cb5ec533197f664b80	2	5	-1,2,-3,2,4,2,2,1,-3,2,-3,2,-4,-3,2,-3	bundled-knot-table
braid:46ff9b07699c13501492e651b1c81b8c97c90450b4db9dd8d0d57b02f007c534	2	5	-1,2,-3,2,-4,-1,-3,2,-1,2,2,3,2,4,2,-3	bundled-knot-table
braid:4736cf49b2e49fb2e92542a16e645c3e6648e91ab0f6399962853d47d5ce2245	2	5	-1,-2,3,-4,3,-2,-2,-2,3,-2,1,2,3,4,3,2	bundled-knot-table
braid:47bfb3f8c551fa020303c2ec34dea2467d40dfbcc6b8622b52fba48f7543013c	2	5	-1,-2,-2,3,-2,-4,3,-2,-2,1,-2,3,4,3,3,-2	bundled-knot-table
braid:4897721d0d74b0e691389f71ecec4f89cfc14619ff46df0efbb71d4736592d27	2	5	1,-2,3,-4,3,-2,1,-2,1,-3,-2,4,3,3,3,3	bundled-knot-table
braid:4a06d1cd6722b048c8e102f7a4d5676517ae45b9c3d634c299cad016f4a9e722	2	5	-1,-2,3,4,3,3,-2,1,3,-2,-4,3,3,-2,3,-2	bundled-knot-table
braid:4a435d405598da6ef81330c06a9668bb1eb0e7001d4566df867f6cdfc702fc25	2	5	-1,-2,-2,3,-2,-4,3,-2,-2,1,3,2,3,4,3,2	bundled-knot-table
braid:4d8a4746f69d5cc31e54f76ceae6b705fbf0d41dc4094e61de47e48301846306	2	5	1,-2,-3,-2,4,3,3,-2,1,-2,1,3,-2,-4,3,-2	bundled-knot-table
braid:500d86f6e26af4a25cd7c0de3fc94d6f4665e87555023334a99748ac0bc72e67	2	5	-1,-2,3,4,3,-2,1,-2,3,3,-4,3,-2,3,3,3	bundled-knot-table
braid:503538533e7ba71c40d9d7fec7a7b18f9d2b932fe82e8d52705b063bafd98705	2	5	-1,-2,-2,3,-2,-4,1,3,3,3,3,2,3,4,3,-2	bundled-knot-table
braid:50b670829defc0754ceb8a78aef913866b7a855f9b28c391271f3b931fdfc874	2	5	1,-2,3,-2,1,-2,-3,-2,4,-2,1,3,-2,3,3,-4	bundled-knot-table
braid:50d5f00e3b50dc90f9adc2305529427c47602659ffd56677e63650068db48400	2	5	-1,-2,-3,4,3,3,-2,1,-2,3,-4,-3,-2,-2,-2,-2	bundled-knot-table
braid:51443d6b3c125212bae4e11e2b368b193418c70fe06f5a317eb80b8dd1582c02	2	5	-1,-2,-2,3,4,3,2,-3,2,1,2,3,2,-4,3,2	bundled-knot-table
braid:515261d942b4ecc29db1cca0a06c562187a9aeae6129110f487a213235ebd5be	2	5	-1,2,-3,2,-3,2,-4,3,2,1,3,-2,3,4,3,2	bundled-knot-table
braid:51e1eae5fbdc3757192820b5bbd02c07c1f70b4741b782fb11608b2b02f2b972	2	5	-1,2,2,2,-3,-4,3,2,1,2,-3,4,-3,2,2,-3	bundled-knot-table
braid:5262bf6bf9d82c92983be4baeb5664409c9298e4ebc71076326a4a4dad60915f	2	5	-1,2,-3,-4,3,2,2,-1,2,-3,2,4,-1,2,-3,2	bundled-knot-table
braid:53af3f5913f6a1619d8ab47480b168117bf955585d68bb1343d17dc299525d3e	2	5	-1,2,-3,-4,-3,2,1,2,-3,2,-3,-3,4,-3,2,2	bundled-knot-table
braid:549a66ecd7bb78189fc6eec8db3f3602650340009238fccf6898cd815165647e	2	5	-1,-2,3,-2,1,-2,3,4,3,-2,-2,-2,-2,3,3,-4	bundled-knot-table
braid:54f46c8067d2dfa827170074ce1c87dad946e3b815a3c6118669ffff50c90102	2	5	1,-2,-3,-2,4,1,-2,3,-2,-2,3,3,-2,-4,3,-2	bundled-knot-table
braid:558b306add5a19abae448ad95e283269514d09892700d3c3a52af8bbd412b906	2	5	-1,2,-3,2,4,1,-3,2,-3,2,-4,-3,2,2,2,-3	bundled-knot-table
braid:566f4c09c43b6a8a641bfaa91b6483b7bf7b50e5493a6cf1cbea887b8c92b2ac	2	5	-1,2,-3,4,3,2,1,2,3,3,-4,-3,2,-3,-3,-3	bundled-knot-table
braid:5768f9167cba1b04e47f1d433cfbae705433cbe43b434a26ddbd91411aaa751f	2	5	-1,-2,3,-2,-4,3,-2,1,-2,3,3,4,3,-2,-2,-2	bundled-knot-table
braid:57b8fcc1e7be2dced6ce38a16b48c7b86db32c733df106883774f0713bf8c40e	2	5	-1,2,2,3,-2,1,-2,-3,4,-3,2,-1,-3,2,-3,-4	bundled-knot-table
braid:57ba5978939589de5a14a43c000b909ce31fd4ead08e026a98e92d2927a03b0f	2	5	-1,2,3,4,3,3,2,1,-2,3,-4,3,-2,3,3,-2	bundled-knot-table
braid:5820a4813f30b1727569d92844956d3650ab9e92a9ebec86fb3817fa4c83928a	2	5	-1,-2,-2,3,-4,-3,2,-3,2,1,2,-3,4,3,3,2	bundled-knot-table
braid:58803662d57aa22ced67e19424d2dcfecaa604816b4147caa62f3840dab91e73	2	5	-1,2,-3,4,-3,2,-3,2,1,2,-3,-4,-3,2,-3,2	bundled-knot-table
braid:594380e216de7bbac23c861fd7686aebb369093ffc05d5ef36da96762c49ec35	2	5	-1,-2,3,-2,-4,3,3,-2,-2,1,3,-2,3,4,3,2	bundled-knot-table
braid:5ac293d6a49c81c1bdf575033202c8785242fc4d9d00f16d7540037c11a4d28b	2	5	1,-2,-3,-2,4,1,3,3,-2,3,-2,-4,3,-2,1,1	bundled-knot-table
braid:5adacb601204b39b8cc81a05f15d54b78c9d503eae145affb531d65685ce1fe7	2	5	-1,2,-3,2,2,2,1,2,-3,2,4,-3,2,-3,2,-4	bundled-knot-table
braid:5c86b5abb7f4ef97f305b881955bbfe3754dffa0f0b6d1a3faac0a35efe090a4	2	5	-1,2,-3,2,-4,3,2,1,2,3,3,2,4,2,-3,2	bundled-knot-table
braid:5d9e7c14e7dfd8aa8551656fcd6dfe33b56486eda0bcae2c89d61e1566254511	2	5	-1,2,-3,4,-3,2,1,2,2,-3,2,-4,2,-3,2,-3	bundled-knot-table
braid:5ddb2dcab7f49f0e9605242477ff53cd79793abaa6257c639e2adf299558b838	2	5	-1,2,-3,4,3,2,2,3,3,2,-4,-1,2,-1,3,2	bundled-knot-table
braid:5e093fcaa589b656679a11714d084a1f0d214ecd67f0ccbe13a75505901bd14c	2	5	-1,2,-3,2,4,-1,3,3,-2,-2,-2,3,2,-4,3,2	bundled-knot-table
braid:5e35ad179bee0bdf0e9c7036ce5e47c110be1ee0f24b618d024b27ab594db4ea	2	5	1,-2,-3,-2,4,1,3,3,-2,3,-2,-4,-2,-2,3,-2	bundled-knot-table
braid:5e87f96eeecaa6dc6ec1a3c07b9675390c3fa3cb8853ed328de4f1934d56a9a5	2	5	-1,2,-3,4,-3,2,-3,2,1,2,-3,2,-4,-3,2,-3	bundled-knot-table
braid:5e9173ba2e83731f57ca672b9e6433232ab3b282c55b3be2400d77a3e5ccdbea	2	5	1,-2,-3,-2,4,3,3,-2,-2,1,-2,3,-2,-4,3,-2	bundled-knot-table
braid:60ba97694d26bb65d0c255119d23bc46f7f7c0a07250b34f1aa21904f605b542	2	5	-1,-2,3,4,3,3,-2,1,2,2,2,3,-4,3,2,2	bundled-knot-table
braid:60d4a81c0aad00184478b6734c6347c2f5086de931b8a251c2508fac389fe305	2	5	1,-2,3,-4,3,-2,1,-2,1,-3,2,4,-1,2,3,-2	bundled-knot-table
braid:60f3410cb0701d334b57d4e0c04eaff4278d4bee099566699f337fe11ee3f039	2	5	1,-2,-3,-4,3,-2,1,-2,1,-3,-2,4,1,-2,-3,-2	bundled-knot-table
braid:615c4f036143098726ac40aced0aa924895aac62edbd98151e3ca7bf79ff562f	2	5	-1,2,2,-3,4,-3,2,-3,2,1,2,-3,2,-4,-3,2	bundled-knot-table
braid:6388a0a3a2d5d67c9ab7506cb6d800e29be6ea03600ae83568993d2dce46592d	2	5	1,-2,-2,3,-2,1,-2,-3,4,-3,-2,1,-3,-2,-3,-4	bundled-knot-table
braid:6397385ad46549bf729104826d879d94d299c5ba3a5ce68dd02987824ea2f4ed	2	5	-1,2,-3,4,3,3,3,2,1,2,3,3,2,-4,-3,2	bundled-knot-table
braid:643f0a41299abb50b633b2b8b826d213dcf92cffde37c0822d4d26457531ab47	2	5	-1,2,-3,4,-3,2,-3,2,-4,1,2,-3,2,-3,2,2	bundled-knot-table
braid:6498e561bf61e56259d4c654a3770d01c25c3fa952d1cd9f15561e49824505f0	2	5	-1,2,-3,4,-3,2,1,-3,2,-3,-3,2,-4,2,-3,2	bundled-knot-table
braid:650c0e091a89341adf91c718a19d2448a0621f963a301ba611ee901f7eb72a0d	2	5	-1,-2,3,3,3,-2,-2,1,3,4,3,-2,3,-4,3,2	bundled-knot-table
braid:6549803da10ec0fcf0b306ea72db705b501f68bff9a8b69b2cff628e32b54c35	2	5	1,-2,3,-2,4,1,-2,1,3,2,2,3,3,-4,-3,-2	bundled-knot-table
braid:657388bbcf94fabeae875ecd05f1da7e8647fee8329bb225583644039cdf1571	2	5	-1,2,-3,-4,3,2,2,-1,2,-1,2,2,-3,2,4,-3	bundled-knot-table
braid:65ed08556ba87b9ea695aa4f05a86a2705efaba2e57effe7d38ab5d4499223f6	2	5	-1,2,-3,-4,-3,-3,2,1,-3,2,-3,4,-3,-3,2,-3	bundled-knot-table
braid:6789753adae4c395ec0b166c0d4901edc896fb14372b9afc077e2d548b238fbc	2	5	-1,-2,3,-4,3,-2,1,-2,-3,-2,4,-2,-2,-2,-2,3	bundled-knot-table
braid:67e42cfee5d3d04175146de48212844733fe19708bdbcde351debc14e2d26ea8	2	5	-1,2,-3,4,-3,2,1,-3,2,2,2,-3,-3,-4,-3,2	bundled-knot-table
braid:68aff7ce2fb3084bdb8b3e10ee5746e62e35848aa31d7166d282ee3cc9a497b4	2	5	-1,2,-3,2,-3,-4,3,2,2,-1,2,-3,2,4,-3,2	bundled-knot-table
braid:68eb5ae9bc4cc4a09e84d74d3d262556beaec6c82c7f9fd661ae67e743891220	2	5	-1,2,2,2,-3,2,-4,3,2,1,2,3,3,4,-3,2	bundled-knot-table
braid:68eee22f7a696ebbe0d31713550c8357056ae57ec298e64eacf8c1bd7af510f8	2	5	-1,-2,3,-2,-4,3,-2,1,-2,3,3,4,3,-2,3,3	bundled-knot-table
braid:69fa7f33957732518f879ce0b4e5655cbdd1d7188b2fe8ef1645963779c8b9e9	2	5	-1,2,-3,-4,3,-2,1,-2,1,-3,2,4,-1,2,-3,2	bundled-knot-table
braid:69fbd60f44ba0bac8759b8bda0d85048330a4b5ea7784bccef1a57be636407b7	2	5	-1,2,-3,-4,3,-2,1,-2,-3,2,4,2,-1,2,-3,-3	bundled-knot-table
braid:6ac8b63539cdf554f3e6af3c5ce2f9a291abcf52a5f9981065efa50af705b4eb	2	5	1,-2,3,-2,1,-2,-3,4,-3,-2,1,-2,1,-3,-2,-4	bundled-knot-table
braid:6b6ba985b9971c7874120301855f40f1d16d9ca640e825ac3498f96947ad7fa9	2	5	-1,-2,-2,-2,-3,2,-3,4,-3,2,1,-3,2,-4,-3,2	bundled-knot-table
braid:6ba0329db63a8738356c0b7f2c73a2642cbde11cb153c3a619d791eb9819ef4b	2	5	-1,-2,3,-2,1,-2,3,3,3,4,3,-2,-2,3,3,-4	bundled-knot-table
braid:6bd9840248c87b918e4dbf70610de1c46eba590b68e96a1f8ede1d21ae17050f	2	5	1,-2,1,3,-2,-4,3,2,1,1,2,2,-3,4,3,-2	bundled-knot-table
braid:6d63c753f440e1300710babf5782f032d5f127b65e92f82e95794a60c7b251e8	2	5	-1,2,3,2,4,-1,2,-1,3,2,2,3,3,-4,-3,2	bundled-knot-table
braid:6e7afbf943ad03a7d814157a3b32e713aecddd812c95ef953f399ebd1242c1fd	2	5	1,-2,3,-4,3,-2,1,-2,-3,-2,4,3,3,-2,1,-2	bundled-knot-table
braid:6ea182a6ed5ebff89a75328772f09c2e7b17d1f09f4b2874e6e5de51470d1972	2	5	-1,-2,3,-2,-4,3,-2,1,3,-2,3,-2,4,-2,3,3	bundled-knot-table
braid:6f8ba7b235585765bbfdbf9352729efb556dbee367a86b2bd533c40668075beb	2	5	1,2,-3,2,-4,1,-3,-2,1,-2,-2,3,2,4,2,-3	bundled-knot-table
braid:6fefe8be574e16cbc5f7406677358f2110abc93fa46a90750b27a255833b5315	2	5	-1,-2,3,-2,1,3,2,3,4,3,3,-2,3,3,3,-4	bundled-knot-table
braid:718a0e353f67dcf28c703c71d158db274fb8e5fdb6cf588a1f42dfde97092233	2	5	-1,2,-3,2,-4,3,2,2,2,1,2,3,3,4,-3,2	bundled-knot-table
braid:73363d0ed4b5840d97dd5d2a161fff1048bb99169d8cd26003693aea3a6d820b	2	5	-1,2,3,4,3,3,2,1,2,3,-4,3,2,2,2,2	bundled-knot-table
braid:74292415ef16b8b8326c4d62bf10cdd54970bf2c0690450d5e9f9f3362bb2128	2	5	-1,-2,-2,3,-4,3,-2,3,-2,1,2,3,4,3,3,2	bundled-knot-table
braid:743227b2ac4c88efd286c0c1d7538d0f8bbeca9e574360ddf6cd9957a69e43c5	2	5	-1,-2,3,-4,3,-2,1,-2,3,4,3,3,-2,3,3,-2	bundled-knot-table
braid:74c2029bb33acc25d4cf3ff3da9318f1a582df990e785a0e7683e7dbd0e9a5b7	2	5	-1,2,-3,2,4,2,2,-1,-3,2,-3,-4,3,2,2,2	bundled-knot-table
braid:751ae2d6fc446ef78028bc45dbdba5d05f2efe769ccc8ba9aa423769288d5527	2	5	-1,-2,3,-2,-4,3,-2,-2,1,-2,-2,3,3,4,3,-2	bundled-knot-table
braid:754414bc1c7c610cf0550b50879d1be26dfe30acd83b0fd6f03bad4e114cae5e	2	5	-1,2,-3,4,3,3,2,1,2,2,3,2,-4,-3,2,-3	bundled-knot-table
braid:7586e5c3963e902cc5eebe1413ad8ebe21a8d928d82f4a80766a09991d7eac04	2	5	-1,-2,-2,-2,3,-2,-4,3,-2,1,-2,3,3,4,3,-2	bundled-knot-table
braid:75b0ae2da7931e9281c5d7d56e40f7c43d7e0f4176f3c919a2e363dca2e0cf6e	2	5	-1,2,-3,4,-3,-3,2,1,-3,2,-3,2,-4,-3,2,2	bundled-knot-table
braid:75ca2c81adc0f8e0d8e976683f3ed22e1bd09f1d68b0b3c647b499b0d7962101	2	5	-1,2,-1,-3,-4,-3,2,-1,2,2,2,2,3,2,4,-3	bundled-knot-table
braid:75cb610177cf1e251d792760becfdd825066f815ea89e21b1edc1b719a30b4cd	2	5	-1,-2,-2,3,-4,3,-2,1,3,3,-2,3,3,4,3,2	bundled-knot-table
braid:763eebc80efa55ef7005fd3e3cc65ebdb23d120c5d9b48c5d15a2997e4381c25	2	5	-1,-2,3,4,3,2,-3,2,1,3,-2,3,-4,3,-2,3	bundled-knot-table
braid:768218d24e3246d22290e5eda311ad1ef74e972aab99b3277eb4acbc7f2e2d7a	2	5	-1,-2,3,-2,-4,-2,3,3,-2,1,-2,3,4,3,-2,-2	bundled-knot-table
braid:768b600cd5ad7addb3abc8e8875a6da557c4599d050d7f0d9a910a168c8cb4d8	2	5	-1,-2,3,-2,-2,-2,3,4,-3,2,1,-3,-2,-4,3,-2	bundled-knot-table
braid:773cd47f8d48a0b681df75c3c3db1eb994174141d8f8865398343716948e978e	2	5	1,2,-3,2,-4,3,-2,1,-2,-3,2,4,1,-3,2,-3	bundled-knot-table
braid:77451796f6974efdae73d219eadc3554ead7299e1404eeb02e935c56ecd638eb	2	5	1,-2,3,-2,1,-2,-3,-2,4,1,-2,1,3,-2,3,-4	bundled-knot-table
braid:78764c5353db88e75690ed331f93a01beb1698cff1f6810be861d9e657d3ce6e	2	5	-1,-2,3,3,3,-2,1,3,4,3,3,-2,3,-4,3,2	bundled-knot-table
braid:787d2c335ce70d3ecb48fd3830f8d22da3d712fa1d0c04aac8f85248559b1d61	2	5	-1,-2,3,4,3,3,-2,1,-2,-2,3,-2,-4,3,-2,3	bundled-knot-table
braid:7924911f318d6a1bc8073a1cdb62ce2a346f57de85ec94c033dd8ad8a0aabf50	2	5	-1,2,3,-4,3,2,1,2,-3,4,3,3,2,3,3,3	bundled-knot-table
braid:7a79bf6e201182fdbf82ff7a22576792391c3c83fa3e5d96c7036de4da1ef46f	2	5	-1,-2,-2,-2,3,-4,3,-2,1,-2,-3,-2,4,3,-2,-2	bundled-knot-table
braid:7b02087ddc3f79846e9752d5425f7849da84bc26ad7717637f468216745f4836	2	5	1,-2,-2,-2,-3,-2,4,1,3,3,-2,3,-2,-4,3,-2	bundled-knot-table
braid:7babf5b811d32d2706c87a86f64e2b9404901dfe3827f7e7ee0eb43d62cbffd4	2	5	-1,-2,-2,3,-2,3,4,3,-2,1,-2,3,3,-4,3,-2	bundled-knot-table
braid:7bb5689620c8b8ff8fe17d5cbefea57d37cde8ac1d44055e71bf525311bd650e	2	5	-1,2,3,2,2,-1,-1,-1,2,-3,2,4,-3,2,-3,-4	bundled-knot-table
braid:7bfa38012b1cf2a00d4f7801ba93420af5d7b9f66b318187c1db8f9039be7b2f	2	5	-1,-2,-2,3,-4,3,3,-2,1,3,3,-2,3,4,3,2	bundled-knot-table
braid:7c787648006d7ebc44a70d924b29978de2059b3f3a4382bdc3a33ce64cb167bf	2	5	-1,2,-3,-4,-3,2,1,-3,-2,-2,-3,4,-3,2,-3,2	bundled-knot-table
braid:7c8ffe819d59eaec40a58aaa949730103bcd83abbbce32cd52b56426f4c8dc0b	2	5	-1,-2,3,-2,3,3,-2,4,1,3,-2,3,-4,3,3,2	bundled-knot-table
braid:7d3cbddfb956287f0cafa97b99ddcd4e75110720c84d06926587ce485904baae	2	5	-1,-2,3,-4,-3,-2,1,-2,-3,4,3,-2,3,-2,3,-2	bundled-knot-table
braid:7da61b80bd52bff87b048b4a4b50d015b44753b7f85efb6f9821da1d278abc66	2	5	-1,2,-3,2,-4,-1,-3,2,-1,2,2,3,-2,4,-2,-3	bundled-knot-table
braid:7dcdf4611a8009f81100e9dfb0c1b96d81a7dae0f5ccf43129851b080bb0779a	2	5	-1,2,-3,2,-4,-3,2,1,2,2,-3,2,4,-3,2,-3	bundled-knot-table
braid:7e3b3a531c1b59e3fc6d9d3e2bc09b8fb2a94d3122a64c807acbcbb56972ecb8	2	5	-1,2,2,2,-3,4,-3,2,2,2,1,-3,2,-4,3,2	bundled-knot-table
braid:7fac3bb925b77056b67df9e718942555559eedeb2448f839aa759dacf10a1f9c	2	5	-1,2,3,4,3,3,2,1,-2,-2,3,-2,-4,-2,3,-2	bundled-knot-table
braid:7ff20bc8f5509b438697e42e4f7f8245a51be2644f55d497d558cdcdd8e88b9c	2	5	-1,2,-3,2,-4,-3,2,1,-3,2,-3,-3,2,4,-3,2	bundled-knot-table
braid:7ffff1ca91dbc0a64dff75d6720670240d133e19fa3ecd5aab70db22c4bc9500	2	5	-1,2,-3,2,4,-1,-3,-1,-1,-1,-1,2,-3,-4,3,2	bundled-knot-table
braid:80ee0d81ecf38d1541130537f135f5c4395342f8323d8c3ced62d7d80db4dbfb	2	5	-1,2,-3,2,-4,3,2,1,2,-3,2,4,2,-3,2,2	bundled-knot-table
braid:81329c3e1ee0a1490ea9c04a2565c753a37455eca33a2ff38a13a19ab3fbc493	2	5	1,-2,3,-4,3,-2,1,-2,1,-3,-2,4,1,-2,3,-2	bundled-knot-table
braid:8208ca22c93cf04cdcaf067ab7967ee3fbfc15d74875a6fb8ac5c4ee477913ca	2	5	1,-2,3,-4,3,-2,1,-2,1,-3,1,4,1,-2,3,3	bundled-knot-table
braid:8242c7882c13f0c2e5cdd2a9c231564c80234578077dec107e484bbc9bbe7e09	2	5	-1,2,2,2,3,2,4,-1,-3,-1,2,-3,-4,-3,2,2	bundled-knot-table
braid:83417b335754e90ee6ad9889ca997153ba855ba12898dcada64af48a0cba46b0	2	5	-1,-2,3,4,3,-2,3,-2,1,3,-2,3,-2,-4,3,-2	bundled-knot-table
braid:842f06d160fe1461c37c3cf5d8a431de990aedfb5d5572c25952f6831f5d07ec	2	5	-1,2,3,-4,3,-2,1,-2,1,-3,2,4,-1,2,3,2	bundled-knot-table
braid:84a047014e271d7a15a31f5e528d036ee1a6583147d70dfc23f1e1da5953daba	2	5	-1,2,-3,-4,3,3,-2,-2,3,-2,1,-2,3,-2,4,-3	bundled-knot-table
braid:850aa1fc588e20c9a86489c27bd011bf0b94241c476fe9d029e33e5324c8cae6	2	5	-1,-2,3,4,3,3,-2,1,-2,3,-4,3,-2,3,3,-2	bundled-knot-table
braid:8664f860f9dab9262870aad6a17d3072fec8549a48798faf2b52a9eed8ba0e79	2	5	1,-2,1,3,-2,-4,3,-2,1,-2,1,-3,-2,4,-3,-2	bundled-knot-table
braid:877624541aad03815b9e7c1c8b4f0dbdc426372ea488fda87173b0f1ec8d4d44	2	5	-1,2,3,2,4,3,3,2,1,2,3,-4,3,2,2,3	bundled-knot-table
braid:8791b963a2af88f45db8f4cf684a9c1fe24bfe482da6102d749c508fe948dc0b	2	5	-1,2,-3,4,-3,2,-3,2,1,-3,-2,3,-2,-4,-3,2	bundled-knot-table
braid:883e692acb6f5691bd20d7ba1d1a5e185eeed6f1c30bf1add177b76c1bd3c22f	2	5	-1,2,3,2,4,-1,-3,-1,2,-3,-4,-3,2,2,2,2	bundled-knot-table
braid:88637048399ec893341a254e057aa5b650cb4ea6a9f279f9c2d8f0cf3b217d83	2	5	-1,-2,3,-2,-4,-2,3,-2,1,-2,3,3,4,3,-2,3	bundled-knot-table
braid:89bc00588f6abc6e9b6f104d127d2a0e4adfe4cb4a660f164bcdb0ec80c1afb6	2	5	-1,2,-3,4,-3,2,1,-3,2,-3,-3,2,-4,-3,2,-3	bundled-knot-table
braid:8a5055e4eea1399d344563dbf7ea3cf3ee40bf39a85091a710be8542170a9886	2	5	-1,2,-3,-4,3,-2,1,-2,1,-3,2,4,-1,-3,2,-3	bundled-knot-table
braid:8a81c9eb8990e2bb7be21ca6658856d97e68682cf34751323a04cee49d41d23a	2	5	-1,2,-3,2,4,1,-3,2,-3,2,-4,2,2,-3,2,-3	bundled-knot-table
braid:8ab25b8f6d3281c1997b1517066d404fe69ddf90a61bb427df42536b219439a9	2	5	-1,-2,-3,4,-3,-3,-2,1,2,-3,2,-3,2,-4,-3,2	bundled-knot-table
braid:8b22d9f0683a4f42778bcacbe0778f280f13f1451b1b53573c75d263c34ce95d	2	5	-1,-2,3,-4,3,-2,1,-2,-3,4,3,3,-2,3,3,3	bundled-knot-table
braid:8ce1afbb3b163c46fb28f391159b04d879f81767b31e8b2cf9be5043c749c62f	2	5	-1,2,2,3,4,3,-2,3,-2,1,2,3,2,-4,3,2	bundled-knot-table
braid:8ce4d65d2231b1e12d207010c8381b1709d83f8a849b63402948717b3d494368	2	5	-1,-2,-2,3,3,-4,3,3,-2,1,-2,3,4,3,-2,-2	bundled-knot-table
braid:8f0c356958ec420c42d6327fae6a6e8698411940178497787c3d4dd807c95101	2	5	-1,-2,3,-2,1,-2,-2,-2,3,4,3,-2,-2,3,3,-4	bundled-knot-table
braid:8fc064284b7f1daff3f0d72804c6d2f7879481135bdd8ebb5701c66070aa7141	2	5	-1,2,-3,4,3,3,2,1,2,2,2,3,-4,-3,2,2	bundled-knot-table
braid:9015b15a9fa53c73b2b64ac0191da4451300c127e8d4c7f0ec41e7003330a371	2	5	-1,2,2,-3,-4,-3,2,2,2,1,-3,-2,-3,4,-3,2	bundled-knot-table
braid:9024035ce2b38d6efac700c4f6edbc06583d67e8ec697d1770526a20aa513323	2	5	-1,2,2,-3,4,3,2,2,3,3,2,-4,1,2,-3,2	bundled-knot-table
braid:907d91a043bc29327e490134f22947bd8bfa38a615b878a01e2a52f5b3923792	2	5	-1,2,-3,2,-3,-4,-3,2,1,-3,2,3,4,3,3,-2	bundled-knot-table
braid:9101e96c2d9845e1f5abf4c8f26af355e4049be8127a6fab49ab5bcb4c846e6f	2	5	1,-2,-3,-2,4,1,3,3,-2,-2,-2,3,-2,-4,3,-2	bundled-knot-table
braid:917054bb12c21905d764cd17b2f66f0197412895e343ec99e51eb61189f8fbc5	2	5	-1,2,-1,2,2,3,2,4,-1,-3,-1,2,-3,-4,-3,2	bundled-knot-table
braid:91a6c287f1aaf4e1efea464dce2e2a91e84d82d96c59063ebe6a5aead83b7fae	2	5	-1,2,-3,-4,-3,2,1,2,2,2,-3,2,4,-3,2,2	bundled-knot-table
braid:91bb6c4ba7d48487c41253dad518852617c6e97076a95c2e1733a5c973703b85	2	5	1,-2,3,3,3,-4,3,-2,1,-2,1,-3,-2,4,3,3	bundled-knot-table
braid:9246a1f1b59d47a8d98a4de5135f41a0d28485ccb7805cc2bfd727528a131588	2	5	-1,2,2,-3,2,-4,-3,2,2,1,2,-3,2,4,-3,2	bundled-knot-table
braid:92c9676278eed7e377db2c0019e6c9f1f1858253483f059ebc9e6d91ac9d4527	2	5	-1,2,-3,2,-3,4,-3,2,1,-3,2,-4,-3,-3,-3,2	bundled-knot-table
braid:933e7ed3940f24bdca5b9fdb0fe3f18f9eefa6b5b9f0672f8191725225f6f268	2	5	-1,2,-3,-4,3,2,2,1,-2,1,2,2,-3,2,4,-3	bundled-knot-table
braid:94067e0204ad666823708cf447dde4efcff094b3f7e6dada68ba9326fb74850e	2	5	-1,2,2,3,3,-4,3,3,2,1,2,3,4,3,2,2	bundled-knot-table
braid:941d372d7633861c60b6f5823e6e4ec4c0899d2daf929c17327a65f572b545d4	2	5	1,-2,3,-4,3,-2,1,-2,1,-3,-2,4,1,3,1,3	bundled-knot-table
braid:941f5cfe7d2eee9626505cc029f350df86c24b6fcff7c0bc145099970a0522a1	2	5	-1,2,-3,2,-4,2,-3,2,1,2,2,-3,2,4,-3,2	bundled-knot-table
braid:9486aed2627a096b49837d2c9e9e5afb74ca5d9832fce9b5c888dfbbc29f9ec7	2	5	-1,-2,-3,4,3,3,-2,1,-2,3,-4,-3,-2,-3,-3,-2	bundled-knot-table
braid:953851e349232a74a99347fcf0c6a802eda57481af0587c46c0d882da5273011	2	5	-1,2,3,4,3,3,2,1,-2,3,3,-2,3,-4,3,-2	bundled-knot-table
braid:959588722943cacc3005f3b78b5ea1a01da10ff069a71922884993409e4dea33	2	5	-1,-2,3,-2,-4,3,-2,1,-2,-3,-2,4,-1,-3,2,-3	bundled-knot-table
braid:967a8d93e27cfa340fa0a18e10be72ffbef90911e65ac9094a412187b35dd2bc	2	5	-1,-2,3,-2,-4,-2,-2,3,-2,1,-2,3,3,4,3,-2	bundled-knot-table
braid:981d7e8d71a9327a29f4de6a97d59e8d830b04ccf0155e843f37f0698eaefa00	2	5	-1,2,-3,-4,3,-2,1,-2,-3,-2,4,-2,-1,2,-3,-3	bundled-knot-table
braid:9827e79b95044363534296ed9a93c7aab998595d18772e0745bfb4e5b9c975b7	2	5	-1,-2,3,-2,-4,-3,-2,1,-2,3,-2,4,-2,-2,-2,3	bundled-knot-table
braid:9872c9bdc134ebbeebc3a7a99dc1c39de55901adfa6fbadc4108318a164a7185	2	5	-1,-2,3,3,3,4,3,-2,1,-2,3,3,-4,3,-2,3	bundled-knot-table
braid:990058e53bad99ebda13545f0dcbd139c4315e94829e3a41501b590fa0935cdf	2	5	-1,-2,-2,3,-2,-4,-2,-3,2,1,-3,-2,3,4,3,2	bundled-knot-table
braid:995fbdc4a19eddc6236b83eb47d5d555c97c56bab898bbc23ad72e7b8bb85aef	2	5	-1,2,3,4,3,3,2,1,-2,3,-4,3,-2,-2,-2,-2	bundled-knot-table
braid:9966d62ae5fe01a47756afdf81501c888955f18752f485097cfce0b88c568a89	2	5	-1,2,-3,2,2,2,-3,4,-3,2,1,-3,2,-4,-3,2	bundled-knot-table
braid:9999a9ecabf368bdf13184f6aa56dfc62cdea6029546ee7c9fc62398e98e1bea	2	5	1,-2,3,-2,-4,3,-2,1,-2,-3,-2,4,1,3,-2,3	bundled-knot-table
braid:9ac2ea9357c1c80ef1c97a9328772aa5628c2cd96715d56e4bf96c5195724dda	2	5	-1,2,-3,2,-4,2,3,2,1,2,3,3,4,-3,2,-3	bundled-knot-table
braid:9c048bc4fa58bd54ea607954d65927acdbdcbe8a1758b7551483efd59e6c02d3	2	5	-1,-2,3,4,3,3,-2,1,-2,-2,-2,3,-4,3,-2,-2	bundled-knot-table
braid:9d04bfd0c2a6c25a1c61c03b800356dcd8c1c5ae0b9e5d11942c45443a20e0b2	2	5	-1,-2,-2,3,-2,-4,3,-2,-2,1,3,-2,3,4,3,-2	bundled-knot-table
braid:9d77b1c51ce5867a3026f3376b46c9c97e31708d721ebaec2d4518df6a632d0b	2	5	-1,2,-3,4,-3,2,1,2,2,-3,2,-3,-3,-4,-3,2	bundled-knot-table
braid:9d869bef154addaceefcd195683c32424d2a4b30127a72d4f669812422de104f	2	5	-1,2,-3,2,4,-1,2,3,2,2,3,3,2,-4,3,2	bundled-knot-table
braid:9e0833c7295c76bb21c71e0de51efc2b90d6bdf8daa926616d5e29597279fafb	2	5	-1,-2,-3,-2,-4,3,3,3,-2,1,-2,3,3,4,-3,-2	bundled-knot-table
braid:9e3df37e9d9b06040e71af55cdb5414e0838f704022f6e1fd0af26d8a6734aac	2	5	-1,2,-3,-3,-4,3,2,2,-1,2,-3,2,4,-3,2,-3	bundled-knot-table
braid:9fe172c6886c2ae26fd1ac24b04dd34f2d1dd401866272d5d0582a3de6a11de2	2	5	-1,2,2,2,-3,2,1,-3,-4,-3,-3,2,-3,4,-3,-2	bundled-knot-table
braid:a082028638bf7cc73037af5a351a5475e92175310233b94ab858da809037931c	2	5	-1,2,2,-3,2,-3,4,3,2,1,2,3,3,-4,-3,2	bundled-knot-table
braid:a14576dc7017f9aae82e18c9652b3d6b77e49697083bea2cac8a2d7e7df15564	2	5	-1,-2,-2,3,-2,1,3,3,3,4,3,2,3,-4,3,-2	bundled-knot-table
braid:a192e0ef8c466c3ce435527fba6c8cc2bb8e81ce1cc3cec02ddfde9beb52fd86	2	5	-1,2,-3,-3,-3,2,1,2,-3,2,4,-3,2,-3,2,-4	bundled-knot-table
braid:a3adb2cbfe70dfd6d5dd1cd4776491181427e1f3ecf96e7cf28e626c1ef038cb	2	5	-1,2,-3,4,-3,2,-3,2,1,-3,-2,-3,-4,-3,2,-3	bundled-knot-table
braid:a3f61fb2328ec73b75abf810446446714e4eb5bcbfb8965801d62cf6bd5e73b5	2	5	-1,-2,-2,-3,-4,-3,2,2,2,1,-3,-2,-3,4,-3,2	bundled-knot-table
braid:a48efacd0b4869ac6ad926f9d0d5f6f5d2f88a71e09ef585300acb842d23debe	2	5	-1,-2,3,4,3,-2,-2,3,-2,1,-2,3,-2,-4,3,-2	bundled-knot-table
braid:a4af8c194d2b09863301b2d837ffaf12ea32b72977544dd84c257a62c6b2bbe7	2	5	1,-2,3,-2,1,-2,-3,4,-3,2,-1,2,-1,-3,-2,-4	bundled-knot-table
braid:a504a1ed9d63654f2c1d1bec11415f4516034d651ed6a01290f9fe6277a4559d	2	5	-1,2,-3,4,3,3,3,2,1,2,3,3,-4,-3,2,-3	bundled-knot-table
braid:a59659ffb881e30283c0222363b33ff1b8ffc343dbe847df39d036b658d5acfb	2	5	-1,2,3,2,2,-1,2,-3,2,4,-3,2,-3,-3,-3,-4	bundled-knot-table
braid:a5e064279a4ab265781b8f5504b84d1b68d42145d6973e0485e4d3116833aa08	2	5	-1,2,-3,4,-3,-3,-2,1,-3,2,-3,-3,4,-3,-2,-3	bundled-knot-table
braid:a79f1cbf11d361f295950e8a2d07425374e44392bbc70b81597db14e3678e3d8	2	5	-1,2,-3,2,1,2,2,2,-3,4,3,2,2,3,3,-4	bundled-knot-table
braid:a8fb5851f5d694a716cb3d42826711aad29eef07091b0bf9123839de5691dc61	2	5	-1,2,-3,-4,-3,2,1,2,-3,2,4,-3,-3,2,2,-3	bundled-knot-table
braid:a9d8cd187dde8f91da732de4546f6ce7e653af94d430182b0fc8fc2a70c8df71	2	5	-1,-2,3,-2,-4,3,3,3,-2,1,-2,3,3,4,3,-2	bundled-knot-table
braid:aad05b156f497af60fcad23a6131f25b49555da7577b719cc89fffd30f68cc7e	2	5	-1,-2,-3,-2,-4,3,-2,1,-2,3,3,4,-3,-2,-2,-2	bundled-knot-table
braid:ab50014c21732199112b7547d87d4ebe91ce0a35074a83c269ffdd5c8c646667	2	5	-1,2,-3,2,4,2,2,-1,-3,-1,-1,2,-3,-4,3,2	bundled-knot-table
braid:abbc234c724ae454a91259bea5fca008676ffd1a90e0ad90175c6eb58c9e10c5	2	5	-1,-2,-2,3,-2,3,-2,1,-2,3,-4,3,2,3,4,3	bundled-knot-table
braid:ad054b293e2ab42966457c63bf35f7514db9d3715886f350fab67002a30f7341	2	5	1,-2,3,-2,-4,3,-2,1,-2,-3,-2,4,1,-2,3,-2	bundled-knot-table
braid:ad0edbb9584aba3f58b5751975b9ca96e732d3321b1073aea6c89d1c0e70eec5	2	5	-1,2,-3,-4,-3,2,1,2,-3,2,4,-3,2,-3,-3,2	bundled-knot-table
braid:ad2298e5ae4ac050bd539e6d9809cd7b3561fe57e76629a84e015db5c9e357c2	2	5	-1,2,3,-4,3,2,1,2,-3,-2,4,3,-2,3,-2,3	bundled-knot-table
braid:ad257375fa0d51bfc7bf029a5a5103e4767374aca2fe335d46d47a97848995e3	2	5	-1,2,3,-4,3,2,1,-2,3,4,3,3,-2,3,3,-2	bundled-knot-table
braid:ad71b56b7c4cb9e419d43845e19f3bc07860c28b2c6013a0379942b7d2c89333	2	5	-1,2,-1,-3,-4,-3,2,-1,2,2,3,2,4,-1,-3,-1	bundled-knot-table
braid:aef05846de7b4377ab1b4d73874e406e74399c36bcc11ff166cb5bf7358d9a21	2	5	-1,2,3,2,4,-1,-3,2,2,-1,2,-3,-4,-3,2,2	bundled-knot-table
braid:af45194cd5499e90b37a36b952ea7665e5a57d24e8e1570b9b80e4a047621acb	2	5	1,-2,-3,-2,4,3,3,-2,3,-2,-4,1,-2,1,3,-2	bundled-knot-table
braid:af4a39d19469ba2e04fa361a2eb9037d040a0d4f2ae81685787e04b04e727df1	2	5	-1,2,3,2,4,2,-1,-3,-1,-1,2,-3,2,-4,-3,2	bundled-knot-table
braid:afa7b659ebff6e30c32835b2ee26a799d13acb80fae10d27c4c501401b3514f4	2	5	-1,-2,-2,-3,4,-3,2,-3,2,1,2,-3,2,-4,-3,2	bundled-knot-table
braid:afcecd4dac81535ba91bd49ef46b3ca0c896dc4cae859270e18a3c9d9068e10c	2	5	-1,-2,3,3,3,4,3,-2,1,-2,3,3,-2,-4,3,-2	bundled-knot-table
braid:b098ff966952b95b4bb1c21f0d52baa1daae71705e8bf9f21f6a4fbd5a91a2bd	2	5	-1,-2,-3,2,-3,-2,-4,3,-2,1,3,-2,3,4,3,2	bundled-knot-table
braid:b0b704561baaa6b2b833258dde74919db07112e4db6097ab45f4ddee1c5ed33b	2	5	-1,-2,3,4,3,3,-2,1,2,3,-4,3,2,2,2,2	bundled-knot-table
braid:b1240b3d2427888ee55d82ae2b4b0fb6c41e9d6cdedc05cab61f66c8868ac65f	2	5	-1,2,-1,-3,-1,2,-1,-3,-4,-3,2,-1,2,2,3,4	bundled-knot-table
braid:b211c3fc8ce9879ea4e3b0fdb8fce90167d73f61f1ca7831dbf8ba152ac72635	2	5	-1,2,-1,-3,2,4,-1,2,-3,2,-3,2,-4,3,2,2	bundled-knot-table
braid:b7a06e990caf2b88122556677874a241577cc52446c4e617c189e3ddf7a206c0	2	5	1,-2,3,-2,-4,3,-2,1,-2,1,-3,-2,4,3,-2,-2	bundled-knot-table
braid:b7eb87635b049980db21f0e54a4106ac30d5d9358d4e2e49cb0d149aa595e48d	2	5	-1,-2,3,4,3,3,-2,1,-2,3,-2,-4,3,3,-2,3	bundled-knot-table
braid:b8d6b47b9229f2aac4886ff6e188750f05d7deb3d6ec94018257b17cb5b4d2d8	2	5	-1,-2,-2,3,4,3,2,2,3,3,-2,-4,1,-2,3,-2	bundled-knot-table
braid:ba23e92a70196e5cd73240564b7bf0335bf783e7c3e4a7511c3de887e7fce164	2	5	-1,-2,3,-4,3,-2,1,-2,3,4,3,-2,3,-2,3,-2	bundled-knot-table
braid:bbd0ef98b6e96323adf83c59739a6948c0cda36cd471228cd9c4a6cb79904f63	2	5	-1,-2,3,4,3,3,3,-2,1,-2,3,3,-2,-4,3,-2	bundled-knot-table
braid:bc0516d0953b74c11c6a34d31f55a2befc4eef59157c7429c64ac59a4197c6be	2	5	-1,-2,3,4,3,3,-2,1,3,-2,-4,-2,3,-2,-2,-2	bundled-knot-table
braid:bc58ae1ed92eb6d1b6d8feb657ed8010bebde7bf2eb87d53705725d9b43e2095	2	5	-1,-2,3,-2,4,3,3,-2,1,-2,3,-4,3,-2,-2,3	bundled-knot-table
braid:bce054fae43214388ef00c12f3cb51244f5630459559904f421a479aaca0beaf	2	5	-1,2,-3,2,4,1,-3,2,-3,-4,-3,-3,-2,3,-2,-3	bundled-knot-table
braid:bcfad568809b95369457a06030ff07cb4b2c599800daff762a997e6683245d95	2	5	-1,2,3,4,3,3,2,2,2,1,-2,3,-4,3,-2,-2	bundled-knot-table
braid:bd0b89aae0c17c7454a6f308471b82d545eaa353daf6f71544d4591ad5cda849	2	5	-1,2,2,-3,4,3,-2,-2,3,3,2,-4,1,2,-3,2	bundled-knot-table
braid:bd835a7382374e275185633aff01129e30c0ba71c60bb7a2eb1ae1eef0426b69	2	5	-1,-2,3,3,-4,3,-2,1,3,2,3,3,4,3,-2,3	bundled-knot-table
braid:bdf0c647ad718060a58815d2935c7b8a61d4d6fb0e8506688ce925b3ca380846	2	5	-1,2,3,4,3,3,2,1,2,3,-4,3,2,3,3,2	bundled-knot-table
braid:bdfbf5def7cd6ea02307774f3fb31869bcf4bf0415706b29635a9b59495e389b	2	5	-1,-2,3,4,3,3,-2,1,-2,3,-2,-4,-2,3,-2,-2	bundled-knot-table
braid:be3b5d5d8399c040e2c12b67b34bc1c92153c9d3bd6078f6d9696a45e107eb45	2	5	-1,2,-1,-3,2,-4,3,2,1,1,2,2,-3,4,-3,2	bundled-knot-table
braid:c06728a215ab4b4891c912eeea03b379565d23f806e6ffcbf44624d1f5302f8d	2	5	-1,-2,3,3,-2,4,3,3,-2,1,2,3,2,-4,3,2	bundled-knot-table
braid:c0fb3b01202d03928cc0f9730f4dcca3e2f6fedf0af37beb3bd8e847a8112a04	2	5	-1,2,2,2,-3,2,-3,4,-3,2,1,-3,-2,-4,3,-2	bundled-knot-table
braid:c149f68ba15c7b6d20f2235570bfe7ca140a04f8bff2e175ed9baccb425ad75a	2	5	-1,2,-3,-4,-3,2,1,2,-3,-3,-3,2,4,-3,2,2	bundled-knot-table
braid:c187a2cccc3bd6091e760e081e09e8805f52be1abaddb6ebb5a64d6a098fcd57	2	5	-1,-2,3,-2,4,1,-3,2,-3,-4,3,3,-2,3,-2,3	bundled-knot-table
braid:c273064c7a8b46d1213f97dc0703068b85231db7ea6f42c421537bebe879e555	2	5	-1,-2,-3,2,-3,-4,3,-2,1,3,2,3,4,3,3,-2	bundled-knot-table
braid:c2d0b344270c62ecbcf528388961533a88b92a18e271980b887d74b19343e7ae	2	5	-1,2,3,2,2,-1,2,-3,2,4,-3,2,2,2,-3,-4	bundled-knot-table
braid:c2d82625a1d21f90822a99039121697e398d8ffee83f8d793c8ec97383223f71	2	5	-1,-2,3,-4,3,-2,3,-2,1,-2,3,4,3,-2,-2,-2	bundled-knot-table
braid:c3c07152c698ea17c449cc64ca1dc89d9ed120b5f607852b356355c66ab6ae18	2	5	-1,2,-3,2,-4,2,-3,2,1,2,-3,4,-3,2,-3,2	bundled-knot-table
braid:c521cd2561c4c68421bd58bea42bdfa1d0fe18994e05993859af6f72ac794a13	2	5	-1,2,2,2,2,-3,2,-4,1,-3,-3,2,-3,4,-3,-2	bundled-knot-table
braid:c52c2d3701d6fb741c453ed1d7b1bacf8355f8d65be594af66c44fa731e5cd5e	2	5	-1,2,-1,-3,-4,-3,2,2,2,-1,2,2,3,2,4,-3	bundled-knot-table
braid:c6a95a36dfe67059cbfa77166623bed9748c015ef4bb4e31185591a7da40622a	2	5	1,-2,3,2,4,2,1,-3,2,1,-3,1,-4,2,-3,-2	bundled-knot-table
braid:c6d121f379aa795b59741caec656b230966da6e710d27743a09911903e961e60	2	5	-1,2,3,-2,1,-2,-3,4,3,2,-1,2,-1,3,2,-4	bundled-knot-table
braid:c953e23f7d996d7abebcf6ec4a3ee86cc69280406eaca9c87599888d317994e6	2	5	-1,2,3,4,3,3,2,1,-2,3,-2,-4,3,-2,3,-2	bundled-knot-table
braid:ca1479816f8450b607efad91b616be4a564d42852520f265d97ef0fe35c4c706	2	5	-1,2,-1,-3,2,-4,3,2,-1,-1,2,2,-3,4,-3,2	bundled-knot-table
braid:cd88b77e2b2fef71f0f39c731bfa35cb02545bef4520dc089f471230c157f10c	2	5	1,-2,1,-2,-2,3,2,4,-1,-3,-1,2,-3,-4,-3,-2	bundled-knot-table
braid:cd92fb2b421cae8def3f547b0bae6cc29e61cd088e89d5ba948111a882fb67ff	2	5	-1,2,3,-4,3,2,1,-2,-2,3,-2,3,4,3,-2,-2	bundled-knot-table
braid:cdd735e643560d4de2a0dbd63fc21b5f7e2aacff6d1395a9b48a0cd315bf8e64	2	5	-1,2,3,2,3,3,4,3,2,1,2,3,3,-4,3,2	bundled-knot-table
braid:cdeeef6d322d15fbf2f32d36358dbc5abf05900b09cb5f4c2c7ce267d242d7b1	2	5	-1,2,-3,2,1,2,-3,2,4,-3,2,-3,2,-4,2,2	bundled-knot-table
braid:cdf906ae8f455220b9719b2c17b4fe12ee8db51fa1654e5260a915be8f91230d	2	5	-1,2,3,2,3,-4,3,2,1,3,2,3,4,3,3,-2	bundled-knot-table
braid:ce5a50e2925bf8827fce62cfc33dfea54030dad070dd471c49ff17e8c3e7ba12	2	5	-1,-2,-3,4,3,3,-2,1,-2,3,3,-2,3,-4,-3,-2	bundled-knot-table
braid:ce6878a7b6731b83025fd2e15ef856f1f194fd341b764e70767d999ee8442e8c	2	5	-1,-2,-2,3,3,4,3,3,-2,1,-2,-2,3,-2,-4,3	bundled-knot-table
braid:cff5311b1178c6c0475f0a9b6f7f853b3eb3d824beed5de372677f03ac45da6c	2	5	-1,-2,-2,3,-4,3,-2,1,-3,-3,-2,3,3,4,3,2	bundled-knot-table
braid:d032e1a443dfd9dccca59f880cacafdf8fde52196455822b576df350d6083766	2	5	1,-2,3,-4,3,-2,1,-2,-3,-2,4,-2,1,-2,3,3	bundled-knot-table
braid:d0dabc816de290e05734abf6fdb4ba3374dec2815d216c917bd52aa09ebacd02	2	5	-1,-2,-2,3,-2,-4,3,-2,1,3,3,-2,3,4,3,2	bundled-knot-table
braid:d1fda691cb98ca9933e0bef11932bc6d5bf335abb502a87fd8ca2f6d6834ce90	2	5	-1,-2,3,4,3,3,-2,-2,-2,1,2,3,-4,3,2,2	bundled-knot-table
braid:d243e4b564afcb13378c0d8d24fa35a8bacf02f0d14c3787a276ad135534ff76	2	5	-1,2,2,3,-2,1,-2,-3,4,-3,2,-1,2,-3,2,-4	bundled-knot-table
braid:d245c174f5d201298891474c0433592bb49e006fac202887987348f2e4a5a62d	2	5	-1,-2,-3,4,3,3,-2,-2,-2,1,-2,3,-4,-3,-2,-2	bundled-knot-table
braid:d250ef2758202f40c39efc9fa77e9043d30d5d2e57b58657157b0cc273b953b0	2	5	-1,-2,3,4,3,3,-2,1,3,-2,-4,-2,-2,-2,3,-2	bundled-knot-table
braid:d2622d09cf32caea8c99f11830de7d16bc8cc741df2815cddd6169b22178a6fe	2	5	1,-2,3,-2,-4,-2,3,-2,1,-2,-3,-2,4,1,3,-2	bundled-knot-table
braid:d27546e302efe769c5c7f2f2e25eeafe7d591c885ca061b290b1816fb1b4df4b	2	5	-1,-2,3,-2,3,-4,3,-2,1,3,2,3,4,3,3,-2	bundled-knot-table
braid:d29ffdf46dd19a9e99e70758d3662065d6fe7d0c3a00cdd2bc8a286cc0caaae1	2	5	-1,2,-3,2,-4,2,2,3,2,1,2,3,3,4,-3,2	bundled-knot-table
braid:d2ede1394715a8a859da692058327cd82e007889a32ac32bd45bd2929b7edd0d	2	5	-1,-2,3,4,3,3,-2,1,-2,3,-4,3,-2,-2,-2,-2	bundled-knot-table
braid:d354c5c995e94f383b4d61606a4358bbbcbdcbec0b7abda599ff9ce77e607f30	2	5	-1,2,-3,-4,-3,2,2,-1,2,3,2,4,2,-1,2,-3	bundled-knot-table
braid:d4edea09bb13e7ce783e0e907b3ab1f7437050e478246ae5eb1053e6dc30c0fa	2	5	-1,2,-3,2,4,-1,-3,-1,-1,2,-3,-4,3,2,2,2	bundled-knot-table
braid:d6251923b7c21294159c571f0576f95bbba9ed6a6750430b2a0d3965e6b8ea87	2	5	-1,-2,-2,-2,3,-2,3,-4,-3,-2,-2,1,-2,3,-2,4	bundled-knot-table
braid:d659480fd214ce523811fcb4c617453e2c93fa89771989e95d69e1ab09c43bda	2	5	-1,2,2,2,-3,2,-3,4,-3,2,1,-3,2,-4,-3,2	bundled-knot-table
braid:d66684dd64834eefafb41c7c427161b9f02ecf8076f9890a25f000fa54a81138	2	5	1,-2,-3,4,3,2,2,3,3,-2,-4,1,-2,1,3,-2	bundled-knot-table
braid:d74129ba173157b585ea1ad73d225b930108b9a72e200370a9fa521e1b55d41a	2	5	1,-2,3,-2,4,-2,-1,-3,2,-1,-3,-1,-4,-2,-3,-2	bundled-knot-table
braid:d7a7477440bb275f1f4b52ac87dcff20e5b262c1864e25586c3bee44f007b0cf	2	5	1,2,2,3,-2,1,-2,-3,4,-3,2,1,-3,2,-3,-4	bundled-knot-table
braid:d84082b6336b740d1ebc87e052f36d69323b27bc3563ef72fb1920453209bfb4	2	5	-1,2,-3,2,-4,2,3,3,2,1,2,3,4,-3,2,2	bundled-knot-table
braid:d85ac3a4f98f3cda9e60cf1a771129a55328f993836eb1e24ad50cda887c6f61	2	5	-1,-2,3,4,3,2,-3,2,1,3,-2,3,-2,-4,3,-2	bundled-knot-table
braid:d8a25a69d55a4db4424b3c9ab5751f48508c468d42e5e7012e3cb1fd11a93b4f	2	5	-1,2,3,2,-4,3,3,3,2,1,2,3,3,4,3,2	bundled-knot-table
braid:d90255ae1c07d59f2e6d1506c8e41fedd7bb7eaabaa5aa1cbc11ed1094d10379	2	5	-1,2,-3,-4,-3,2,2,2,1,2,-3,2,4,-3,2,2	bundled-knot-table
braid:d92517ab6a6a79f6d8294dff0c81bd2ba9b118c31416807ccd3afafe6534358c	2	5	-1,2,-3,2,-4,2,-3,2,1,-3,2,-3,-3,4,-3,2	bundled-knot-table
braid:d940d4a670d3286f9a9f58624ba8cb192d13fb9193d74d98c7b215237795ab02	2	5	1,-2,1,3,-2,-4,3,2,-1,2,-1,-3,-2,4,-3,-2	bundled-knot-table
braid:da34ec49febaf54c67dcfa3447be6a05d4480e1b8dc3cda1051df7cd3ead743f	2	5	-1,2,2,-3,-4,-3,-2,-2,-2,1,-3,-2,-3,4,-3,2	bundled-knot-table
braid:da58ea536cdb2693438efdbf451efc0e896d0c6cfc4f767ad8d1d05622b58710	2	5	-1,2,-3,4,3,3,2,1,2,-3,2,-3,2,-4,-3,2	bundled-knot-table
braid:daca4a4909f73dd3b566785c32144f5832e19d72adbdf732925265015b0a733b	2	5	-1,-2,-2,3,-4,3,-2,3,-2,1,-2,3,4,3,3,-2	bundled-knot-table
braid:dacad3bcf9e529cbd29d187e09da172bf5431d8c75379270b10062c5a6d8c63f	2	5	-1,2,-3,-4,3,2,2,-1,2,-3,2,4,-1,-3,2,-3	bundled-knot-table
braid:dbaedffa1ed9af573cec1e4c826afd89cc115f656594e98e4d609969a0ad51a2	2	5	-1,2,-3,-3,4,-3,2,2,2,1,-2,-3,-4,-3,2,-3	bundled-knot-table
braid:dcfb6c73bd4d86a1b6b07e75d6b1bcc407f00853dc2e8a21ce11d65d782c7a06	2	5	-1,2,-3,2,4,1,-3,2,-3,-4,-3,-3,2,-3,2,-3	bundled-knot-table
braid:dd20442f4330701834072d30750098d0c1ab9a2e504cb4c88fc6fa32ab840047	2	5	-1,2,2,-3,4,-3,2,1,-2,-3,-4,-3,-3,-3,2,-3	bundled-knot-table
braid:de232c6692bb17635115b3b997cb46f796de8b67a0f513cad2589bf919e8306c	2	5	-1,2,-3,2,-4,-3,-3,2,1,-3,-2,-3,4,-3,2,-3	bundled-knot-table
braid:df3365777235318f93f1f3beb2ecd83f47fbbe98e8e348873d6f5bdc84a7d83e	2	5	1,-2,3,-2,4,1,-2,1,3,-2,-2,3,3,-4,-3,-2	bundled-knot-table
braid:dfaaf72a4a68aaa82677b3523fc25f4cc77336749cdfaad8b3b105baa554768d	2	5	-1,2,-3,4,3,3,2,1,2,3,2,-4,-3,-3,2,-3	bundled-knot-table
braid:e1272abfb6bd71a783aebd90cf48914021f7654dc0acf1262e91a5c02f3aa319	2	5	-1,2,-3,4,3,3,2,1,2,3,-4,-3,2,2,2,2	bundled-knot-table
braid:e1588f453b122858431c2c51c261634845c5b45dd2702ae419ba9d0d22f1c61b	2	5	-1,2,3,-4,3,2,1,-2,-2,-2,3,-2,4,3,-2,-2	bundled-knot-table
braid:e262c479fcd1c4299a6c6464730c6f6cc7d8376bfa008e069d160429461fdb4e	2	5	-1,2,-3,2,4,3,3,2,1,2,3,-4,-3,2,2,-3	bundled-knot-table
braid:e33f1433bcfdeb16c6b09b5fe237791d81574126783a87bf0d3e713d39f18816	2	5	-1,2,3,2,4,-3,2,-1,-1,2,2,-3,-4,-3,2,2	bundled-knot-table
braid:e355a5209914d5a45076ed15c7e8c058de70a6353bad408aa6a86b6640768b15	2	5	-1,-2,-2,3,-2,-4,-3,-2,1,-2,3,-2,4,-2,3,-2	bundled-knot-table
braid:e364251dbf1fa1d61c3cbfd637cf2673ec6252395c502e108f3a51a7a78db8fc	2	5	-1,2,2,3,-4,-3,2,-3,2,1,2,-3,4,3,3,2	bundled-knot-table
braid:e3bbbe3603326d27c9d5dac42f1032c46bff3cd12184429192f4c74f1bede24e	2	5	-1,2,3,-4,3,2,2,-1,2,-3,2,4,-1,3,2,3	bundled-knot-table
braid:e476ddcdd8ea64080078ddeed3eef8f1f9f36776413bb363b7465f179fd68247	2	5	-1,2,3,4,3,3,2,1,2,2,2,3,-4,3,2,2	bundled-knot-table
braid:e4eb36b5d873b51c7de79379b69022720593abcf0a0fb22e72814dae4c58a719	2	5	-1,2,3,2,-1,2,-3,-4,3,2,-1,2,-1,-3,2,4	bundled-knot-table
braid:e5b84f3c789c3338f156fdd9f4da1cf9e4fb3c506dd1fc4d7ecd65bee788176d	2	5	-1,-2,3,4,3,3,-2,-2,-2,1,-2,3,-4,3,-2,-2	bundled-knot-table
braid:e5bed9cee164d27ebbc6c56fd5e7b0a49ac5c3cb00155e46060adc98e92f2e3d	2	5	-1,-2,-2,3,4,3,-2,3,-2,1,2,3,2,-4,3,2	bundled-knot-table
braid:e61b2738822e4052038e9707909b6cd5346b8d5c6cfc9900929721c6a7b0d3db	2	5	-1,2,3,-4,3,2,1,-2,3,-2,4,3,-2,3,3,-2	bundled-knot-table
braid:e641cd8bd3985e1fbb172b6c0fc6397f1f0fa8c48844842f22add4def0a71456	2	5	-1,-2,-2,3,-2,-4,3,2,2,1,3,-2,3,4,3,-2	bundled-knot-table
braid:e64aa4b85c2c1f99f8ba67b3d3003378e5b32ebc712a2ff3ccc48493891ded94	2	5	-1,-2,3,-2,4,1,-3,2,-3,-4,-3,-3,2,-3,2,3	bundled-knot-table
braid:e6b63b45dcfbba662c99ba6f1fb0aaf91a9439522f266c3c083591ba1c14747e	2	5	1,-2,-2,3,-2,1,-2,-3,4,3,-2,1,3,-2,3,-4	bundled-knot-table
braid:e8608579716e8b1476cd387add574c33b9947bf0522370c7fb555035074d4a0a	2	5	-1,2,-3,-3,4,-3,-2,1,-3,2,-3,-4,-3,-3,-2,-3	bundled-knot-table
braid:e9414b071eecb7c2c62c8149e56c4169e66c4b8a763cee481b704ab1fda1f69c	2	5	-1,-2,3,-2,4,3,3,2,2,1,-2,3,-2,-4,3,-2	bundled-knot-table
braid:e9af9a5d2b7cef9bebd0b2091e024d0ddf4a942670daa391b57d0bbeb5f70d05	2	5	-1,2,3,4,3,2,2,1,2,2,3,3,-4,3,2,3	bundled-knot-table
braid:ec410b655e8e687891c7cc1c673a8c389d8285ba1f2f1702198eb8b05a00dbeb	2	5	-1,-2,3,-2,3,3,4,3,-2,1,-2,3,3,-4,3,-2	bundled-knot-table
braid:ec571a1c2b889711bd9acb704fe7e82951399adb1058aad95c02ffeead3adb0f	2	5	-1,2,-3,2,4,2,2,2,1,-3,-2,-3,-4,-3,2,-3	bundled-knot-table
braid:ec737eb764aa8196eb7a17ee0c231872d4a13e7973bbe79d8e9807f3f56db899	2	5	-1,2,-3,2,-4,-3,-3,2,1,-3,-3,-2,-3,4,-3,2	bundled-knot-table
braid:ece1dfc065e8461c1a144bf7c7badc603c93cfb7e438babae1fff22ed585708a	2	5	-1,-2,3,-4,3,-2,3,-2,-2,-2,1,-2,3,4,3,-2	bundled-knot-table
braid:ed4f9f016e2ce0582839ef899a295fd57ba434ef1ea8c32f4b6d1e167eb85741	2	5	-1,2,3,2,-4,2,2,3,2,1,2,3,3,4,3,2	bundled-knot-table
braid:ee4540c01b3726cbdbef535976397a27b5fa37157b96a2ddcc8fa948c4881b6d	2	5	-1,-2,-2,3,-2,1,-2,-3,4,-3,2,-1,-3,2,-3,-4	bundled-knot-table
braid:eec758f168e28338ec61a7e9ce01922bb1e1e6369fad6725181b8dbfbb2e7cc6	2	5	-1,-2,3,4,3,-2,1,-2,3,-2,-4,3,-2,-2,3,-2	bundled-knot-table
braid:eef9be4b9a0b36d648cffd584b51219755aaaa68c59937e43d4209f219f74f8c	2	5	-1,-2,3,-2,-4,-2,-2,-2,-2,1,3,-2,3,4,3,2	bundled-knot-table
braid:ef8a47c77cb1bad7f31dab8299bebbf444540d9a24fb57acb7035bdb58a3b00b	2	5	-1,2,3,-4,3,2,1,2,-3,-2,4,-2,3,-2,-2,3	bundled-knot-table
braid:f10818efed17d2c1f143c2974f8c57345d07d5c47de7ef0366e674bcf3f4edaa	2	5	-1,-2,3,4,3,3,-2,1,-2,3,3,-2,3,-4,3,-2	bundled-knot-table
braid:f1584b0a167e04d6ac0a1c372f15486da85980fe328f42cd322eefed265ec684	2	5	-1,2,-3,-4,3,2,1,2,-3,2,4,2,-3,-2,-2,-3	bundled-knot-table
braid:f28078818bb19cf072237f7c14b59e91183050d1b93d0405e2cc61f0f63b0112	2	5	-1,2,3,2,1,2,2,-3,2,4,2,-3,2,-3,-3,-4	bundled-knot-table
braid:f2914e43565a93b5ac3a67cd7abbefd0989f91b201cbb918e65858bd62d6e8a7	2	5	-1,-2,3,4,3,-2,1,3,-2,-2,3,-2,-4,-2,3,-2	bundled-knot-table
braid:f42d0e78ae651169fd591877b7107895dc16d9d0ab3fd3300226e75895b5e5f8	2	5	-1,-2,-3,-2,-4,-2,-2,3,-2,1,-2,3,3,4,-3,-2	bundled-knot-table
braid:f47f4cffccb7529a7776cc862f3e66d5822c03748a53532605e245213d74a5b5	2	5	-1,2,-3,2,4,-1,-1,2,2,-1,-3,2,-3,-4,3,2	bundled-knot-table
braid:f4c9993bac733f5d113c02dec0801d20c806a810242bcaf4d797b0d449e5b16c	2	5	-1,-2,3,-2,3,-4,3,2,2,-1,2,-3,-2,4,3,-2	bundled-knot-table
braid:f5827403564bb51c450003a7be76b9cdf5c13d26a39d16c670746da55865deb0	2	5	-1,2,-3,2,-4,3,2,2,1,2,2,3,3,4,-3,2	bundled-knot-table
braid:f5bef3f06a908c12172435b64ad253247bb8adb40e93141dca8886e1646ea1b8	2	5	1,-2,3,-2,1,-2,1,-3,-2,4,3,-2,1,-2,3,-4	bundled-knot-table
braid:f64b3f250a29893acf8eb74b0b4043e5a7a85217d952aee3ac6b6401f2db1e95	2	5	1,-2,3,-2,1,-2,-3,4,3,-2,1,-2,1,3,-2,-4	bundled-knot-table
braid:f685f393dffd003156297b6342529e2962cb7b35b33b7843789a6696088c256a	2	5	-1,2,3,-2,1,-2,1,-3,2,4,-3,2,-1,2,-3,-4	bundled-knot-table
braid:f693e70d66d00e357205121e90390d1aed086c261b422bf033043c800f220a50	2	5	-1,2,3,2,4,-1,-3,2,-1,-3,-4,-3,2,-1,2,-1	bundled-knot-table
braid:f6b8cff2dceebd339afe15d3b688d8b62e995fa9e5ee1d7dfa2d69b40821c7b2	2	5	-1,-2,3,4,3,-2,3,-2,1,3,-2,3,-4,3,-2,3	bundled-knot-table
braid:f6c1e9580a7470569cbafa7201da88fcb6cbd4ef9be8fd7f219a238e76d949b8	2	5	-1,2,-3,2,2,-3,2,-4,3,2,1,2,-3,4,-3,2	bundled-knot-table
braid:f7136f02aba90cab30b4a26bd537e78bf8d7a7a75dae10f2678e78df5f387e05	2	5	-1,2,-3,2,-3,-4,3,2,2,1,2,3,4,-3,-3,2	bundled-knot-table
braid:f76ae99b05b6b9cd18b27c2af1bde58c21fbc21dd13fc5c82da024b47c571105	2	5	1,-2,-3,-2,4,1,3,3,2,2,2,3,-2,-4,3,-2	bundled-knot-table
braid:f7b09acace6e07dd688851a18643975f60766b11bc0b1c9d183050ace694cb2d	2	5	-1,-2,-2,-2,3,-2,3,4,-3,2,1,-3,-2,-4,3,-2	bundled-knot-table
braid:f972c1a23feb42b2e689f05178d0cdcb028caf4c5d06b57702db978a64fc084e	2	5	-1,-2,3,-4,3,-2,1,-2,-3,4,3,3,-2,-3,-3,-3	bundled-knot-table
braid:f9acd182e60a1aa485c2e9e6250956bc364e601a4c173a14f3e1407041052863	2	5	-1,-2,3,-4,3,2,2,2,3,-2,1,-2,3,4,3,-2	bundled-knot-table
braid:fa1c5859585b53c34cbd4e0fd03e74d44a6296e007121ade86fd7fad1108eb42	2	5	-1,2,-3,2,-4,-3,2,1,2,2,-3,2,4,2,-3,2	bundled-knot-table
braid:fa9808aafeb9ab90f5fb266d070007dd92a1bfc0153d41ee8c623b1b92f5f3d1	2	5	-1,-2,3,4,3,-2,-2,-2,1,-2,3,3,-4,3,-2,3	bundled-knot-table
braid:fb60b06fb3e44c743d080aeda5cf82135faa9d18c3c0f2e1c1009df542039207	2	5	-1,2,-3,-3,-3,2,4,1,-3,2,-3,2,-4,-3,2,-3	bundled-knot-table
braid:fbb394816692464a0a9553e1d5fd46e035cd4e78b5bc3432d590cabfea4f9ba1	2	5	-1,-2,3,-2,-3,-4,-3,-2,1,3,2,-3,4,-3,-3,-2	bundled-knot-table
braid:fc24fd0e28d271d067fe12e2d37e966b8224551044b4ffc05f19ffb2f4b1ce81	2	5	-1,-2,3,4,3,3,3,-2,1,-2,3,3,-4,3,-2,3	bundled-knot-table
braid:fc9599cbe01eee0297bed933bf537bc3f4ebbbd533102a8ba84453965bf52654	2	5	-1,2,-3,4,3,3,2,2,2,1,2,3,-4,-3,2,2	bundled-knot-table
braid:fd9d044cf22690d7e0bdc7e3b741cca4b60405c891e303a8f1ced869034629c7	2	5	1,-2,-2,3,-2,1,-2,-3,-2,4,3,-2,1,-2,3,-4	bundled-knot-table
braid:fe047e025efc70621eac9f47acd2cc7242ee0fd315e993ce28c0d8dcaa742596	2	5	1,2,-3,2,-4,1,-3,-2,1,-2,-2,3,-2,4,-2,-3	bundled-knot-table
braid:fe42a5d843312c5a9926ecad5a3bd7b21160a64903a56ee72b130dec16fdb689	2	5	1,-2,3,-2,4,-2,1,-3,1,1,2,-3,2,-4,-3,-2	bundled-knot-table
braid:feb4d286165d5e809753618345fdaa24db5e2324c9d08abcccd00574502f66fe	2	5	-1,2,-3,4,3,-2,-2,3,3,2,-4,-1,2,-1,3,2	bundled-knot-table
braid:002c027674269393ad9aa0d9b9cc8ad812e24f040c57d9f456f120cea1653fd0	2	5	-1,2,2,-3,2,2,-3,2,1,-3,-2,-3,-4,-3,2,-3,4,-3	bundled-knot-table
braid:0045384edaa504611b65c6b1d6e562d0062ff1b1528af5ad8f2245eb542c84db	2	5	-1,2,2,-3,-3,-4,-3,-2,3,-2,1,-3,-2,-3,4,-3,2,-3	bundled-knot-table
braid:00c7c5b982204c01c2a97495f49c4351c3c20383d2ce3fd7396fa03556083678	2	5	-1,-2,-2,3,3,-2,3,-2,1,3,-2,3,-4,3,3,2,3,4	bundled-knot-table
braid:02a97a71a0331122b9d2ccb2a176ebe8bfc1b9f82df34acc4487c1c2e669cd9d	2	5	-1,2,2,-3,4,-3,-3,-3,2,1,-3,-2,-3,-4,-3,-3,-3,2	bundled-knot-table
braid:02c49ab8b52fe554508ce71f877cfcca7e12e640286403831edc4e9830ce1c91	2	5	-1,-2,3,-2,3,-2,-4,-2,3,-2,1,3,-2,3,4,3,3,2	bundled-knot-table
braid:03180eab4c4b104e7bbcb9e2eeccc97fa32c1c9e8f602900f7871ac81404b766	2	5	-1,2,-3,2,-3,2,-4,3,2,1,2,2,2,-3,2,4,-3,2	bundled-knot-table
braid:04501e92a34f02a841b1932b2c065118c87cdfc57fd8d0983d42f2d709a89141	2	5	-1,2,-3,2,-3,2,-3,4,-3,2,1,-3,-2,-3,-4,-3,2,-3	bundled-knot-table
braid:0479460c26415ca888780fd4484d4bccdcda638cecc0dd3e9b93c12f1beddf3d	2	5	-1,2,3,-4,-4,-4,3,-2,4,1,-3,-2,4,-3,4,-3,2,-3	bundled-knot-table
braid:04f0fb35f86f8617ddc149f1994eb7f05774c5fc5b177c1edf0d0e898775c332	2	5	-1,2,2,-3,2,-4,2,-3,-3,2,1,-3,-3,-2,-3,4,-3,2	bundled-knot-table
braid:05eb4ab3429828b0a9219836a5e6beca695ec3e4f0e788805021511550fad8b0	2	5	-1,-2,3,-2,-4,3,-2,1,3,2,3,4,3,3,3,3,-2,3	bundled-knot-table
braid:06381919bc3d7fc9bc57cfea9b13b33d2b65274975f337775b79fb7aa21658a1	2	5	-1,2,-3,-3,4,4,4,-3,-2,1,-3,-2,4,-3,4,-3,2,-3	bundled-knot-table
braid:07b062fa8d972f00e6d9c9d0751ba1c41799ad746d41d65fd131b39ca7bfc936	2	5	-1,2,-3,4,-3,-2,4,1,3,-2,4,-3,4,-3,2,3,3,3	bundled-knot-table
braid:0897490b9dc7ab11367d2e5851d9dcc43da7d9dfacbabe41baa14726eda57bb1	2	5	-1,-2,-3,4,3,3,3,3,-2,1,3,3,3,-2,3,-4,3,-2	bundled-knot-table
braid:08bd460a1fd56b32ca0708da4da1c7ce25ca189fb37240f526add01c6ecd2555	2	5	-1,-2,3,3,4,3,3,-2,3,-2,1,3,2,3,-4,3,-2,3	bundled-knot-table
braid:0988106d686633db5fd596ed41592e9f78d374c86f5fcd69d9ddcce9aa625487	2	5	-1,-2,3,-2,3,3,-2,-2,1,3,4,3,2,3,-4,3,-2,3	bundled-knot-table
braid:09887ae842fd19bb9d9646a666aba513d81a0138bd256a5478e7d5c9ce1444b8	2	5	-1,2,2,-3,2,4,2,-3,2,1,-3,-3,-3,-2,-3,-4,-3,2	bundled-knot-table
braid:0ba242e60bf181edcacdee62a23c9c9c0525d86d734306a026fbbd6d9ca49a87	2	5	-1,2,-3,2,-3,2,4,-3,2,1,-3,-3,-3,-2,-3,-4,-3,2	bundled-knot-table
braid:0c31ad41f2675ce2e5951a9a02b654b8c6e3cec377ce2bdaae131b5b9158c7d8	2	5	-1,2,-3,2,-4,2,-3,-3,-3,2,2,1,-3,2,-3,4,-3,-2	bundled-knot-table
braid:0c695b2f166756f04181ba85db1e9c0522101b8293807a09b688540b68052999	2	5	-1,-2,3,-2,3,4,3,2,2,1,3,3,2,3,-4,3,-2,3	bundled-knot-table
braid:0cba3a423945c285643f72af6569fa8bcda9d267bef342c931ca5e5cdba15076	2	5	-1,2,-3,-4,3,2,2,1,2,-3,2,4,-3,2,-3,2,-3,2	bundled-knot-table
braid:0d3efb6ae422caa58b498033253a763261dcf874c54187a8ffb5966a629b1f71	2	5	-1,-2,3,-2,-4,3,-2,3,-2,1,3,3,-2,3,4,3,3,2	bundled-knot-table
braid:0d9117fc863ab518b7ac4e05d478a01f6c9c2fa6061b108e05b2d6c56bb53eb8	2	5	-1,2,-3,2,2,-3,2,-3,2,1,-3,-2,-3,-4,-3,2,-3,4	bundled-knot-table
braid:0db35b84e029c2dc625eb3ef9e7b06cd5dd4831f06c94a5e5b3695885e58e2af	2	5	-1,-2,3,-2,3,4,3,-2,-2,1,3,3,2,3,-4,3,-2,3	bundled-knot-table
braid:0db8f127ffb2c9c3b96cad2b5e1286b2ab20566293b1e12a192d49ec74621f69	2	5	-1,2,-3,-3,2,4,-3,2,1,-3,-3,-3,-2,-3,-4,-3,2,-3	bundled-knot-table
braid:0e327317f4e995515be012dff78f0a747484562a6a48278b656a737f0a780ba3	2	5	-1,-2,3,-2,3,4,3,3,3,2,2,1,3,-2,3,-4,3,2	bundled-knot-table
braid:0eeafeb2ae8e42a002870fa668e296665aa54e87f8db2185144e499f1992525a	2	5	-1,2,2,3,3,2,1,3,4,3,-2,3,3,3,-4,3,2,3	bundled-knot-table
braid:0f8257134f99393843ece7b5fded238a263763f7ad7cb57933f960c3f2c3f1d2	2	5	-1,-2,3,3,3,-2,1,3,3,3,-2,3,4,3,3,2,3,-4	bundled-knot-table
braid:1034f4a21ece6df61ed5f61b66ba138986a7f821d8aef80dffcc07366f57a588	2	5	-1,2,-3,2,-3,2,-4,3,2,1,2,-3,2,4,-3,-3,-3,2	bundled-knot-table
braid:107c1fa0e749747d0a896273bca1359bdd1cc2572386c6d38b37938844e51b9c	2	5	-1,2,2,2,2,-3,4,-3,2,1,-3,-3,-3,-2,-3,-4,-3,2	bundled-knot-table
braid:11a0d1d49e5929df13e1988488fdd0b76d52e9a1f61b8b4ed6dcd015baefa1ab	2	5	-1,2,-3,-4,-3,2,-3,2,2,1,-3,-2,3,3,4,3,2,-3	bundled-knot-table
braid:11d6888f2ff44e9087f05e874a6a7a65b707e6f61788252bb02386fdab01fe97	2	5	-1,2,3,3,2,-3,2,-4,-3,2,1,2,3,2,4,-3,-3,2	bundled-knot-table
braid:126bc7c0b27bb492511382a52eddbb30cc7ccd36fb77b154fdf2b8822f52ea07	2	5	-1,2,-3,2,-3,2,-3,-4,3,2,1,2,-3,2,4,-3,2,-3	bundled-knot-table
braid:129317832c2d3e0a98d10f5ad509596012aa52a1aacc27745b7f136c816bafbb	2	5	-1,-2,3,-4,3,2,-4,1,-3,-3,-2,-3,4,-3,2,-3,4,-3	bundled-knot-table
braid:12f79ed8dd3a8ea88f61a5f46e04c6e4ab330bf73ba38c924aeb24b398c8aa28	2	5	-1,-2,3,-4,3,2,1,-3,4,-3,4,-3,-3,-2,-3,4,-3,2	bundled-knot-table
braid:130b29e7bfe852655f504204cb1b2cf85e0fa015c69b6108c1eaf91ed2b84793	2	5	-1,2,-3,2,-3,2,-3,-3,2,1,-3,-2,-3,-4,-3,2,-3,4	bundled-knot-table
braid:1349cb4af24cc7fdcfefc8e4a7a359e6f10bad34b288e6161bf7dacbc434a817	2	5	-1,-2,3,-2,3,-2,4,-3,2,1,-3,-2,-3,-4,-3,2,-3,-3	bundled-knot-table
braid:139215053a9d8ba2afcdab854128e31152822db448020804338e4ae7d6f96b41	2	5	-1,2,3,-4,3,3,-2,1,3,3,2,3,-4,3,3,3,-2,3	bundled-knot-table
braid:14358ad4dcf8f4e85069f492066fd338ad076b94db9a2bd88632304abd60b7e9	2	5	-1,2,2,-3,4,-3,2,1,-3,-3,-3,-3,-3,-2,-3,-4,-3,2	bundled-knot-table
braid:14be588347c6c1cd0ef80bccd9552196953c924de50831382456c06804da09f7	2	5	-1,2,2,2,3,-2,3,-4,3,-2,1,3,-2,3,4,3,3,2	bundled-knot-table
braid:15e5543b5a60e5e98a4871ffac03d379395fd3683aa0b197459a87acfe084606	2	5	-1,2,-3,-2,4,-2,-2,-2,3,-2,-2,1,-2,-3,-2,-4,3,2	bundled-knot-table
braid:169765874cf4960fcbaf8a71da812dde5ee93bd768c4c36c035496c9fffc6e9a	2	5	-1,-2,-2,3,-2,-4,3,-2,1,3,3,3,-2,3,4,3,3,2	bundled-knot-table
braid:171f53d5fb2333a61068ec40cc1c4929960645e486e91a8018f81055f3f22aa7	2	5	-1,2,3,-4,3,2,2,1,2,-3,-2,4,-2,3,3,3,3,2	bundled-knot-table
braid:174d2338d8ca1f70ecceb39dea2c8a16b33d3b3400eaf12b20447bc198b5a3f8	2	5	-1,2,-3,-3,2,4,-3,2,1,-3,-3,-2,-3,-4,-3,2,-3,-3	bundled-knot-table
braid:1799a7148a8bc65fc4b6b1567eec424cbd6548695b4df01cd2ede70e182e879e	2	5	-1,2,-3,-3,2,-3,-3,4,-3,2,1,-3,-2,-3,-4,-3,2,-3	bundled-knot-table
braid:18a4b361f3d384ea0103daacbe16207f0cbb384b86f2af6ba65ddf22bb10270d	2	5	-1,2,-3,4,4,4,-3,-2,4,1,3,-2,4,-3,4,-3,2,3	bundled-knot-table
braid:18d6aa5d8474f3d8b13ee9a35c93e3f7b1e073868331adf453eac819bd20d608	2	5	-1,2,3,-2,3,2,-4,3,2,1,2,-3,2,4,-3,2,-3,-3	bundled-knot-table
braid:190b21c7b8e25d751f4acbaeca184801e08a0d3e464799dda9b93b9281fd69f9	2	5	-1,2,3,-2,3,2,4,-3,2,1,-3,-2,-3,-4,-3,2,-3,-3	bundled-knot-table
braid:1a1c5a8facf3b8743063e7e32d4824ba7d98cc44621f104f513e4de65be4555d	2	5	-1,-2,-2,-2,-3,-2,4,-2,3,-2,-2,1,-2,-3,-2,-4,3,-2	bundled-knot-table
braid:1b3a04e53501ce9092f3ea6eade232fe7277011d5cf9239d60604979caf62080	2	5	-1,2,3,-4,3,2,1,-2,3,3,4,3,2,-3,-3,-3,-3,-3	bundled-knot-table
braid:1be8f23a248882791b2a396d6061b6eff49dc77727893d8df091dedef76b703c	2	5	-1,2,2,2,3,4,3,3,2,2,1,3,-2,3,-4,3,2,3	bundled-knot-table
braid:1c30d99e600ddc385e2915b35a905c3b23d08abb6e959d3ac1b0d17e6550d570	2	5	-1,-2,-2,-2,3,-2,-2,-2,1,-2,3,3,3,-4,3,2,3,4	bundled-knot-table
braid:1c70d9ba70f79bdb5697cf87528791b7fb56700fd4cfd70d379e2ff4aebda90d	2	5	-1,2,2,-3,-3,2,-4,1,-3,2,-3,4,-3,-3,-3,-3,-2,-3	bundled-knot-table
braid:1d217d7d1e29912f8d8989c7fddb7cecd1f7750fb8d4309204d820a8397fe6c9	2	5	-1,2,-3,4,-3,-2,4,1,-3,-2,4,-3,4,-3,2,-3,-3,-3	bundled-knot-table
braid:1e80edc3413223899223e56304e47c40e791036f36a1cf20dd712af546616941	2	5	-1,-2,3,-2,-2,-2,1,3,4,3,2,3,3,3,-4,3,-2,3	bundled-knot-table
braid:1eaf0e8f1fde35e329d02f1a555a3d651e1868741176bdfd53690bdbca2171bb	2	5	-1,-2,3,-2,3,3,-2,4,-2,1,3,-2,3,-4,3,3,3,2	bundled-knot-table
braid:1f2932001d552cf8f206c0a29a8ff6620cdea53b74e380a9557031026a7c692e	2	5	-1,2,-3,-3,2,-3,2,-4,-3,2,1,2,3,2,4,3,3,2	bundled-knot-table
braid:1fd95a6d262891d6b99b80327d9100507c3eea9fadb95fae0c533aa77a3ac5b0	2	5	-1,2,-3,4,-3,4,-3,-3,-2,1,-3,-2,4,-3,4,-3,2,-3	bundled-knot-table
braid:201cd493a74e79f0d3c428976956981b0400753bfb4feccc78366d0cceda219d	2	5	-1,2,3,4,-3,-3,-3,-3,2,1,-3,-3,2,3,-4,3,-2,3	bundled-knot-table
braid:21f35bd8e59ee3973e3dadf61c9053203c9d4e5d4ad0155359a5b2cff9bbe385	2	5	-1,-2,3,-2,-4,1,3,3,3,-2,3,4,3,3,3,3,3,2	bundled-knot-table
braid:21f894a84901ddfb2c05fb5d341e4d8ad01601a65370393b108be853eb20c4bc	2	5	-1,-2,-2,3,-2,4,-2,3,-2,1,3,3,-2,3,-4,3,3,2	bundled-knot-table
braid:226ed9d3d4754dac70f547d591bb20fb5552bcde9917b2aae9ff3cae56866ed8	2	5	-1,2,-3,2,2,1,2,3,2,4,-3,2,2,-3,2,-3,2,-4	bundled-knot-table
braid:22c0602e63fa0be4f0d91a6747eb6be854e5bef0a3a93114942fc4631e8a7a61	2	5	-1,-2,3,3,-4,3,3,3,-2,1,3,-2,3,4,3,3,2,3	bundled-knot-table
braid:22c562309fc3c22e60598904b93c9a8f7b0f9ac8721f0ae255b00cb0ac6894b6	2	5	-1,-2,-2,3,3,3,-2,3,-2,1,3,4,3,2,3,-4,3,-2	bundled-knot-table
braid:241f699cb5056167cab9acb638e7670ccc9214eb7cef0e4b6d39e8d2dc53f80e	2	5	-1,2,-3,-4,-3,2,1,-3,-3,-2,3,3,4,3,2,-3,-3,-3	bundled-knot-table
braid:243142abbd021b1b89e6e2ebf11f14863a4b856582f6e81314e1b99b12609995	2	5	-1,-2,3,-2,1,3,4,3,2,3,3,3,-4,3,-2,3,3,3	bundled-knot-table
braid:24d5ff0735bc4428e47c306006b70ed235a049538c08764359b83f11885437c8	2	5	-1,2,-3,-2,-4,-2,3,-2,1,3,3,-2,3,3,4,3,2,-3	bundled-knot-table
braid:25040bd4c5f1fc5a1f46948c09c3953004aa72280dbfeb040bbfd047f8d4ff4c	2	5	-1,-2,3,-2,3,-4,3,-2,1,3,-2,3,4,3,3,2,3,3	bundled-knot-table
braid:253bda67ebf3477590952c12fb40106b79a106024b4132b93918b6edfb0e294e	2	5	-1,-2,-2,3,-2,3,-2,1,3,-4,3,-2,3,3,4,3,2,3	bundled-knot-table
braid:254593de97ca0b5e66c5cb8487ee7cfb20c71e5d6e5bdb076db80502f1933e7f	2	5	-1,-2,3,-2,-2,3,3,-2,1,3,4,3,2,3,-4,3,-2,3	bundled-knot-table
braid:256d459c099e1482f385a7f42ea1708e1840b004a9634335eb7610f4122f6f85	2	5	-1,2,-3,2,3,-4,3,-2,1,3,-2,3,4,3,3,2,3,3	bundled-knot-table
braid:258255ce35deb2fb2309c582721bf969e6458d3f3d0578af3beb57b779e5bdea	2	5	-1,2,-3,-4,-3,-3,2,2,1,-3,-3,2,3,4,3,-2,-3,-3	bundled-knot-table
braid:25cf0db814f21050397e17cac528fd5422f69a8b21eb525762f372e2435cfa4e	2	5	-1,2,-3,2,-4,-3,2,2,2,-3,2,1,-3,2,-3,4,-3,-2	bundled-knot-table
braid:26c35e5746f97d99c1db723474c987fd38008c8888911c5914072612f0593d6d	2	5	-1,-2,3,-2,1,3,4,3,2,3,-4,3,-2,3,3,3,3,3	bundled-knot-table
braid:26f2530d2ac7beae0568dc6b2e8d65de7c50908f8a3b3e0d4c41c856749922db	2	5	-1,-2,-2,3,-2,-4,3,-2,-2,-2,1,3,-2,3,4,3,3,2	bundled-knot-table
braid:28a532d9d212d1a285d99e49bb0c4ce53eab67b546feffbd891d7e608d4c7236	2	5	-1,-2,-2,3,-2,3,-2,1,3,4,3,2,3,-4,3,-2,3,3	bundled-knot-table
braid:28aedb2b87b40a6e30d2b9f8c83e1747504d10ef954217e9a6575c04a37391d1	2	5	-1,2,3,-4,-4,-4,3,-2,-4,1,-3,-2,4,-3,4,-3,2,-3	bundled-knot-table
braid:28c0a89803cc96dca88c1a049c8679536b5477524a9c539da958374821a1364d	2	5	-1,2,-3,2,-4,-3,2,-3,2,1,-3,-3,-3,2,-3,4,-3,-2	bundled-knot-table
braid:28fb976f5e7199f4df3c23b11fb1784ce617fe3702ebde264864ca816e968e12	2	5	-1,2,3,3,3,2,4,2,1,3,-2,3,3,3,-4,3,2,3	bundled-knot-table
braid:2b86d6ea5e800a474f7980dfa8575f9a86bee993329e5f4659a6079388a0ac3c	2	5	-1,-2,3,3,3,-2,-4,3,3,-2,1,3,-2,3,4,3,3,2	bundled-knot-table
braid:2bdd9b2e914a8798fa6e847620d4ecef8115274413c50104c2330d2ba1772c28	2	5	-1,2,2,-3,4,-3,2,2,2,1,-3,-3,-2,-3,-4,-3,2,-3	bundled-knot-table
braid:2be5ca39f5272cfb6fd28749c2b2d76feedf912a8d85e59684cc8aa3e149ba5b	2	5	-1,2,2,-3,4,-3,2,1,-3,-2,-3,-4,-3,-3,-3,-3,-3,2	bundled-knot-table
braid:2c9a871fd19d50bc4d58520c5a6ba7cae5b8f6c77346ffda3d48cc8c5d018d29	2	5	-1,2,2,-3,-3,2,-4,1,-3,2,-3,4,-3,-3,-2,-3,-3,-3	bundled-knot-table
braid:2cdd7f7cfc551f565860e9c9c0ffea5033753ec8dcf12f6c9928cf5b392f0194	2	5	-1,2,3,-4,3,-2,1,3,-4,3,-2,3,-4,-4,-4,3,3,2	bundled-knot-table
braid:2d600f51d04682fbe00715d3baa9eddee102aa9ab097477af1530688537d8fb7	2	5	-1,2,-3,-4,3,2,2,1,2,-3,4,-3,-3,2,-3,2,2,-3	bundled-knot-table
braid:2d7b2db4d15b244d4038399d06a0a241f975038e9c2b3efc00ad99cad4d4122f	2	5	-1,-2,3,-2,3,3,4,3,3,-2,-2,1,3,-2,3,-4,3,2	bundled-knot-table
braid:2db21633b45d9ffb9584e6ebea11d10cb6005120443a6b30b3f063b7c55ac49b	2	5	-1,-2,3,3,-4,3,-2,1,3,-2,3,4,3,3,3,3,2,3	bundled-knot-table
braid:2fb6337431a265d23ecbbd7fa312adf0e94b1343ea60720a9925cc9e498ef5ac	2	5	-1,2,-3,2,-3,2,-4,3,2,1,2,-3,2,4,-3,2,-3,-3	bundled-knot-table
braid:30775fba21aadb25981bb1e9963183e28ade31f492b9313d3790adb3722cb217	2	5	-1,2,3,3,3,2,4,2,1,-3,-2,-3,-3,-3,-4,-3,2,-3	bundled-knot-table
braid:330902f9b996a7976d5f2b218913d5e8a651c683ef1437073c2409b756ccbb9f	2	5	-1,2,3,3,3,2,-4,2,1,3,3,2,3,4,3,-2,3,3	bundled-knot-table
braid:347694a7e759dc83343db0c83ce0da7d28995fa34aa013ca5a5bc49a73273ba1	2	5	-1,-2,3,-2,1,-2,-3,4,3,-2,3,-2,3,3,-2,3,3,-4	bundled-knot-table
braid:34ff324bed74e48d3dcf953e1247909bb36e26ab769b916e4093035edd6d7dfe	2	5	-1,2,3,-2,4,-2,-2,-3,2,2,1,2,3,-2,-4,-2,-3,2	bundled-knot-table
braid:3737f0410050b183f661fce567d756ea8cce94db0c1a4661501d2b932a21641b	2	5	-1,2,-3,-3,2,-3,-3,-3,2,1,-3,-2,-3,-4,-3,2,-3,4	bundled-knot-table
braid:3794a59c0f385891e2c5b64737cc7a685d56f80a4250c2a69055e12b3e28b1e3	2	5	-1,-2,3,-2,1,3,4,3,2,3,3,3,3,3,-4,3,-2,3	bundled-knot-table
braid:385103905aed924467c4cd6ef0cc395be46254d291400f4cfde6e7baabec7e46	2	5	-1,2,-3,2,-3,2,-4,3,2,1,2,-3,2,4,2,2,-3,2	bundled-knot-table
braid:3861b1060b5bb985d6ef932cff254d11f18fc79affec2da99f66cdbfe40b333e	2	5	-1,-2,-2,3,-2,-2,-3,-3,2,1,-3,-2,-3,-4,-3,2,-3,4	bundled-knot-table
braid:39313396f78601546e0e964aabcdd64821f01ece1752b083b3f4b761d2fc3968	2	5	-1,2,3,3,3,-4,3,3,-2,1,3,3,2,3,-4,3,-2,3	bundled-knot-table
braid:39363dfa4151b049c5390e7e6479081434c38242f5ab921e0445ee7f1d893242	2	5	-1,-2,3,3,3,-2,3,-4,3,-2,-2,1,3,2,3,4,3,-2	bundled-knot-table
braid:39629cd1589db0f7384b8c8ff02476703c1a2146cf285b9b94fa37f2986f380d	2	5	-1,2,2,-3,2,-4,2,3,2,1,2,-3,2,4,-3,2,-3,-3	bundled-knot-table
braid:39c91e90ead14399fa002718432a1af432f6c24c948e4a13203d6c7ad6546075	2	5	-1,-2,-2,3,-2,3,3,-4,3,-2,1,3,-2,3,4,3,3,2	bundled-knot-table
braid:3a53728d8e7f0380f2fd4a09e43b2484f384dc3e8e7e335ce6b2730c7a3d3f7b	2	5	-1,-2,3,-2,-2,-2,1,-2,3,3,3,3,3,-4,3,2,3,4	bundled-knot-table
braid:3b762ccb116c6b017f6fc066b78dc86cd0475513bf6e3165f93a1482a6318aaa	2	5	-1,-2,3,3,-4,3,-2,1,3,-2,3,3,3,4,3,3,2,3	bundled-knot-table
braid:3c16b83d06e142a9a43fb67647586733c207e5aedcfce6105454a9420dd18bed	2	5	-1,-2,3,3,3,-2,1,3,-2,3,4,3,3,2,3,3,3,-4	bundled-knot-table
braid:3c93d78ec4b182c633b1ad6b9b967f4c177fef03a6fcd972b479bcd3bd617503	2	5	-1,2,-3,-4,3,2,2,1,2,-3,4,-3,2,-3,-3,2,-3,2	bundled-knot-table
braid:3e1362156d70debacd084ba41cb3ae0ce5c349b2aa10cb1bc2f186f0ad89a636	2	5	-1,2,-3,-3,2,-3,2,1,-3,-2,-3,-4,-3,2,-3,4,-3,-3	bundled-knot-table
braid:3e235065e08d50c92cd0c0369fd9fab0dbb39d198893b2459615828162eb31a7	2	5	-1,2,3,3,3,4,-3,-3,2,1,-3,-3,2,3,-4,3,-2,3	bundled-knot-table
braid:3ebda6989bf1db3ac098d523b21e6ca17c2398d8c1ad28b6a56dc6ed7be74f8f	2	5	-1,2,3,-4,3,2,2,1,2,-3,-2,4,3,-2,3,-2,3,2	bundled-knot-table
braid:3ee481dc1aa85db106b4ecff7b7763a05e77ffdbfd83d03f38b44c1bc5597ecb	2	5	-1,2,2,-3,-3,2,-4,1,3,2,3,4,3,3,3,3,-2,3	bundled-knot-table
braid:3efce2557168f6383bc783682280c78d6aceb5e4b9d49759ba89017a5f7bf41b	2	5	-1,-2,3,-2,-4,1,3,3,3,3,2,3,4,3,-2,3,3,3	bundled-knot-table
braid:3f48a8fbda6bdf89deedc76f0d6bc4a373476c3d6ef9ca4ed0601d87c441e63e	2	5	-1,2,2,3,3,3,3,2,-4,1,-3,2,-3,4,-3,-3,-2,-3	bundled-knot-table
braid:40735e117f550d34c1381cec3e887474ebcd33c0fcc5d68297f8d6faab3f5ba4	2	5	-1,-2,-3,-2,4,-2,-2,-2,3,-2,-2,1,-2,-3,-2,-4,3,-2	bundled-knot-table
braid:41952d4c450f0ef0d5cd45bb0d3ba2c03556bbd647adfa7031d57b361f87ad0b	2	5	-1,2,-3,4,-3,-2,1,-3,4,-3,-2,4,4,4,-3,4,-3,2	bundled-knot-table
braid:41c6f25b1708ed2f5114bb012304fd409170801a9e4bb2c1bc665df5766075f9	2	5	-1,2,3,-4,3,-2,-4,1,3,-4,3,3,-2,-3,4,-3,2,3	bundled-knot-table
braid:424052e31be59d9588558877905d908ac5f03584256909af1e606b40f0a288cb	2	5	-1,2,-3,-3,2,-4,3,2,1,2,-3,2,4,-3,2,-3,-3,-3	bundled-knot-table
braid:430396fec6bb9d82bb56f8ccf889deafc117ea447f7e9773fe2b725425611c87	2	5	-1,2,3,-4,3,3,2,2,1,3,3,2,3,4,3,-2,3,3	bundled-knot-table
braid:433b3baf7cbc72fbbff89034a05e9bea522cffa6b05178eba3f09ff6c111f0ab	2	5	-1,2,-3,2,-4,2,2,2,1,-3,-3,-3,-3,2,-3,4,-3,-2	bundled-knot-table
braid:43d1d65aca5091e7c496ecf6bd611fbb3480c19f7eb72c8f37885015b830d3e1	2	5	-1,-2,3,-2,3,-4,3,3,3,-2,1,3,-2,3,4,3,3,2	bundled-knot-table
braid:43d738c7e78f35fffc5bc7080b0dfa477495605c06a2cbb3323d08742c1bffbe	2	5	-1,2,-3,2,-4,2,-3,2,-3,2,1,-3,-3,-2,-3,4,-3,2	bundled-knot-table
braid:4406a84e53085484b104103087bcf54844755450d133f6875f831aed27ec6ea4	2	5	-1,-2,3,-2,-4,1,3,3,2,3,4,3,-2,3,3,3,3,3	bundled-knot-table
braid:440f9f8be368ec37f9b751b04516d8ffbc12baa933d452744bba2eae1c3c7287	2	5	-1,2,-3,-4,3,2,2,1,2,2,2,-3,2,4,-3,2,2,-3	bundled-knot-table
braid:4416182f0dc7ff6d26b78b0b3e677fa617eb90301f26b2be3fc6ca711b9796da	2	5	-1,-2,-2,-2,-2,3,-2,-4,3,-2,1,3,-2,3,4,3,3,2	bundled-knot-table
braid:449cdc8deb7819f272242719f8a6dd140998c27f12bd119f814b355dc58aeb11	2	5	-1,2,-3,-4,3,2,1,2,-3,4,-3,-3,-3,-3,-3,2,-3,2	bundled-knot-table
braid:44b8ee36f828ba6671e75043aa499e078160a6f1e1e8129d17d69233dea21be7	2	5	-1,-2,3,3,3,3,3,-2,1,3,-2,3,4,3,3,2,3,-4	bundled-knot-table
braid:46cd65066c28f2c738a1defe705be9f4db0582663fece1b94bf73de7875bcd9b	2	5	-1,2,-3,-4,3,2,1,2,-3,4,-3,2,-3,-3,-3,-3,-3,2	bundled-knot-table
braid:472139f8638b258b437ba793a900d7611818ac1b8c3a917f3f4b02de9645f5e0	2	5	-1,2,-3,2,-3,-4,3,2,1,2,-3,4,-3,-3,2,-3,2,-3	bundled-knot-table
braid:47db1676bd5d7c5ca6b97c455fc8b04c40dd3d619357b0529ced8919cf765aa4	2	5	-1,-2,3,-2,3,3,3,3,-2,4,-2,1,3,-2,3,-4,3,2	bundled-knot-table
braid:4800ed436eb0b3e9aff093a47da844d33273298ebab6433045f775db5e6f7153	2	5	-1,2,-3,4,4,-3,4,-3,-2,1,-3,-2,4,-3,4,-3,2,-3	bundled-knot-table
braid:4817e735edbf00fe8202fdb66a02dcf53cef1a6d81e032ad7ded24b26623a175	2	5	-1,-2,3,-2,-4,-3,2,1,-3,-2,3,3,4,3,2,-3,-3,-3	bundled-knot-table
braid:48e4eb2474ee9409414745c812f3c79de4b9772aeabd92177172c20cec00d8f5	2	5	-1,2,-3,2,4,-3,2,-3,-3,-3,2,2,1,-3,2,-4,3,2	bundled-knot-table
braid:49084cfa9bb7668ab8d63c4bcd7532b3cf5e3ead70834dba1d413cc1049c2a32	2	5	-1,2,-3,2,-4,2,2,-3,2,1,-3,-2,3,3,4,3,2,-3	bundled-knot-table
braid:49eeb182e3b954f8d3faf50ff1f39f332923e2879a0168dc8cab21bc1e6a9aab	2	5	-1,2,2,3,3,3,3,2,-4,1,3,2,3,4,3,3,-2,3	bundled-knot-table
braid:4a1236e6f8dbbff88b15c285a032224184c4ea59a05b9855fb6b76886dab4968	2	5	-1,2,-3,-4,3,2,2,1,2,-3,2,4,2,-3,-3,-3,-3,2	bundled-knot-table
braid:4a1c358d049a577d95a2960abf012f8bbb70dbaa0ccaa5e270ba713f6c633733	2	5	-1,-2,-2,3,-2,3,-2,-2,-2,1,3,4,3,2,3,-4,3,-2	bundled-knot-table
braid:4a57055fafad067b9ccd48b361acad125e5edff4aa5f8c06b4b48d7c7dfbc6f6	2	5	-1,-2,3,3,-4,3,-2,1,3,-2,3,4,3,3,2,3,3,3	bundled-knot-table
braid:4a5b509e7cd56389e0164c4d349412296c365435bb35f6f2f46ccb3110be8a93	2	5	-1,-2,3,3,-2,3,-2,-4,3,-2,1,3,-2,3,4,3,3,2	bundled-knot-table
braid:4a889346a977c6c641a24273b1da8bf737d749fe7259aaa086379d5a83234351	2	5	-1,-2,3,3,-2,4,-2,3,-2,1,3,3,2,3,-4,3,-2,3	bundled-knot-table
braid:4afa9dd9110956940972a534ff195bf8cb56396a4bd7b0364c10b4b886e5f4c9	2	5	-1,-2,3,-2,4,3,-2,1,3,-2,3,3,3,3,-2,-4,-3,-2	bundled-knot-table
braid:4b577285117988e910c96b2507f0afcfcb07678900a9fcc99421812da94e84c1	2	5	-1,-2,-3,2,-3,-4,3,3,3,-2,1,3,-2,3,4,3,3,2	bundled-knot-table
braid:4b5a1d3542d2c38e861884e4dc2c0dd9613b187e9b164d400a7547d56b94728b	2	5	-1,2,2,2,-3,2,-4,2,1,-3,-3,-3,-3,2,-3,4,-3,-2	bundled-knot-table
braid:4c56e243a68ac1226b29262089f977c65ff76623432c5d86a6f38dbd2c127cea	2	5	-1,2,-3,2,2,2,2,-3,2,-3,-4,3,2,1,2,-3,2,4	bundled-knot-table
braid:4c6cfaf70f31781099ea6ec89e475b57ac8d910017400c65bad7e9258d1abaf8	2	5	-1,-2,-2,3,-2,-4,-2,-3,-3,2,1,-3,-3,-2,3,4,3,2	bundled-knot-table
braid:4d2bdd6bac3a9233d3fb2f86ec7eb43621fe6c5edc7efe1b315242da5c689a67	2	5	-1,2,-3,2,2,-3,2,-4,3,2,1,2,-3,2,4,-3,2,-3	bundled-knot-table
braid:4e1c3de3125259e83b9f2ba3abf6194b12998c34a56e4dea94a09948bfbd625b	2	5	-1,-2,-2,3,-2,3,-2,1,3,4,3,2,3,3,3,-4,3,-2	bundled-knot-table
braid:4e1f46c52af7f4ceffba41ce6163fe1507af3b6be6c577dd0f628c782d32baaa	2	5	-1,-2,3,3,3,-2,1,3,4,3,2,3,-4,3,-2,3,3,3	bundled-knot-table
braid:4e2c1a07fc9a11458badb0d0e2788850003eda1fa79320b86416e40e6db541c4	2	5	-1,2,2,2,2,-3,-3,2,1,-3,-2,-3,-4,-3,2,-3,4,-3	bundled-knot-table
braid:4e7fdc893136b950de1abedf4af3a3e33c90ccf908428eca4248a6575e77e735	2	5	-1,-2,-2,-2,3,-2,4,3,-2,1,3,-2,-3,-3,-2,-4,-3,-2	bundled-knot-table
braid:511808debf6fb4b94a071572b7b7603f525b5571e3e44c567a20ebc9f915b733	2	5	-1,-2,-2,3,-2,-4,-2,-2,3,-2,1,3,-2,3,4,3,3,2	bundled-knot-table
braid:511fddcd9fc4ecc602367034b2b9caea6b4b65d45360d8ba0d967f31357f11a4	2	5	-1,-2,3,-2,3,4,3,-2,1,3,2,3,3,-4,3,3,3,-2	bundled-knot-table
braid:515f964d1a3ea263dd786e5d61796d6940a0279363f4dbb7697d7bb7f67739f2	2	5	-1,-2,3,-2,-2,-2,1,3,4,3,2,3,-4,3,-2,3,3,3	bundled-knot-table
braid:517d5d82e4e813f21fce0d6ff4b491779e151935ba5f803d52181cec88003ac1	2	5	-1,2,-3,2,-4,-3,2,-3,2,1,-3,2,-3,4,-3,-2,-3,-3	bundled-knot-table
braid:51aa8bba5e82167921d7e2b153448e9b6698f56f440b6ecf824d10d4e43a1fff	2	5	-1,2,3,-4,-3,-3,2,2,1,-3,-3,2,3,4,3,-2,3,3	bundled-knot-table
braid:51fa59e27d8e22b485aea99a63bfc86fd88b5a5c58500a162aa849e57a7b250b	2	5	-1,2,2,3,3,2,-4,1,3,3,3,2,3,4,3,3,-2,3	bundled-knot-table
braid:52aa5a8910b29f332b1c6fe88b394aea07f08a025a2d86a4773c9dfb9e41c1d8	2	5	-1,-2,-3,-2,1,-2,3,-2,4,3,-2,3,3,3,-2,3,3,-4	bundled-knot-table
braid:53c189eda75b78c5e1a2508d43c41c1f95593b3ea53bb6c0ffd2a3df941549fd	2	5	-1,2,2,3,3,2,-4,1,3,2,3,4,3,3,3,3,-2,3	bundled-knot-table
braid:5416ff6eb0b13b4aa94fe917da7adf7b6cc5cd3d1b01f091ad0f755dfac7f228	2	5	-1,2,-3,-4,-3,-3,2,2,1,-3,-3,2,-3,4,-3,-2,-3,-3	bundled-knot-table
braid:5465ee87158a55cd41f8f47a11ab3cfd1d7ab1ea1830774cd98f72922e97b904	2	5	-1,-2,-2,3,4,3,3,-2,3,-2,1,-2,3,-4,3,2,-3,-3	bundled-knot-table
braid:546f603838bbce197f3c7f9b3584d294afca96491494be935ad2d3dc18460f2e	2	5	-1,2,-3,4,-3,-2,4,1,4,4,-3,-2,4,-3,4,-3,2,-3	bundled-knot-table
braid:54a0012c2f80774a2535bc9a62555dc47e9b7f0e9541d792f863c30d1c2c6730	2	5	-1,-2,3,-2,3,4,3,-2,-2,1,3,3,3,-2,3,-4,3,2	bundled-knot-table
braid:550bb03f4468eea450e88a46305b86675705486f0db79908c062ffb968db9ec1	2	5	-1,2,-3,2,4,-3,2,-3,2,2,1,-3,-3,-3,2,-4,3,2	bundled-knot-table
braid:55317f798825f0f532f9bb7203ec2412bbc54e822c4c103142d722a512a97ff5	2	5	-1,2,-3,-4,3,2,2,1,2,-3,2,4,2,2,-3,-3,-3,-3	bundled-knot-table
braid:5587c198e357bfaeea4d07b42045cada40737bfa17937762da292eb9262674c5	2	5	-1,-2,3,-4,3,-2,-2,-2,-2,3,-2,1,3,-2,3,4,3,2	bundled-knot-table
braid:55b20994db9d1994cc0b7de41b2f8776cc3005724959f1965a4b9847cbbc46c6	2	5	-1,-2,3,-2,4,3,3,3,-2,1,3,-2,-3,-3,-2,-4,-3,-2	bundled-knot-table
braid:55e226787d97066c481833bc52ae21cefc0c04ce10121b48868db5ae179d1cb2	2	5	-1,2,-3,2,-4,2,-3,2,2,2,2,1,-3,2,-3,4,-3,-2	bundled-knot-table
braid:55f11fdf7f8f5aa5ffe8d8a78a6972d685b70719eda49004e9a010e416df60fb	2	5	-1,-2,3,-2,-4,1,3,3,3,3,3,3,2,3,4,3,-2,3	bundled-knot-table
braid:56230d7c552a3ce97f00cd2ed87bccb42237f42324e6dcd08f546cb8d20205ac	2	5	-1,-2,3,4,3,3,3,-2,3,-2,1,3,2,3,-4,3,-2,3	bundled-knot-table
braid:5872259313f8f47ee07007220f36ff2878ff567d0f0620dca3bdc08c6bec308c	2	5	-1,2,-3,-3,2,4,-3,2,1,-3,-2,-3,-4,-3,2,-3,-3,-3	bundled-knot-table
braid:58b041f0aeb4a7a0dd2d89516d6ddbcf6b21fe04f46b4f62a68dc6565a62de1a	2	5	-1,-2,3,-2,-2,3,3,-2,1,-2,3,3,3,-4,3,2,3,4	bundled-knot-table
braid:59480cd621c55018306168a797e1ca26fc755ff3887f1d507f9dee32de9118a9	2	5	-1,-2,3,-2,3,3,-4,3,-2,1,3,3,-2,3,3,4,3,2	bundled-knot-table
braid:59580cbf949077d86203d590b681bdbd1176bc5b166e63496537b1ad1dccd6d7	2	5	-1,2,3,3,3,-4,3,-2,-4,1,-3,-2,4,-3,4,-3,2,-3	bundled-knot-table
braid:5999abff0e5800f844f31d353171b40162ccc9be8a628caaf29016a49a680e62	2	5	-1,2,-3,-4,3,2,1,2,-3,4,-3,2,-3,2,-3,2,-3,-3	bundled-knot-table
braid:5a2668a175f7a19761799bfc26f24a656eb33535324b14f92c986c96592226cd	2	5	-1,2,-3,-4,3,2,1,2,-3,4,-3,-3,-3,2,-3,-3,-3,2	bundled-knot-table
braid:5a4bbd41e3d5b46c1c51056e387924e67d6a70eda8aa5cf6bc4224a36e4aa5dd	2	5	-1,2,-3,-4,-3,-3,2,-3,2,1,-3,-2,3,3,4,3,2,-3	bundled-knot-table
braid:5b45cc20033ad5899e806ab4c821a6b8c7f98da9f949361feb65ea9c44560e48	2	5	-1,-2,-2,3,-2,3,-2,-4,1,3,3,3,3,2,3,4,3,-2	bundled-knot-table
braid:5b4bae6a9d2f95a84e35e141c4e05972378be893b83f19320856de88729f40de	2	5	-1,-2,3,3,3,-2,3,3,-2,4,-2,1,3,-2,3,-4,3,2	bundled-knot-table
braid:5bc2d4cd7cc2e77ad4645eb874c521dc04b1b1bfb3c9c115582292bda533a416	2	5	-1,-2,3,-2,-4,1,3,3,3,-2,3,3,3,4,3,3,3,2	bundled-knot-table
braid:5d52d341ea45748cea6a023318853781aad3bc459d53923bc1648e1c985e0469	2	5	-1,-2,-3,4,3,3,3,-2,-2,3,-2,1,3,-2,3,-4,3,-2	bundled-knot-table
braid:5eb6f6bacedbf83c005bdfc166929d038c03e36afa2b164834fc50b47bf28d54	2	5	-1,-2,3,-2,-4,1,3,3,2,3,4,3,3,3,-2,3,3,3	bundled-knot-table
braid:5ec11d9141b3d54c47392f0b079e8cc3bc839663d1299947e0e0ba8aa8a84738	2	5	-1,-2,3,-4,3,-2,-2,3,-2,1,3,3,2,-3,4,-3,-2,3	bundled-knot-table
braid:5ee9f90598367095789e22eee8e768afd8f382a3db00f393c3146994d74bec9e	2	5	-1,2,-3,-2,-4,3,-2,3,-2,1,3,2,3,4,3,-2,-3,-3	bundled-knot-table
braid:5f5b29359d8d65aa156343d5068b9033432c1ea6de58488b26a21be2725811e8	2	5	-1,2,-3,4,4,-3,4,-3,-2,1,3,-2,4,-3,4,-3,2,3	bundled-knot-table
braid:5f8cb2ffb748677539bdec288da2a6d5e2122bc54e53ffa18f9fc1397d8e2c1e	2	5	-1,-2,-2,-2,3,-2,4,3,-2,1,3,-2,3,3,-2,-4,-3,-2	bundled-knot-table
braid:5fb5b14924fc1fd106e23b9a72c49e86d23377509dfab025fb5edbed73c9b073	2	5	-1,-2,3,-2,-4,-2,-2,1,3,3,3,-2,3,4,3,3,3,2	bundled-knot-table
braid:604108e21f44236cea0d1bcf6ac4c3c97987fe7bd94f6710f139a9bd46217ba5	2	5	-1,2,-3,4,-3,-2,1,-3,4,-3,-2,3,4,4,4,3,3,2	bundled-knot-table
braid:6073f2977ef42c3d725ac6b008ab5b4906335112838a2ea0ea4f74b8f26d6fe2	2	5	-1,2,3,3,3,-4,3,-2,-4,1,3,-2,4,-3,4,-3,2,3	bundled-knot-table
braid:60ae4ddaeb763db8b221bb8a4ed190d743ab48a00bbb4dad6037ebe8255729b0	2	5	-1,-2,-2,-2,3,3,3,-2,1,3,-2,3,4,3,3,2,3,-4	bundled-knot-table
braid:60f15b5d334be50378c9b5e27e830cc661955177624ee29dab2b4ad5b357c16c	2	5	-1,-2,-3,4,-3,2,4,1,-3,-3,-2,-3,4,-3,2,-3,4,-3	bundled-knot-table
braid:613cbdc9ca3d81dc9dfba665cfe2e4c4a6fd41bca325fb21f6002625b93518b5	2	5	-1,2,-3,4,-3,-2,4,1,-3,4,-3,-3,-2,-3,4,-3,2,-3	bundled-knot-table
braid:61604b06399b46a922dc8b414b8d5c2913adfe12d1ce35c2f8cb7e9bf6069537	2	5	-1,2,2,-3,4,-3,2,1,-3,-2,-3,-4,-3,2,-3,-3,-3,-3	bundled-knot-table
braid:61ac169541285d25d11c791020f4bd79b999905eaded32cdafe632716c4f067a	2	5	-1,-2,3,-4,3,3,2,1,3,3,-2,3,3,-4,-4,3,2,3	bundled-knot-table
braid:61f410f0c367eb656e70a43f55a51b9480c71302e5ec961001add265671cba69	2	5	-1,2,3,-4,3,-4,3,3,-2,1,3,-2,4,-3,4,-3,2,3	bundled-knot-table
braid:625cf02bfb6d436ec5ac8d4a266b2e01f16b8800fcf2e3e0019cb3ce14902f01	2	5	-1,2,-3,-3,2,-3,2,-4,-3,2,1,2,3,2,4,-3,-3,2	bundled-knot-table
braid:63fed6111aeae1c1473869f279e64c0257ace80bf4b161dcf39aabd4cbcad611	2	5	-1,2,2,-3,2,4,2,-3,2,1,-3,-2,-3,-4,-3,-3,-3,2	bundled-knot-table
braid:6468cb2e84929e4b1659d6ce361e6589eb325aac1c3d8ca782094ee581e8650e	2	5	-1,2,-3,-4,3,2,2,1,2,-3,4,-3,-3,2,2,-3,-3,2	bundled-knot-table
braid:65081af8161c64803ba415886ad9b2036f9122ec1196d36ded4382b4ab63633b	2	5	-1,2,-3,4,4,4,-3,-2,1,-3,4,-3,-2,-3,4,-3,2,-3	bundled-knot-table
braid:650f060645c1095641c4bd8d2de66b2664cf6f99ab4ad648ec090e3fa8a06334	2	5	-1,2,-3,2,2,-3,2,4,-3,2,1,-3,-3,-2,-3,-4,-3,2	bundled-knot-table
braid:6559ffb0461984cc6ba2decddbe92d7e693e5e1eaae1afdbe1a35a9fe83a710d	2	5	-1,2,2,2,3,3,3,2,4,2,1,3,-2,3,-4,3,2,3	bundled-knot-table
braid:6588c14a0de3b2f2adb03a3ded14890efea008b86d5f10dc9217f62adda2eb42	2	5	-1,2,-3,-4,3,2,2,2,1,2,-3,4,-3,2,-3,-3,2,-3	bundled-knot-table
braid:65aef18af2952ff560a1925f44108f893434f65190c75e9b1d96ec45fddb8306	2	5	-1,2,-3,-3,2,-3,-4,-3,2,-3,2,1,-3,2,-3,4,-3,-2	bundled-knot-table
braid:66b866670ea60790255029b09ff2119e58572cfba3d1a0e4678d4f174ddeb067	2	5	-1,2,3,-4,3,3,-2,1,3,3,2,3,3,-4,3,-2,-4,3	bundled-knot-table
braid:670576d7d0e3fcc42781f125da59ebf233d0e723b5701bea0c2100c4f2ac4c76	2	5	-1,2,2,-3,-3,2,-4,1,3,3,3,2,3,4,3,3,-2,3	bundled-knot-table
braid:679fc77101e8386587239e9da659facb2eaaa34d355070bf6a5ebbd55b8ed8c3	2	5	-1,2,-3,-4,3,2,1,2,-3,4,-3,-3,-3,2,-3,-3,2,-3	bundled-knot-table
braid:69324185073af7232a42e4f68591be0b331d4d28de2976a512b885fc647f476f	2	5	-1,-2,3,4,3,3,3,3,-2,1,3,3,2,-3,-4,-3,-2,3	bundled-knot-table
braid:6b264eb04ac04949333b864712160ad89cf4eeed89cac908928cb412c334cf16	2	5	-1,2,-3,2,-4,2,-3,2,-3,2,1,-2,-3,4,-3,2,-3,-3	bundled-knot-table
braid:6bddb1061671e6ca7ba646c8c8e0188d1874e483ad4f4aaa31c3e2f276b69fad	2	5	-1,-2,-2,3,-2,-4,3,3,3,-2,1,3,-2,3,4,3,3,2	bundled-knot-table
braid:6c1fd8eb1cd59c8bf0cb436e6f80684678bd49d936e27ba9da1c6055a4a6ef51	2	5	-1,2,2,-3,-3,2,-4,1,-3,-3,-3,2,-3,4,-3,-3,-2,-3	bundled-knot-table
braid:6c37a6553a1ec45d89dc5a95f6f13019cd1ce07a2b19445fe608fcd91dcbb6f2	2	5	-1,2,-3,2,-4,2,3,3,2,2,1,-3,-3,2,-3,4,-3,-2	bundled-knot-table
braid:6ca3be81996c598da2d4ba2bfce10694be77e1b9872706954f1ac3b616dd71a4	2	5	-1,2,-3,2,-3,2,-4,3,2,1,2,-3,2,4,3,3,3,2	bundled-knot-table
braid:6d1f5cabd01c95a9b7b7ab6c6b27ae7c1b1458ce3154212ab47ba7bc7f3ef9d4	2	5	-1,-2,3,-4,3,3,-2,1,3,3,2,3,4,3,3,3,-2,3	bundled-knot-table
braid:6db5bee6fbf3db0911e8accf40304e698bf67e28c675c701d2023e0233450911	2	5	-1,-2,3,-2,1,-2,3,3,3,3,3,3,3,-4,3,2,3,4	bundled-knot-table
braid:6e690133a8c2d9b940c764d53c9e32533f4b189b32ec63552ef18eb90587db09	2	5	-1,2,2,-3,-3,-4,-3,-3,2,1,-3,2,3,4,3,3,-2,-3	bundled-knot-table
braid:6e6f201fad18b42ee60be5b44e403c7197df7bd1ce540c03d246becc483e4d3d	2	5	-1,2,2,-3,4,-3,-2,-2,-3,-3,2,1,-2,-3,-4,-3,2,-3	bundled-knot-table
braid:71202373d8d57a8996a55775670f260a4e38a6f3e4b819884c569883a4a697c7	2	5	-1,2,-3,-4,3,2,2,1,2,-3,2,4,-3,-3,-3,-3,-3,-3	bundled-knot-table
braid:71ece1c10f0468c2cee0b4887eb4f046d2bdb1a56e7263ec2e683a6200f778c2	2	5	-1,2,2,-3,4,-3,2,2,3,3,2,1,-2,-3,-4,-3,2,-3	bundled-knot-table
braid:721c2b751954af0814a6c284c21ba5d6de86c1f0ee74dc7fb8a947961bf6dcee	2	5	-1,2,3,3,3,3,3,2,4,2,1,-3,-2,-3,-4,-3,2,-3	bundled-knot-table
braid:731dbe4f651e6edebfbc1ae465c413dfe551e923ee97859628de86ef207157c0	2	5	-1,2,-3,-4,3,2,2,1,2,2,2,-3,4,-3,2,-3,2,-3	bundled-knot-table
braid:7338605684bab448951766da507b545fdadb2960cca1f1db12a7a1fcb930158a	2	5	-1,2,-3,-4,3,2,1,2,-3,4,-3,-3,2,-3,2,-3,2,-3	bundled-knot-table
braid:74536d9a1d8b5b52758ae96fc64523f5c3259e9922a060a7a7c5d483903c13ed	2	5	-1,-2,3,-4,3,-2,1,3,3,-2,3,3,4,3,2,-3,-3,-3	bundled-knot-table
braid:7614f54d47f499e6a4330b3bf8f4b2617005291cabd265634f069dfb6a54d584	2	5	-1,2,2,-3,4,-3,-3,-3,2,1,-3,-2,-3,-4,-3,2,-3,-3	bundled-knot-table
braid:7617af22112ba7b40ebbce1412638ebf9fb366853cb27b2db0810c037a85d235	2	5	-1,2,3,-4,3,3,2,2,1,-3,-3,2,3,4,3,-2,3,3	bundled-knot-table
braid:775f9aba22629331441b410b5111bc7ed0429813925881505c7191c254db90dc	2	5	-1,-2,3,-2,-4,1,3,3,2,3,4,3,3,3,3,3,-2,3	bundled-knot-table
braid:77d6ee9cbe7b43ac9b9257283a0d37a9d3474745c1dfc87988743daf1a9345d1	2	5	-1,-2,3,-2,-2,3,-4,3,-2,1,3,-2,3,4,3,3,2,3	bundled-knot-table
braid:77f86b15d7431cb67060efbb6c2a7316eca93c5004ef3cde233df5586322d8b3	2	5	-1,-2,-3,-3,-3,-2,3,-4,3,-2,1,3,-2,3,4,3,3,2	bundled-knot-table
braid:78113387633e2c3a16ef9ac6da59b0280531787c6484d343e77d1be0b2385ea4	2	5	-1,-2,3,3,3,3,-2,4,3,-2,1,3,2,3,-4,3,-2,3	bundled-knot-table
braid:78aaed80df7a5b5c0342facf53e591323683de868029768cac7adfd7fb0e8ca3	2	5	-1,2,2,-3,-3,-4,-3,-3,2,1,-3,2,-3,4,-3,-3,-2,-3	bundled-knot-table
braid:78bc5081eea6fb9f3a844e202a02811f9421155fc23a624b875334a27480e1ec	2	5	-1,2,-3,-3,-4,-3,2,2,1,-3,-3,2,-3,4,-3,-3,-2,-3	bundled-knot-table
braid:79cb7be1cbdc42d040aa5855e9ee32c4aec23658cc3388df1a77e11291963149	2	5	-1,-2,3,-4,3,3,-2,1,3,3,2,-3,4,-3,-3,-3,-2,3	bundled-knot-table
braid:7a264fcb822d099b67b93c43c8cdf093cded85b22c5f240c22fb1ecd5744c9d1	2	5	-1,2,-3,2,-3,2,4,-3,2,1,-3,-2,-3,-4,-3,-3,-3,2	bundled-knot-table
braid:7b2e03981ab3b8b0f29e4465fabe68acd2a4d8afc48c01ac31f9831067f03168	2	5	-1,-2,3,-2,-4,-3,-3,-2,-2,1,-3,-3,2,3,4,3,-2,3	bundled-knot-table
braid:7b7394119419868a590dc54c42948f8b88e0867c7e24c30906c8b36ac4c84031	2	5	-1,-2,3,3,3,-2,1,3,4,3,2,3,3,3,-4,3,-2,3	bundled-knot-table
braid:7b87c9e653439a6d9b0917a69349205caa03d398dbcf3020e32eb64ff11ccc46	2	5	-1,2,2,3,4,3,2,1,-3,-3,-3,-3,-3,-2,3,-4,3,2	bundled-knot-table
braid:7bba790ebff82cc0070cb1e90a53f31d4a2bd5aaddcb2d663c2b60c6e25d7b09	2	5	-1,2,2,-3,2,4,2,-3,2,2,2,1,-3,-2,-3,-4,-3,2	bundled-knot-table
braid:7bfcb0265434b1343086d5dfa5c8110d1e9ce14109ed466f878fb06a1e4a44e0	2	5	-1,-2,3,-2,-4,1,-3,-3,2,-3,-3,-3,4,-3,-3,-3,-2,3	bundled-knot-table
braid:7cb748dc1f9579605776f5e610f64b0c09d28f1f1712fe117e0e25a7013cac74	2	5	-1,2,-3,-3,2,-4,3,2,1,2,-3,2,4,2,-3,2,-3,-3	bundled-knot-table
braid:7de0ec9796530da9480c99bec1ae66603e43632b07ee2b50c8fbaa8668b25009	2	5	-1,2,-3,-3,2,-3,-4,-3,-3,2,1,-3,-3,-2,-3,4,-3,2	bundled-knot-table
braid:7ee4d0407b50b03e1330bae564ff78eb960a9a1ec565c9dbd1f37b74ab0f2e82	2	5	-1,2,2,3,3,3,3,2,1,3,4,3,-2,3,-4,3,2,3	bundled-knot-table
braid:7fb9df930e701c470f27a44d24c246b027d588712bcafed1c2a9af822532a469	2	5	-1,2,-3,2,-4,-3,2,-3,2,1,3,3,3,2,-3,4,-3,-2	bundled-knot-table
braid:8086e7fe5bd5bfe497453f4ca8046be15f74a67fd364591d825ae415eadefa7b	2	5	-1,-2,3,-2,-2,-2,3,3,-2,4,-2,1,3,-2,3,-4,3,2	bundled-knot-table
braid:80938dcdeec71a39f13b9543bb7a030e3b35c83d0e980c4944740e82d729dbb9	2	5	-1,2,-3,-4,3,2,2,1,2,-3,2,4,-3,2,2,2,2,-3	bundled-knot-table
braid:80fdd5890f2cb56a2606bf9067affcd146ff94a9d5b7530e5ac4cb81f5ff812f	2	5	-1,-2,3,4,3,3,3,-2,3,-2,1,3,2,-3,-4,-3,-2,3	bundled-knot-table
braid:81218c8f4085b5af4f2531f67d2b263437b85f5aeb70a7e9ff5514332c43950b	2	5	-1,-2,3,-2,1,3,4,3,2,3,3,3,-4,3,3,3,-2,3	bundled-knot-table
braid:81c5b0e47f982145d3db78535b69a1a53fbb12fee4831aacffe17219dbe71d78	2	5	-1,2,2,3,3,2,-3,-4,-3,2,2,1,-3,2,-3,4,-3,-2	bundled-knot-table
braid:81f4b31988b899d7e7edf9baa2f941b9371f9c923780d404e5dda6ace00cd44c	2	5	-1,-2,3,3,4,3,3,3,-2,1,3,3,2,3,-4,3,-2,3	bundled-knot-table
braid:82453cfe80f82903885c7e642178ce4c57d454fff2e4921e1c10294495bf655b	2	5	-1,2,2,-3,2,2,-3,-4,3,2,1,2,-3,2,4,-3,2,-3	bundled-knot-table
braid:82e0220173c0cca0dc121d5946ee7d1763eb177ee2b584d7b1ac4d1b512500b3	2	5	-1,2,2,3,4,3,2,1,-3,-3,-3,-2,3,-4,3,3,3,2	bundled-knot-table
braid:839ea484dc68c326cde420e0c5fa2c1155a292d0e3dfb016cfe3c1503b243c37	2	5	-1,2,-3,-3,2,-3,2,-4,1,-3,2,-3,4,-3,-3,-3,-3,-2	bundled-knot-table
braid:83ccf8e0813e251d4142fb10167c363963d5319307e4f0cd6f3e10a9ad613df5	2	5	-1,2,2,-3,2,-4,3,2,1,2,-3,2,4,-3,2,-3,-3,-3	bundled-knot-table
braid:84afdd7446ccae44b8ceb29464ded7e17a4bb71e157bb2ee96bb40c297300639	2	5	-1,-2,-2,3,-2,4,3,-2,1,-3,-3,-3,-3,-2,3,-4,3,2	bundled-knot-table
braid:85de491bba1f5b3c089d5e9a113022f7033108d145327651c6300922e821cfb9	2	5	-1,2,-3,-4,3,2,2,1,2,-3,2,4,2,-3,2,2,-3,2	bundled-knot-table
braid:86ed2742e4c6f8f72770506c35121d1b1733aa44ec0cef0c52baa090ae78b773	2	5	-1,2,-3,-2,-4,3,-2,3,-2,-2,1,-2,3,3,4,3,2,-3	bundled-knot-table
braid:8918db7dd73d34f9342b7a2eebea7a7bb64053c19ed2a061b5aeb948cf3a8114	2	5	-1,-2,-3,4,-3,2,1,-3,4,-3,4,-3,-3,-2,-3,4,-3,2	bundled-knot-table
braid:8951f15dbd6c63c4c32363be18ac31a559fea32287037e759f172f0ac8c11bac	2	5	-1,2,-3,2,2,1,2,3,2,4,-3,-3,2,-3,-3,-3,2,-4	bundled-knot-table
braid:895d380783dcd0616162a341607b5324469afa32cb94086cd12bfa223d49bc3b	2	5	-1,2,-3,-4,-3,2,1,-3,-3,-3,-3,-2,3,3,4,3,2,-3	bundled-knot-table
braid:89a625bf3db35bcff8f4df05e51f2e4f32863405f8a41bb605d89680c1262c1f	2	5	-1,2,2,-3,-3,-3,-3,2,-4,1,3,2,3,4,3,3,-2,3	bundled-knot-table
braid:89df52a6435968c9b54fc11a2a2015999b76e8c9086a0496d8b89a92609e4398	2	5	-1,2,2,2,-3,-3,2,4,-3,2,1,-3,-2,-3,-4,-3,2,-3	bundled-knot-table
braid:89e459c607c94f0f9c77228d82de0c4966f4564bda01cb54a40b4fa019bc6911	2	5	-1,2,-3,-4,3,2,2,1,2,-3,2,4,-3,-3,-3,2,2,-3	bundled-knot-table
braid:8a2972517e56d6dde3ec65bd1d819e65072c1b49dd103dc8aa1043189e848e7e	2	5	-1,-2,-2,3,-2,3,-2,-2,1,3,-4,3,-2,3,3,4,3,2	bundled-knot-table
braid:8c0ddab092059a8d436c59a382c50162cd10c1e31c1718bd5202b35ff35d7291	2	5	-1,-2,3,-2,-2,3,3,-2,-2,-2,1,-2,3,-4,3,2,3,4	bundled-knot-table
braid:8c35ec9e55067d7b8e694329d3b6237d5eec041fa1d5243d818601ca96a225be	2	5	-1,2,-3,2,-4,2,1,-3,-3,2,-3,-3,-3,4,-3,-2,-3,-3	bundled-knot-table
braid:8d571dfdc7ea52da141cd157db2275d24849f65c7cd62ca1f5b288a45ae04b69	2	5	-1,2,-3,-4,3,2,1,2,-3,4,-3,2,-3,2,2,-3,2,-3	bundled-knot-table
braid:8dd4f887b273a388d8d2495a99429a4e5f0388f9586a223e46254d84b992b6d9	2	5	-1,2,2,2,2,-3,4,-3,-3,-3,2,1,-3,-2,-3,-4,-3,2	bundled-knot-table
braid:8e5400e04c56782c2e02dc71a573457aad6a1176190ad1874f13e0bdae2d64a7	2	5	-1,2,2,-3,2,2,-3,-3,2,1,-3,-2,-3,-4,-3,2,-3,4	bundled-knot-table
braid:8ebfb647d2da8fc88afbebeb046f1bca60d52156d2f62c54152346f22410d645	2	5	-1,-2,3,-2,3,-2,4,-3,2,1,-3,-3,-3,-2,3,-4,3,2	bundled-knot-table
braid:8f6b75cb2ec83a74a69576fea65c4cb3c5ead456da876d3ce61b6560b3f16ce5	2	5	-1,-2,3,-2,3,3,-4,3,3,-2,1,3,-2,3,4,3,3,2	bundled-knot-table
braid:8f86e99b2bacc4d84bba93184ba4ddcf83977b8ce98de00454522e6eebfbb966	2	5	-1,-2,3,3,3,-2,-2,-2,1,3,4,3,2,3,-4,3,-2,3	bundled-knot-table
braid:900cddb40fee580fb19f5711934fe167685581846199ccc7663bbd51f3793518	2	5	-1,2,-3,-4,3,2,1,2,-3,4,-3,2,-3,-3,2,-3,-3,-3	bundled-knot-table
braid:90ac4cb133a9e9ef403c034d253b00389dbb211c362a74d2dc4730a6a75f9062	2	5	-1,-2,3,-2,-2,-2,-2,-2,1,-2,3,3,3,-4,3,2,3,4	bundled-knot-table
braid:90d8b9e8180173d6af65cefe4448f73632fc693df182e3dd062228b20e2122a2	2	5	-1,-2,3,3,3,3,3,-2,1,3,3,2,3,4,3,-2,3,-4	bundled-knot-table
braid:912022a2d5d5cfbcb28462c72c2bd57668161db0df3ba0d0b16637ff27abef75	2	5	-1,-2,-2,3,-2,-2,-3,4,-3,2,1,-3,-2,-3,-4,-3,2,-3	bundled-knot-table
braid:91bcc7dd74ef8b8a6b22b8f12f3e4c585216f71078e43ff197c7325cd0da7cf1	2	5	-1,-2,3,-2,3,-4,3,-2,-2,-2,1,3,-2,3,4,3,3,2	bundled-knot-table
braid:91fdf06da768360984c51c928cb5614c24393299c9273e2dd242f8a8149ace84	2	5	-1,-2,3,3,3,4,3,3,-2,1,3,3,2,3,-4,3,-2,3	bundled-knot-table
braid:921a355b7cf6b3b02db7a0ee4e9de70302e5579bd26543529a4edae6d80de53b	2	5	-1,2,2,-3,-3,-3,4,-3,2,1,-3,-2,-3,-4,-3,-3,-3,2	bundled-knot-table
braid:9233f6845acec8235d6012f75bc5a9b62d0791af94c369826331b82acf5a4782	2	5	-1,2,3,-4,-4,3,-4,3,-2,1,3,-2,4,-3,4,-3,2,3	bundled-knot-table
braid:92700161b6389b638c969966a634fceda32b60c1cdcec186dd90ca0fbdf34b1d	2	5	-1,2,2,2,2,-3,4,-3,2,1,-3,-2,-3,-4,-3,-3,-3,2	bundled-knot-table
braid:92fac79dc0750b5f1afc82eb2581bf065979d7c3f793e5ca2a0ddc271c9cf366	2	5	-1,2,-3,-3,2,4,-3,2,1,-2,-3,-4,-3,2,-3,-3,-3,-3	bundled-knot-table
braid:93afa1983fc494b05cb68c36bd08c991b359e6e17e6b1702c56a9045c6925127	2	5	-1,-2,3,-2,-2,-2,-2,-2,1,3,4,3,2,3,-4,3,-2,3	bundled-knot-table
braid:93b456d839878c1370b444a3326a35954724e53c15fe99aab6b2817f0a7fe3dc	2	5	-1,2,-3,-4,3,2,1,2,-3,2,4,2,-3,-3,-3,2,2,-3	bundled-knot-table
braid:94eb1ce4ea340158ccd1c964ac929bfa21eea13c10cedd76fdc122eb1ac9b906	2	5	-1,2,2,-3,-3,-3,-3,2,-4,1,-3,2,-3,4,-3,-3,-2,-3	bundled-knot-table
braid:9651fc862c6bd88d3399b56de9a0a9b05546c288fe5a35ea76596143bcd24a9e	2	5	-1,2,-3,-4,3,2,2,1,2,-3,4,-3,-3,2,-3,-3,-3,-3	bundled-knot-table
braid:967ba35702a0bcc9e1f9de107ef16fa3935b0b23d1c8a3e070f87fbf4b8f1460	2	5	-1,2,3,3,2,-3,-4,-3,2,-3,2,1,-3,2,-3,4,-3,-2	bundled-knot-table
braid:96a70fce158846809ef623319a8b79056457589c26f22b91bbaf1d4968fe2058	2	5	-1,2,3,3,3,2,4,2,1,3,-2,3,-4,3,2,3,3,3	bundled-knot-table
braid:983b3fc313b6174bd4d8e3d047a10348484cd1e5e70826023e6d525952aec849	2	5	-1,2,-3,-2,-4,3,3,-2,3,-2,1,-2,3,3,4,3,2,-3	bundled-knot-table
braid:998c7ee8033c41c48334e541195055904879059743fee4997fa855facbf74cfa	2	5	-1,2,-3,2,-4,2,-3,2,1,-3,-3,-2,3,3,4,3,2,-3	bundled-knot-table
braid:9994ae84df2efeb24d1a00927c63a65c60fb95e77e417cd4996000be11816bf1	2	5	-1,-2,-2,3,3,3,-2,-4,3,-2,1,3,-2,3,4,3,3,2	bundled-knot-table
braid:9a242566381b0f89a71d9ec7011cb3aef76dd444477e23971a3aa50785c41052	2	5	-1,-2,3,3,3,-2,3,-2,-2,1,3,2,3,4,3,-2,3,-4	bundled-knot-table
braid:9ae9be706d24a838d958d4372b67fd2ddd2b05b9bb7fddf65ca0c2d344fef4aa	2	5	-1,2,-3,-3,2,-3,2,1,-3,-2,-3,-4,-3,-3,-3,2,-3,4	bundled-knot-table
braid:9af9b12d482574e88ad61798e32cf205777ece34c20394cff428c611a9c88b78	2	5	-1,2,3,3,-4,3,-2,-4,1,3,3,2,3,-4,3,-2,3,-4	bundled-knot-table
braid:9b7329e19ebe0422dba67b91b64f43d870ff172fa7fc5aa7ad3c2c45e32e2f65	2	5	-1,2,-3,-3,-3,4,-3,-2,4,1,-3,-2,4,-3,4,-3,2,-3	bundled-knot-table
braid:9b9cfeec231c67b24b5a7603a6463875a301767120bddcedfa38bede896db9f1	2	5	-1,-2,3,-2,3,3,-2,4,3,3,-2,1,3,-2,3,-4,3,2	bundled-knot-table
braid:9bd4ef14458581dcda95cc2eb38954030f0a4b9b2efdc851c0aa17d215065a71	2	5	-1,-2,3,4,3,3,3,3,-2,1,3,3,2,3,-4,3,-2,3	bundled-knot-table
braid:9d03435e70995e2404a671a22838c21b09d6d2dcb5bd3d53915fada1ee7309b3	2	5	-1,-2,3,-2,-4,1,3,3,3,3,2,3,4,3,3,3,-2,3	bundled-knot-table
braid:9d39863aeddcf2cf07f7477675b16f716aae9879ec6f19fe9dd71ab22699839e	2	5	-1,2,3,3,3,4,-3,-3,2,2,1,-3,-2,-3,-4,-3,2,-3	bundled-knot-table
braid:9dd7e0a1773210055d153edbe63c798cb8b84a6c6a24915031f05bf486133a8e	2	5	-1,2,-3,-3,2,-3,-4,3,2,1,2,-3,2,4,-3,-3,2,2	bundled-knot-table
braid:9e8d0354ddfd93e09d136cd6320fef4ddeeca59b51bb13f60e95837a5eb1cc55	2	5	-1,2,-3,-2,-4,-2,-2,3,-2,1,3,-2,3,3,4,3,2,-3	bundled-knot-table
braid:a1037090df8183c1317996c9042efc535941829afebb3fbf0266937d24f2d9f4	2	5	-1,2,-3,4,-3,-2,1,-3,4,-3,-2,3,-4,-4,-4,3,3,2	bundled-knot-table
braid:a20048f022729c2cad46026ce4738e0d9e6611d62b186eb0d3467938ec4086e1	2	5	-1,2,3,-4,3,2,2,1,2,-3,4,3,3,-2,-2,3,3,2	bundled-knot-table
braid:a340e0455f916aa5c1c5000f96ad5229079ab5108f8f0bf64e5cde1b960c335c	2	5	-1,2,-3,2,-4,2,-3,-3,2,2,1,-3,-3,2,-3,4,-3,-2	bundled-knot-table
braid:a4c294aec2243602402490e77c219256b1b4fe3d2cc100c6f9b846f11d81087f	2	5	-1,2,3,4,3,3,3,3,2,2,1,3,-2,3,-4,3,2,3	bundled-knot-table
braid:a504712081a756a75c28687fd9ece74a73269fd7ac22cdcc6466f3bda806a84e	2	5	-1,-2,-2,-2,3,-2,3,-4,3,-2,1,3,-2,3,4,3,3,2	bundled-knot-table
braid:a537840116f4afca932c2b185517a850e17df3a8b1ce8d31ec2ee48a696b8895	2	5	-1,2,-3,2,2,2,-3,2,4,-3,2,1,-3,-2,-3,-4,-3,2	bundled-knot-table
braid:a5a99a1a6c486b0fbcca12164366e5470ce0a670039a6644c1b3d26c6ea1fae1	2	5	-1,2,2,-3,4,-3,2,2,-3,-3,2,1,-2,-3,-4,-3,2,-3	bundled-knot-table
braid:a5b2edbbbe8a2b3d42f3aef39fd54145b830c6e0645b9c4f767afc9a361fa2e1	2	5	-1,2,2,-3,4,-3,2,2,2,1,-3,-2,-3,-4,-3,-3,-3,2	bundled-knot-table
braid:a63423dc90ea4645b366ab87b277c5cfaf03402c119aa92fde2f280d324b5ea2	2	5	-1,2,2,-3,4,-3,2,1,-3,-3,-3,-2,-3,-4,-3,-3,-3,2	bundled-knot-table
braid:a68b3974290e838135e517556723990155b5086802994472ae8f6cc9dcb1a57d	2	5	-1,-2,3,-2,3,4,3,3,3,-2,-2,1,3,-2,3,-4,3,2	bundled-knot-table
braid:a7b6230b8446b3315d0e08531695bc7476fccff307c19120bd93dc0579dbf01e	2	5	-1,2,-3,2,-4,-3,-2,-2,-2,-3,2,1,-3,2,-3,4,-3,-2	bundled-knot-table
braid:a80ccc2f41979b227b23fa5913d50c450b4086d44485483a78054a1fdbec0399	2	5	-1,-2,-2,-2,3,3,-4,3,-2,1,3,-2,3,4,3,3,2,3	bundled-knot-table
braid:a8fbe4399cc929c045324a236eac5deed80d2abe75e6b5fa133f7fe3f940fe5a	2	5	-1,-2,3,3,-2,-2,3,-2,-4,-2,-2,1,3,-2,3,4,3,2	bundled-knot-table
braid:aa28f41de10fd6bcde4db3290d2fd984b28b6a21f619c8be36854fc09a6a9f34	2	5	-1,-2,3,-4,3,-2,1,-2,-3,4,3,3,-2,3,-2,-2,3,3	bundled-knot-table
braid:aa79e6f41c4ade52004a41242e1f3268d048beaa71a14e5e8ef03e90c5021853	2	5	-1,2,2,-3,4,-3,-3,-3,2,1,-3,-3,-3,-2,-3,-4,-3,2	bundled-knot-table
braid:ac4a9b6cae32489554e1bb7842f4a43f264eb3895784dbeb6e89065133fae1ee	2	5	-1,2,-3,-4,3,2,2,1,2,-3,2,4,2,-3,-3,2,-3,-3	bundled-knot-table
braid:ac57a368f33bdbf53b95ddb709d239c05a6395d8a8e6e0f089a810050cf83627	2	5	-1,-2,-2,3,-2,-4,3,-2,1,3,-2,3,4,3,3,2,3,3	bundled-knot-table
braid:ac6ea5925e23c7c315eabcf51d0595184e129e30e9259a7e90f389231d869a8a	2	5	-1,-2,3,-2,-2,-2,3,-2,4,-3,2,1,-3,-2,3,-4,3,2	bundled-knot-table
braid:acedee0b4ea863cc407ca65c44052bfb8792817641d292772f1c54e456d747b4	2	5	-1,2,3,3,-4,3,-4,3,-2,1,3,3,2,3,-4,3,-2,3	bundled-knot-table
braid:add0e2e23cf5f037b841763e26c38f80f22d97716e95c6aeba91a13fa130b078	2	5	-1,-2,3,3,3,-2,-4,1,3,3,3,3,2,3,4,3,-2,3	bundled-knot-table
braid:ae5890a3ad1267ec194f626b008ac97d70a143095f2517d10ea7c98173fc555e	2	5	-1,-2,3,-4,3,-2,-2,3,-2,1,3,3,2,3,4,3,-2,3	bundled-knot-table
braid:aead3bd2067e699021275ce7d0ab4f722d8c9521373ed25f9c4a3d5559709c2d	2	5	-1,2,-3,-4,-3,2,-3,-3,2,1,-3,2,-3,4,-3,-2,-3,-3	bundled-knot-table
braid:aeba5471a6334b34884c3bb83dcb73912728800f41acb04e98fab27ccebfafb1	2	5	-1,2,3,-4,3,2,2,1,2,-3,4,3,3,2,2,3,3,2	bundled-knot-table
braid:af40558c052b30e85a4163b2d440692f2885f617c565ef0761f7fae6dda57211	2	5	-1,-2,3,-2,3,4,3,-2,-2,1,3,-2,3,-4,3,2,3,3	bundled-knot-table
braid:af720682be9c4f9f4b019a97bb5378c3bd387e40212e3eab3e1cf9ff4833ff91	2	5	-1,2,-3,-4,3,2,2,1,2,-3,2,4,-3,2,2,-3,-3,-3	bundled-knot-table
braid:b03293adc89a62aa777278bad9610c68971dff0a2e43470ad760a16778290f14	2	5	-1,2,2,-3,2,4,2,-3,2,1,-3,-2,-3,-4,-3,2,-3,-3	bundled-knot-table
braid:b03a09ad797bae5cc5d58a922108a8b257af931f6e80c4676157168ec0a80488	2	5	-1,2,3,-4,3,2,2,1,2,-3,2,4,2,3,3,3,3,2	bundled-knot-table
braid:b03e2d1cea5014bc94c7bcc384686902e1940f1dfb50c1ddaf557cff39b6aa5b	2	5	-1,2,2,2,3,3,4,3,2,2,1,3,-2,3,-4,3,2,3	bundled-knot-table
braid:b0611af439ca746f2445d09fefa447003353d97f3ee87c4d752849a771b90b78	2	5	-1,-2,3,3,3,3,4,3,-2,1,3,3,2,3,-4,3,-2,3	bundled-knot-table
braid:b06aad9cc5f548b47a4f738beaf99aa3aff158a9695ddaf6afd92410ebcdbdfd	2	5	-1,2,-3,2,-4,2,1,-3,-3,-3,-3,-3,-3,2,-3,4,-3,-2	bundled-knot-table
braid:b0ee0b601776ab7aba503133fe9f5ddb075a7ffa945e429a7d8fa34e67e53ebb	2	5	-1,-2,3,-2,-4,3,3,-2,-2,1,3,-2,3,4,3,2,3,3	bundled-knot-table
braid:b4a2236e31c6d90294c08b73b722d292d31c9b76b7104a25ed985aceef5d4906	2	5	-1,-2,3,-2,-4,3,-2,1,3,2,-3,-3,-3,4,-3,-3,-2,3	bundled-knot-table
braid:b53570f30efa36df47a233ff5f513b9cce1effad5d020caf3bf489579f92516a	2	5	-1,2,2,-3,2,-4,-3,2,1,2,3,2,4,-3,-3,-3,-3,2	bundled-knot-table
braid:b68f40ead99a95d80ec3ad603245ddd35df7ed07caf6719a15e120eca1da1e35	2	5	-1,2,3,3,3,2,-4,-3,2,-3,2,1,-3,2,3,4,3,-2	bundled-knot-table
braid:b6a879d00b3ba4e840c19d81d1e2b0fbbe8a14b70142fce957551a947f0513e5	2	5	-1,2,-3,2,2,-3,2,4,-3,2,1,-3,-2,-3,-4,-3,2,-3	bundled-knot-table
braid:b72a5f60d6a03112a4dcafc3ce243359c80e2912569ae395cb650653c658d443	2	5	-1,2,2,2,2,-3,2,-3,2,4,2,1,-3,-2,-3,-4,-3,2	bundled-knot-table
braid:b7a514d1a40428f36419af6c0cad6f98de62e622e3bb0a243252429b7acecc30	2	5	-1,-2,3,3,-2,-2,3,-2,1,3,-2,3,4,3,3,2,3,-4	bundled-knot-table
braid:b7c19960d80d6985e0228e804680ed0a726e98a2831e052c3de08dc6e7ec1785	2	5	-1,-2,3,-2,1,3,-4,3,3,3,-2,3,3,4,3,3,3,2	bundled-knot-table
braid:b8acf90c2aa81be5e95a506c6287e88994794fd7055ce0d37235b02befc35df2	2	5	-1,2,-3,2,-4,2,-3,2,2,1,-3,-3,-3,2,-3,4,-3,-2	bundled-knot-table
braid:b98b52a3e18a1ac075b212c36b2b696071374e548fa7c782a036f5d4b4f01e28	2	5	-1,2,2,-3,4,-3,-3,-3,2,2,2,1,-3,-2,-3,-4,-3,2	bundled-knot-table
braid:b9d5f3731dab3937ae75de5ea7a6aeed10427dffaae32f131026b06aa397f814	2	5	-1,2,2,3,3,2,-3,2,1,3,-4,3,-2,3,3,4,3,2	bundled-knot-table
braid:b9fcaeb1b8ddbddff156d06d80e9f6b1ff55de227660e09f1713fe5d5c0e5299	2	5	-1,-2,3,3,-2,3,4,3,-2,1,3,3,-2,3,-4,3,3,2	bundled-knot-table
braid:ba552b4cd12f539ec31d9f721cdccabdf42aa66bc8b03a146687b01303307a7e	2	5	-1,2,3,-4,-4,-4,3,3,-2,1,3,3,2,3,-4,3,-2,3	bundled-knot-table
braid:ba708bd3b90122d64b2ab38b5258a7255aefc0b960c7a54ec252d4f7f284d285	2	5	-1,2,2,-3,4,-3,2,1,-3,-2,-3,-4,-3,-3,-3,2,-3,-3	bundled-knot-table
braid:bba488ed25a7b43aaf43963953d961274bdfe67ee6426eb1291537ebb59531be	2	5	-1,-2,-2,-2,3,-2,1,3,3,3,-2,3,4,3,3,2,3,-4	bundled-knot-table
braid:bbe0226bbe2176ce2726e1521739dccbd925ab1e5c6247bb8c7ddbc8d3f3d1d6	2	5	-1,-2,3,3,-2,-2,-2,-2,3,-2,-4,1,3,-2,3,4,3,2	bundled-knot-table
braid:bd9231d74d73886196b6f90926ef04bcc06a5af24a71e07008b9d742877043ac	2	5	-1,2,2,-3,-3,-3,4,-3,2,1,-3,-2,-3,-4,-3,2,-3,-3	bundled-knot-table
braid:be21a9ea098b3354daf4c130bb5e2c4ca084c9e90ad0114162cfbea58a808f0e	2	5	-1,-2,-2,3,2,2,-3,-3,2,1,3,4,3,-2,3,-4,3,2	bundled-knot-table
braid:bea81f3a9068cf00cd4235d99d12cd4af37ab6a353fe7be4db84deb9f9e17c74	2	5	-1,-2,3,-2,3,-2,4,-3,2,1,-3,-2,3,-4,3,3,3,2	bundled-knot-table
braid:bf9f2c98b6906d1914a1515b24a82f31cae5829e788b9084e0b8627a1cbb6104	2	5	-1,2,2,3,3,2,1,3,4,3,-2,3,-4,3,2,3,3,3	bundled-knot-table
braid:bfba180e861e6a95b9158fb821daab2762ff4a537da392c4898658ed5a47cf2b	2	5	-1,-2,3,3,-2,3,3,-2,3,-2,-4,1,3,-2,3,4,3,2	bundled-knot-table
braid:c003b65aceaa21d7ef98d282837993f0bd070e0b6ebae9a94cdfb7958994af15	2	5	-1,-2,-2,-2,-2,-2,3,-2,1,3,-2,3,4,3,3,2,3,-4	bundled-knot-table
braid:c16a4629ff9a2d31b1aafc041c7e204f7e2115a8dde90dbb0a774c4a2aff0853	2	5	-1,2,3,-4,-4,3,-4,3,-2,1,-3,-2,4,-3,4,-3,2,-3	bundled-knot-table
braid:c3c14fbd95c30f1d6ecefc7f96a33c41b190033ec8a922f7da46cf1e949c3c59	2	5	-1,2,-3,4,-3,2,-3,-3,2,-3,-3,2,1,-3,2,-4,3,2	bundled-knot-table
braid:c44051781c23195a0961da763c16626259f8eb577a82c00680a2788da29ece2f	2	5	-1,-2,-2,3,-2,4,3,-2,1,-3,-3,-2,3,-4,3,2,3,3	bundled-knot-table
braid:c4996ae7ea75228b9bd607f60e6c53309e531b1ce0493fc2c4c530338e5a7db2	2	5	-1,2,3,3,3,3,3,2,4,2,1,3,-2,3,-4,3,2,3	bundled-knot-table
braid:c4fc8dd912e5b78ab5d1d2b3b22dd573764a4f7a1d6806d6bfec30b7005f71dd	2	5	-1,2,3,3,-4,3,-2,1,3,-2,3,-4,-4,-4,3,3,2,3	bundled-knot-table
braid:c6174f3437bbfc825b80d4b375ed90682605ec0b7721a15c871a63fce77d2cd0	2	5	-1,2,2,-3,4,-3,2,-3,2,2,1,-3,-3,-2,-3,-4,-3,2	bundled-knot-table
braid:c6749f7ff5dd16e60f9bb0c6e8bdb485c6d0f26ed0480f73250dce8ef2fa43c8	2	5	-1,-2,3,3,4,3,3,3,-2,1,3,3,2,-3,-4,-3,-2,3	bundled-knot-table
braid:c6c8928d149b1da0df9d8edae75706dc806fa87873285fcb6cde0e8b925721c8	2	5	-1,-2,3,-2,3,3,3,4,3,-2,-2,1,3,-2,3,-4,3,2	bundled-knot-table
braid:c7c458f21a083b94d67316b4ea7934f337354ab6252163926e1f17343222bc22	2	5	-1,2,3,-2,3,-4,3,3,3,2,1,-3,-2,3,4,3,3,2	bundled-knot-table
braid:c7c53af3914601a7f499b28e4ea29f20f5983417bb8a49de345fa441cd10ac26	2	5	-1,2,3,-2,3,2,-4,3,2,1,2,-3,2,4,2,2,-3,2	bundled-knot-table
braid:c863842e316fd09768976f98dd0d7dcc2696266c9ac6e7ef9ad283c5dd6cdb65	2	5	-1,2,-3,4,-3,-2,1,-3,-3,-3,4,-3,-2,4,-3,4,-3,2	bundled-knot-table
braid:c88f5917f17f6a755afd3dc0899f3a24ea42eeaddf7e0f78b3e055028f817319	2	5	-1,2,3,-4,3,-4,-4,3,-2,1,3,3,2,3,-4,3,-2,3	bundled-knot-table
braid:cab8bd1c15a498544890b891decf3c89902df19ca4ca79741b770b61d172ff4a	2	5	-1,2,2,3,3,2,-4,1,3,2,3,4,3,3,-2,3,3,3	bundled-knot-table
braid:cafed27fdfd9ca693b9ef64a1b6aa3de55a371085630b9fd5d8ec99931bdb726	2	5	-1,-2,-2,-2,3,-2,-2,-2,1,3,-2,3,4,3,3,2,3,-4	bundled-knot-table
braid:cb81bfce28a8c344eacf6b1c7f9603fd45b9ec33f06ca57d4c1d86204e0bd877	2	5	-1,-2,3,-2,3,4,3,2,2,1,3,-2,3,-4,3,2,3,3	bundled-knot-table
braid:cc7bce1ca5e1abe076c1e2431ad7fb831c54d1a2bf1cd9ecfa76e9f45e26d8c1	2	5	-1,2,3,-4,3,-2,-4,1,-4,-4,3,-2,4,-3,4,-3,2,3	bundled-knot-table
braid:cd3f6d39171ee59544e8bc08a1df5356c55442675dd11a365c4964d65461e92a	2	5	-1,2,-3,2,2,-3,2,4,-3,2,1,-2,-3,-4,-3,2,-3,-3	bundled-knot-table
braid:ce74b84a958528a7a344a07a647ffd9454b0af9b3c95908e9be3e4c4d071de92	2	5	-1,-2,-2,-2,3,-2,1,3,-2,3,4,3,3,2,3,3,3,-4	bundled-knot-table
braid:cef151e12b42e16bc910f36cc6a45729a1b10b5994bad6cf12dfa4820c4f1e35	2	5	-1,2,3,-4,-4,-4,3,-2,-4,1,3,-2,4,-3,4,-3,2,3	bundled-knot-table
braid:cf4b5153e87bc6cab4d79b8e55bfb7197b8b07b30801329e80beb9ee6d6e8ca5	2	5	-1,-2,3,-2,-4,3,3,3,3,-2,-2,1,3,-2,3,4,3,2	bundled-knot-table
braid:d00e0828efd62384aaa74559eb16c9152cdcf87c99231720591a328b42d89809	2	5	-1,-2,3,-4,3,2,1,3,-4,3,-4,3,3,-2,-3,4,-3,2	bundled-knot-table
braid:d23f0aece58ee1fbf6498134f68c38a7f87f916ab2e8060952ec229fd8acaa4c	2	5	-1,-2,-2,-2,3,-2,4,3,3,-2,1,3,2,3,-4,3,-2,3	bundled-knot-table
braid:d33f66096979c0ff818620e7522076548e6e1a275609fe01ae413256d37cea5e	2	5	-1,2,-3,-3,-3,2,-4,2,1,-3,-3,-3,-3,2,-3,4,-3,-2	bundled-knot-table
braid:d3b99df571592f87a1af6408e3f8d016a37f2ed5afa76c54ff8f708e1c388bf7	2	5	-1,2,2,3,3,2,-4,1,-3,2,-3,4,-3,-3,-2,-3,-3,-3	bundled-knot-table
braid:d4b871a6b408e408f0956f45c2ac355d0fda8bf456308aeb459a920069e5605b	2	5	-1,2,3,-2,3,2,4,-3,2,1,-3,-3,-3,-2,-3,-4,-3,2	bundled-knot-table
braid:d54593904a15829444f96b0220520cf377009780cfdcf26b25050b32a8cd8b49	2	5	-1,2,-3,-3,-3,4,-3,-2,4,1,3,-2,4,-3,4,-3,2,3	bundled-knot-table
braid:d57e43274dc342e45ad683a698ead48ea104830c960c70857afc843d0c825012	2	5	-1,-2,-2,-2,-3,-2,4,-2,3,-2,1,-2,-3,-2,-4,3,-2,-2	bundled-knot-table
braid:d65172a309b18ee20174560cabcd8e90566494fd13f2bf8788b72a141e4b4dde	2	5	-1,-2,3,-2,-4,3,-2,1,3,-2,3,3,4,3,2,-3,-3,-3	bundled-knot-table
braid:d732c0512713c9639353995130926a9ad1ea404cb407623f8030a63b41455199	2	5	-1,2,-3,2,-4,2,1,-3,-3,-3,-3,2,-3,4,-3,-2,-3,-3	bundled-knot-table
braid:d817ea289353905f3f21dfee76506f6dc9f1c71603c678e936ea25dd8d25e672	2	5	-1,2,2,-3,-3,2,-3,-4,-3,2,2,1,-3,2,-3,4,-3,-2	bundled-knot-table
braid:da39401d9c10af77eab4d1359f66e908488ff96bc405c861e29bf2335dc84633	2	5	-1,2,-3,4,4,4,-3,-2,1,-3,4,-3,-2,4,-3,4,-3,2	bundled-knot-table
braid:da91072c5a873807eff69aab526c0c2e0f3c141478d6045125b0b76c9bf837fd	2	5	-1,2,2,3,3,2,2,2,1,3,4,3,-2,3,-4,3,2,3	bundled-knot-table
braid:dabe48e726362cc436321da54bc9a717e02586745f5e549ef88d976523765704	2	5	-1,2,-3,-4,3,2,1,2,-3,2,4,-3,2,2,2,-3,2,-3	bundled-knot-table
braid:daf38644b6fda1987f255849f4d7b2da3b23306f95f06c29ba48cb3c87f27b19	2	5	-1,2,-3,-3,2,-3,-3,-4,3,2,1,2,-3,2,4,-3,2,-3	bundled-knot-table
braid:db03d0578fe947c7c779541debb4646732ff0195216d0aafaf1f99bde29578f1	2	5	-1,-2,-2,3,3,3,-2,3,-2,1,-3,-2,-3,4,-3,2,-3,-4	bundled-knot-table
braid:db4374744093274e4b26ea40cae68725c53d002454da05197d60dee8054889ff	2	5	-1,-2,3,-2,4,3,-2,1,3,-2,-3,-3,-3,-3,-2,-4,-3,-2	bundled-knot-table
braid:dcc630d8e1fbc09852c4e33cd2c46ed0aa7752e4eef5cb4ac81a1dfb73b20af9	2	5	-1,2,-3,2,3,4,3,3,2,-3,2,1,-3,2,3,-4,3,-2	bundled-knot-table
braid:dcee64e9eb45d505fb9f575f55bec2e1355eaedf03a49134d62d664309362206	2	5	-1,-2,3,-2,4,3,3,3,-2,1,3,-2,3,3,-2,-4,-3,-2	bundled-knot-table
braid:dd4691dab4c5a3d93aaf8aa4eb3e09a28dcabfd65f43599885cadb1d8e27d48f	2	5	-1,-2,3,-2,-4,-3,-3,-2,-2,1,3,3,2,3,4,3,-2,3	bundled-knot-table
braid:ddfb8d6b66d320c1f6721511fc2ec25a37f958a0e04efeff1b7d56aad49756c6	2	5	-1,2,2,-3,2,-4,2,3,2,1,2,-3,2,4,-3,-3,-3,2	bundled-knot-table
braid:de19b382b23ce0d30a70cae5f47d41e5d5d433e9cd84395372752c4f301a1ef8	2	5	-1,2,2,-3,-3,2,-4,1,3,2,3,4,3,3,-2,3,3,3	bundled-knot-table
braid:de2e3031d66d080779167685074c02049e8c5ac1de6d783b84bbccbcec30f0dd	2	5	-1,-2,3,-2,3,4,3,-2,-2,1,-3,-3,-3,-2,3,-4,3,2	bundled-knot-table
braid:de32aab098b70d1fe7986d9fd5c62bddbc10278781392146e5ffc70d6d980ad7	2	5	-1,2,-3,2,-3,2,-3,2,1,-3,-2,-3,-4,-3,2,-3,4,-3	bundled-knot-table
braid:dec9ff12d49c6b411dbf14958eaaa8923544b07ead3e9ac03b3bfcc23e30c06d	2	5	-1,2,-3,-4,3,2,2,1,2,-3,2,4,-3,2,-3,-3,2,-3	bundled-knot-table
braid:ded9b911ec7c9f2dad2675058b195fe347581fcce825268ba0210fb76f273736	2	5	-1,2,-3,-4,3,2,1,2,-3,4,-3,-3,2,2,-3,2,2,-3	bundled-knot-table
braid:df083cf403c5328991a4b3f8d0ff5e51c58b16f4fa29189c4088e09207c4f7e9	2	5	-1,-2,3,3,-4,3,-2,1,3,3,3,-2,3,4,3,3,2,3	bundled-knot-table
braid:df4c8d397165f76e038b615ffee0d77472d39c3046a7e5f11b3139ed22cebe0f	2	5	-1,2,2,-3,-3,-3,-3,2,1,-3,-2,-3,-4,-3,2,-3,4,-3	bundled-knot-table
braid:dfa63982706ceecec4e04feb2123d798bae16b48d7ac7ea5deb79f19abeb01ad	2	5	-1,-2,3,3,4,3,-2,3,-2,-2,1,3,2,3,-4,3,-2,3	bundled-knot-table
braid:dfbba3dea9bcf69b1a2a331ca38554c4f56415c2b4d4980acfb61abd613fe231	2	5	-1,2,3,-4,3,-4,3,3,-2,1,-3,-2,4,-3,4,-3,2,-3	bundled-knot-table
braid:e00c695cb42246d9da13cd5f0ba8b012833ce53149d791a74369ab1ac12c939e	2	5	-1,-2,3,-2,-4,-2,-2,1,3,3,3,3,2,3,4,3,-2,3	bundled-knot-table
braid:e0d1ce3b8aa3806cbea3baf6bc8fb4d8542629bdc3b02f0571188fce99ee79df	2	5	-1,2,2,-3,4,-3,-3,-3,-3,-3,2,1,-3,-2,-3,-4,-3,2	bundled-knot-table
braid:e0ec081d890280f4c7d43ab31318fd77e6f16f01f54b091a96209e04e3f9b1b5	2	5	-1,-2,3,3,-2,-4,-2,3,-2,1,3,-2,3,4,3,3,2,3	bundled-knot-table
braid:e0f351ef385253839bc15dc8680df9dda6dd22d4807694b5d3970f454b31680d	2	5	-1,-2,3,-2,3,-2,3,-2,3,-2,1,-2,3,-4,3,2,3,4	bundled-knot-table
braid:e1eb51efdd7cdecc68c8326a46011c2d11ae2b4b6200e2f39fa2f926b18d5bec	2	5	-1,2,-3,4,4,4,-3,-2,4,1,-3,-2,4,-3,4,-3,2,-3	bundled-knot-table
braid:e25e9d2fa457ca069488944e302488ac68855da7c754a1f512b102640020a1a2	2	5	-1,2,-3,2,-3,2,-3,2,1,3,4,3,-2,3,-4,3,2,3	bundled-knot-table
braid:e3a6bb1493e80fa32120dfef63ad0fad8bb6cf60c42623967f5d2847ca7938fd	2	5	-1,2,-3,-3,2,4,-3,-3,-3,2,1,-3,-2,-3,-4,-3,2,-3	bundled-knot-table
braid:e3c2b9e54da76164848222ab3f78717076b5f4f4eb2718d47a2f6c45542e1706	2	5	-1,2,-3,4,-3,4,-3,-3,-2,1,3,-2,4,-3,4,-3,2,3	bundled-knot-table
braid:e3f04ac183212d69ceaf76ef91107b9d5036f38c7fadc59c39bbf15deba591e2	2	5	-1,-2,3,3,4,3,-2,1,3,2,3,3,3,-4,3,3,3,-2	bundled-knot-table
braid:e431c86f1f2d2a3500f4acd4db67d78b4251092247f5b67a407d297fbc632b75	2	5	-1,2,2,-3,4,-3,2,2,2,1,-3,-2,-3,-4,-3,2,-3,-3	bundled-knot-table
braid:e4b32128e79e1c6c6dc19a4ece2dc85170a451c3a4e6abbfbe9292cd9053d62a	2	5	-1,-2,3,-4,3,3,-2,1,3,-2,3,3,3,4,3,3,2,3	bundled-knot-table
braid:e6f9a56080378d00887965c4e4f541a261461995f2f4876183b6ee4a83eb521c	2	5	-1,-2,3,3,3,3,-4,3,-2,1,3,-2,3,4,3,3,2,3	bundled-knot-table
braid:e92f346fad6a8968d10a63d7f44ac1a1daf00b4fb14140f2debfaa947f8d9baf	2	5	-1,2,3,2,-4,-3,2,2,2,-3,2,1,-3,2,3,4,3,-2	bundled-knot-table
braid:e96c8aaef7599659e6ed745c42f8cb11f97927e1d80f786c713a25efc873e7f3	2	5	-1,2,3,3,-4,-4,-4,3,-2,1,3,-2,4,-3,4,-3,2,3	bundled-knot-table
braid:e9bfd3aac97306ae95137290aa0572fa47369f423f078c51013e81f8d80f6607	2	5	-1,2,-3,2,-4,-3,2,1,-3,-3,-2,3,3,4,3,2,-3,-3	bundled-knot-table
braid:ea4518e044cbddc2fdf9585df5c226295ff901c9afb88696af42a60a36f6e865	2	5	-1,2,-3,-2,-4,3,-2,1,3,-2,3,3,4,3,2,-3,-3,-3	bundled-knot-table
braid:eabe38258610a8536d600f856bb226b0f3863e0315fe266b11a027119352f460	2	5	-1,2,-3,-4,3,2,2,1,2,-3,2,4,-3,-3,2,2,-3,-3	bundled-knot-table
braid:eaf38fd203f8336ac76ec3a5cf2ca60c8101efd978e67c9359bf6cea79d4d7f3	2	5	-1,-2,3,-2,3,-2,-4,3,2,1,2,-3,2,4,3,3,3,2	bundled-knot-table
braid:eb150e25f5b3e98b8d909c3218b347bb72a213d9699391dc0852d4dc058a3e25	2	5	-1,2,3,-4,3,-2,1,3,-4,3,-2,3,4,4,4,3,3,2	bundled-knot-table
braid:eb4ff68757b407994f4fd159d4d85c3f78af8296fbc0323b12492c08bf1923f7	2	5	-1,2,-3,-3,-3,2,-4,-3,2,-3,2,1,-3,2,-3,4,-3,-2	bundled-knot-table
braid:ec8a947b91cbcab06263f792b4d0c153a64d638fe539ac6cffefd4974fd8a79b	2	5	-1,2,-3,2,2,2,-3,2,-4,3,2,1,2,-3,2,4,-3,2	bundled-knot-table
braid:ed51a87fad4340247c7b1d41ef7c76ff3d07421526b5d03b0bbddf74670bf7f3	2	5	-1,2,-3,-3,-3,2,-4,2,1,-3,-3,2,-3,4,-3,-2,-3,-3	bundled-knot-table
braid:ed5bb551e944e24f67052ad078ace8df305084a797c668fdd41acd1fcffd0528	2	5	-1,2,2,-3,4,-3,2,2,2,1,-3,-3,-3,-2,-3,-4,-3,2	bundled-knot-table
braid:ee2c8d9b6cd4b37e6408455107b02a58eee6578521f2b9d4f1db69bde01cf8d9	2	5	-1,2,-3,2,2,1,2,3,2,4,-3,-3,-3,-3,2,-3,2,-4	bundled-knot-table
braid:ef00232521578ebb2c2d5a7cf6181f2b13a953cee2c295578969116e421df146	2	5	-1,-2,3,-2,-4,3,3,-2,-2,1,3,3,3,-2,3,4,3,2	bundled-knot-table
braid:f116ff694add6f7c51433f5d816442a16f20416c81fabf7bad13f9663e616d08	2	5	-1,-2,-2,-2,3,3,4,3,-2,1,3,3,2,3,-4,3,-2,3	bundled-knot-table
braid:f12b0b9e2bfc7cbdcfc1d22399a85e24c0d49709529f22df72a650d4f89ef573	2	5	-1,2,3,-4,3,3,3,3,-2,1,3,3,2,3,-4,3,-2,3	bundled-knot-table
braid:f20fbeb0c0c1a33e7b7dc588e27786c2ebdc09c1506dd76c50e61f4ea2510c83	2	5	-1,2,3,3,-4,3,-2,1,3,-4,3,3,-2,3,-4,3,3,2	bundled-knot-table
braid:f242c3c07fc744f26a0d109dc1c697b428a06964cea48596ad41e6427f5550ee	2	5	-1,2,-3,-4,3,2,2,1,2,-3,2,4,2,2,-3,2,2,-3	bundled-knot-table
braid:f24ecf32607852298e15de6244b22ef641b43c6e601f0af41f4d399c0006c080	2	5	-1,2,-3,2,-4,2,1,-3,-3,2,-3,4,-3,-2,-3,-3,-3,-3	bundled-knot-table
braid:f3b848f5416fae61cf42e532542be3d6dddf814151e56b98fc93b31bb90ec8f8	2	5	-1,2,-3,-2,-4,3,3,3,-2,1,3,-2,3,3,4,3,2,-3	bundled-knot-table
braid:f3eb7ce0c5c672691fc04e6966c259ded13400c42578e46f452f57a5d0f634ce	2	5	-1,2,-3,-2,-2,-2,-3,2,4,-3,2,1,-3,-2,-3,-4,-3,2	bundled-knot-table
braid:f4f1ddee61c3f09ea825742f5a3832f429eb634701d5f17255ede9d76a0eaf45	2	5	-1,2,2,3,-2,-2,3,3,2,1,-3,-2,-3,-4,-3,2,-3,4	bundled-knot-table
braid:f535397faca2b8e23b6e8b74851e61bfeedfd13b6ef97734f87fce3640a6431a	2	5	-1,2,2,-3,2,2,-3,4,-3,2,1,-3,-2,-3,-4,-3,2,-3	bundled-knot-table
braid:f5444a54ccbe2bb9399ed26d9662993cbf1d0c39f4aa152cb2d7feee4423ab22	2	5	-1,-2,3,3,4,3,-2,1,3,3,2,3,-4,3,3,3,-2,3	bundled-knot-table
braid:f5ac449d7a61187853f5eb11a602b31bb56ac2ffb44f625cdd8bc49c0f3092e9	2	5	-1,2,-3,-3,2,4,-3,2,1,-3,-2,-3,-4,-3,-3,-3,2,-3	bundled-knot-table
braid:f6347963feb58d65e848c519e3bdeba781d31a6f08bdbc55378f9da6f637482a	2	5	-1,2,2,-3,4,-3,-3,2,2,-3,2,1,-3,-2,-3,-4,-3,2	bundled-knot-table
braid:f6c81ce6e8a31e653f83a3f25f85384a0b0b67c4ac521899fb8cc4ab7c426601	2	5	-1,-2,3,-2,-4,3,3,2,2,1,3,3,2,3,4,3,-2,3	bundled-knot-table
braid:f97e9ddbc656f6cfa1565638143fce198f109378e61291807cd1219f477cea66	2	5	-1,-2,3,3,3,-2,3,-4,3,-2,1,3,-2,3,4,3,3,2	bundled-knot-table
braid:f9854f400b246fda283f0d374800835970e1fa1d23905c1600eb1c7e33884336	2	5	-1,2,-3,2,-3,2,4,-3,2,1,-3,-2,-3,-4,-3,2,-3,-3	bundled-knot-table
braid:fa8b5b9894e96b70760bd685887fffe4e9febd9c35f7a095b5b04a24e341a290	2	5	-1,2,2,-3,4,-3,2,1,-3,-3,-3,-2,-3,-4,-3,2,-3,-3	bundled-knot-table
braid:fb3b5fe84e971c71f0f45b0938180842dea0acaeefa28a5ec508a0de0a5bc9aa	2	5	-1,2,-3,2,-4,-3,2,1,-3,-2,3,3,4,3,2,-3,-3,-3	bundled-knot-table
braid:fbbc9c44df61b532a283da3fe634cd298dcfcef756f3a9f5cc6f7ab9742418f2	2	5	-1,2,2,-3,4,-3,2,2,-3,-3,2,1,-3,-2,-3,-4,-3,2	bundled-knot-table
braid:fc1bdeedaf454fdfea61a7484156733de2adb615caaf2643026606f115f157bc	2	5	-1,-2,-2,-2,3,-2,-2,-2,1,3,4,3,2,3,-4,3,-2,3	bundled-knot-table
braid:fd50bbe39d89317e39568a44ab028f40f6c463db3828964500af63159fd4580d	2	5	-1,2,-3,-4,-3,-3,-3,2,1,-3,-3,-2,3,3,4,3,2,-3	bundled-knot-table
braid:fdb5219b2f2f19c3767471619cbf82d81892605f68de8584d5c4f3053be68c03	2	5	-1,-2,3,-2,-4,3,3,-2,-2,1,3,3,2,3,4,3,-2,3	bundled-knot-table
braid:fdf467afd6ab4aa52918e9d2e966ffa898d87283c87a22faefe76da7d1b253c4	2	5	-1,2,-3,2,3,3,3,2,4,-3,2,1,-3,2,-3,-4,-3,-2	bundled-knot-table
braid:fe7fbda21a56ee29fe5fb805e8969f22ef547ffaf9a3391e5e1da0c7ddbcbce3	2	5	-1,-2,3,-4,3,-2,-2,-2,3,-2,1,3,2,3,4,3,-2,3	bundled-knot-table
braid:fed5df37682ee18eda9807b4a9dadadd922c5bebb283eb7d62131b449dfcaa75	2	5	-1,-2,-2,3,3,-2,-4,3,-2,1,3,-2,3,4,3,3,2,3	bundled-knot-table
braid:ff06908986fc09dd53b732e615b3497eb3035ccce99c50340e7907b57ffd7742	2	5	-1,2,2,-3,-3,2,2,-3,4,-3,2,1,-3,-2,-3,-4,-3,2	bundled-knot-table
braid:ff851e9c2c7e52816f018d6a353b41029b08a4c631cdf608177b612c5508f439	2	5	-1,-2,-3,4,3,3,3,3,3,3,-2,1,3,-2,3,-4,3,-2	bundled-knot-table
braid:ffe62362ef3678a27a3014a2589af0d4060038930c0819f94aab4ebcaa6b0a3e	2	5	-1,2,-3,-4,-3,-3,2,2,1,3,3,2,-3,4,-3,-2,-3,-3	bundled-knot-table
braid:ffe9de0b546e2c2bbed9438258149e884ff9f3cb646bd046c8e4091726af7f36	2	5	-1,2,-3,2,2,-3,2,-3,-4,3,2,1,2,-3,4,-3,-3,2	bundled-knot-table
braid:ffea8fd0ea36edd507405412a8ae768de974eb424c18a08a568267efa5033584	2	5	-1,2,3,2,-4,-3,2,-3,2,1,-3,2,3,4,3,-2,3,3	bundled-knot-table
braid:fff914f7357c938da95e87fc539aca693bec21cd2215b384e4822319eb235754	2	5	-1,2,3,2,-4,-3,2,-3,2,1,-3,-3,-3,2,3,4,3,-2	bundled-knot-table
braid:0e32e3fe21fb589c69b6cad0e93a54d4234f939e3f5b962a0aeb92a3f8ab0667	2	5	-1,2,3,2,4,2,-3,2,2,2,2,2,2,1,2,3,2,-4,-3,2	bundled-knot-table
braid:14091bf7327cd00cd34207a17838138f1eefca399b6d740cd46ea1212ddc5a61	2	5	-1,2,2,2,2,3,-2,-4,3,2,2,1,2,-3,-2,4,-3,2,2,2	bundled-knot-table
braid:27976b9c94c66ff06c41665b9ebcd373cd7e8d26633d2de887abb4d637d1c7de	2	5	-1,2,2,2,3,2,-4,3,2,2,1,2,2,2,-3,2,4,-3,2,2	bundled-knot-table
braid:291661ef1de584501a8619743458aa64f62b997a1fc45dc61e208c47f94e198f	2	5	-1,2,2,3,-2,-4,3,2,2,1,2,2,2,-3,-2,4,-3,2,2,2	bundled-knot-table
braid:2d979f4b63054583713078cf2a37c3e13bda840d0b795a5eb4589a2269f70df2	2	5	-1,-2,-3,-2,-4,-2,-2,-2,-2,3,2,1,2,2,-3,-2,4,-2,3,-2	bundled-knot-table
braid:2e3496b226e8d5ab05e27a50312606cc5ac554ec7bd9c56f4c1f7ef84bdef67c	2	5	-1,2,2,2,-3,-2,-4,3,2,1,2,2,-3,-2,4,-2,-2,-2,3,2	bundled-knot-table
braid:47425806cfbba3ff95c79ff54f71e7676a6506fb71ffd6eeadedefd1309829b0	2	5	-1,-2,3,2,4,2,2,2,-3,2,2,2,2,1,2,3,2,-4,-3,-2	bundled-knot-table
braid:48a905b83b4a4162e285fb4ec96a30bb0abe4fc32bc367c99b7ac3db63a7d09d	2	5	-1,-2,-2,-2,3,2,4,2,-3,2,2,1,2,3,2,-4,-3,-2,-2,-2	bundled-knot-table
braid:528f9fd021526eaf486c4cd26e88d9174d798f0a5ea83089d88b9a6c27d716c9	2	5	-1,-2,3,2,4,2,-3,2,2,2,2,2,2,1,2,3,2,-4,-3,-2	bundled-knot-table
braid:53916bd6ec58481cae7003492bd55109e27dab51ff9c667c4dfb86e0aaf3bea5	2	5	-1,2,3,2,4,2,-3,2,2,1,2,3,2,-4,-3,2,2,2,2,2	bundled-knot-table
braid:5b72370cbb238b954fda8bf0368bd4990bb615d21dd62c23357126f95ecf31cb	2	5	-1,2,2,3,2,-4,3,2,2,1,2,2,2,-3,2,4,-3,2,2,2	bundled-knot-table
braid:648f0bd44f8b7f62e5c31389ff1fb12ffc3aed0aa4f47b36e71922deace5f967	2	5	-1,2,3,2,4,2,-3,2,2,2,2,1,2,3,2,-4,-3,2,2,2	bundled-knot-table
braid:676c50386ef473e31bcc57c36f6210841abd72f8bd3ea5877c832b960ca61414	2	5	-1,-2,-2,-2,-3,-2,-4,3,2,1,2,2,-3,-2,4,-2,3,-2,-2,-2	bundled-knot-table
braid:68d2ba6654b76d74fff43096355953818d102ac922021e3c64dcb5d268abb758	2	5	-1,-2,-3,-2,-4,-2,-2,3,2,1,2,2,-3,-2,4,-2,-2,-2,3,-2	bundled-knot-table
braid:740af98a8df3405609f94850723e5436c6ff4b928bd0e017ac3dc3c26960d8cd	2	5	-1,2,3,2,4,2,-3,2,2,2,2,1,2,3,2,-4,2,2,-3,2	bundled-knot-table
braid:7541948fc7c129d244a61f570853408e040b5b06dbc2b47d5dd6db2c615bb3e1	2	5	-1,2,2,2,3,2,4,2,-3,2,2,1,2,3,2,-4,-3,2,2,2	bundled-knot-table
braid:83f3ff6c91705d84c3bda7cd01f70076a2f903e1919915880ab54e9834c15c09	2	5	-1,2,2,2,2,3,2,-4,3,2,2,1,2,-3,2,4,-3,2,2,2	bundled-knot-table
braid:840a6a469cea11d7aadc5924ba3c2558c460041749effcff5ac493a8cfdf7af7	2	5	-1,-2,-2,-2,-3,-2,-4,-2,-2,3,2,1,2,2,-3,-2,4,-2,3,-2	bundled-knot-table
braid:8d19506873e209e09d231f144653e8ccdea73a95f28831ac750377d8d19fd0ae	2	5	-1,2,2,3,-2,-4,3,2,2,1,2,-3,-2,4,-2,-2,-3,2,2,2	bundled-knot-table
braid:8d9fec1536db330667c805083156b0e35643d6aca6801981d5e2d095a3d06684	2	5	-1,2,2,3,2,-4,3,2,2,1,2,-3,2,4,2,2,-3,2,2,2	bundled-knot-table
braid:994f223596c0e27f3b4fd53df9af910e362bb02441475073ed5e75ddfadd2814	2	5	-1,-2,-2,-2,-3,-2,-4,3,2,1,2,2,-3,-2,4,-2,-2,-2,3,-2	bundled-knot-table
braid:a21b36a34ccb8bd4bda6924986de64a7afaf176d703769e2618dab0ff3d4a8f9	2	5	-1,2,-3,-2,-4,3,2,1,2,2,-3,-2,4,-2,-2,-2,-2,-2,3,2	bundled-knot-table
braid:aab3cf47adfb6bb05edea93f441080b346470d58b5c50131d561dc74156d4a0a	2	5	-1,-2,3,2,4,2,-3,2,2,1,2,3,2,-4,-3,-2,-2,-2,-2,-2	bundled-knot-table
braid:ab395e3a505e0b8ea50161f56b2da5bf19839cb27f8635c034d0f43a12412443	2	5	-1,2,2,3,2,-4,3,2,2,1,2,-3,2,4,-3,2,2,2,2,2	bundled-knot-table
braid:c51db6fed6ec53265b3722999b019657eab3c86a7889fe22035646bbfb67292e	2	5	-1,-2,3,2,4,2,-3,2,2,2,2,1,2,3,2,-4,2,2,-3,-2	bundled-knot-table
braid:c57b55e0b7ad84c78bc0b214ecf03874d0de0f4040e4ca6d770d8ede0e07cc17	2	5	-1,-2,-2,-2,-2,-2,-3,-2,-4,3,2,1,2,2,-3,-2,4,-2,3,-2	bundled-knot-table
braid:caab6f1fbf1a318f456d091e3230c41a8ce45718391f865902b2f7aa1cd7b618	2	5	-1,2,2,2,3,-2,-4,3,2,2,1,2,2,2,-3,-2,4,-3,2,2	bundled-knot-table
braid:cefb87ef1191e5c992e7667c5fdc71982dd35efba9992819a0ccb299fe935b29	2	5	-1,-2,-3,-2,-4,3,2,1,2,2,-3,-2,4,-2,-2,-2,-2,-2,3,-2	bundled-knot-table
braid:cf3ae9097ab5d0d95ba36656c7acd95d20e3bd702c8e4e44786fc60b681061e0	2	5	-1,-2,3,2,4,2,-3,2,2,2,2,1,2,3,2,-4,-3,-2,-2,-2	bundled-knot-table
braid:db4c587e71ab0b141c86620c389f1e469785a5786aaa1443886a133fb4971f6d	2	5	-1,2,2,2,-3,-2,-4,-2,-2,3,2,1,2,2,-3,-2,4,-2,3,2	bundled-knot-table
braid:f0bc0828f78798bd7ed98cbb7ef243a9ce824302f1b200fc579a2790cac78295	2	5	-1,2,3,2,4,2,2,2,-3,2,2,2,2,1,2,3,2,-4,-3,2	bundled-knot-table
braid:f9c49953fba059cb81bde469908a2f2119f86ff9f07c01efc24f0f1e2ba76541	2	5	-1,2,2,3,-2,-4,3,2,2,1,2,-3,-2,4,-3,2,2,2,2,2	bundled-knot-table
braid:07fbafab73fcc38d62b7415a215a3152727e0ddaba1df14c857ebbf0b1f0cb7b	2	6	-1,-2,3,-2,-4,1,3,-2,3,-4,3,5,2,-4,3,-4,-5	bundled-knot-table
braid:2d08d5f08be6e56628093cbad1a699d84e8a8437b48a2e45a72cfc125cd16134	2	6	-1,-2,3,-2,-4,1,5,-4,3,-2,-4,3,-4,-5,-4,3,2	bundled-knot-table
braid:3f9cbefe5c9faf3be9c45e839c24310c48f891c3d6396a3bca54510df4bbc1b7	2	6	-1,-2,3,-2,-4,1,-4,3,2,3,-4,5,-4,3,-2,-4,-5	bundled-knot-table
braid:44f8849c8af93210fae3aaa837b86bab2a9c05601ecf4e0b264a1abf0b5c9280	2	6	-1,2,-3,4,-5,-4,3,2,1,2,-3,2,4,2,5,-3,4	bundled-knot-table
braid:4c6d2f04893472b92202a6d79423dc812a264dcb5cc53d3d3ba4f7af2b3d1efc	2	6	-1,-2,3,-2,1,-2,3,-4,3,-5,-4,3,2,3,-4,5,-4	bundled-knot-table
braid:72e11730a900392244d8b7c05e9a642f2ed1bc7d5d259fc70ac73bfef1e36a5b	2	6	-1,-2,3,-2,-4,1,3,5,2,-4,-3,-4,5,-4,3,-2,-4	bundled-knot-table
braid:046d676f37594fbb9b11e4d788fdef6a0346159f43d1dfb59ef657c372ed9ba0	2	6	-1,2,-3,2,4,1,3,3,-2,4,4,-3,-5,4,-3,2,-3,-4,5	bundled-knot-table
braid:0b66ad2de8458be9f569a2cc5b75e4b3f736aa32f207f2dcbcbe6f152e3e2ea0	2	6	-1,-2,-3,-2,4,3,5,-4,3,-2,1,-2,3,3,-4,-5,-4,3,-2	bundled-knot-table
braid:0cf83e9a00f0ace41621a5e2b92e2934585e458185b2f2af77224fde117120ae	2	6	-1,-2,-2,-2,3,-4,-5,-4,-3,-2,1,-2,3,-2,4,-2,5,3,-4	bundled-knot-table
braid:0d21c32fcd1f62ea7b17852dba7efd2d56745556cfacdee9b45cc7620032e480	2	6	-1,2,-3,4,-5,-4,3,2,1,2,-3,2,4,-3,5,4,-3,-3,4	bundled-knot-table
braid:11bdac134b0da1d19c677ff6ac3ea312b884dadb1d6057bcfe7c8e7d154c7269	2	6	-1,2,-3,-3,-4,-3,2,1,-3,2,-3,4,-3,5,-2,-4,3,-4,-5	bundled-knot-table
braid:153071d31bb2a1ac9e30bf1bcf2cdfde9fde6f40ac25f0ea7c87589051142218	2	6	-1,-2,3,-2,-4,-2,-5,-4,-3,-2,1,-2,3,-2,4,-2,5,3,-4	bundled-knot-table
braid:1545a5dd7fca4ae6757d6beb5cb208eeb8d536f44b2096d46cccafefdc2fc2c0	2	6	-1,-2,3,3,4,4,-5,-4,3,-2,1,-2,3,4,3,5,2,3,4	bundled-knot-table
braid:1ecd2fd967c833d71777a3ecf23bfe3e302d703c287848254771bc700d9c2ba3	2	6	-1,2,-3,2,1,-3,-2,4,4,-3,4,-5,-4,-3,2,-3,4,-3,5	bundled-knot-table
braid:221826b72ff0f94775780e4e66aa791c1ebc14967a47cb29f57136af4a39d02c	2	6	-1,-2,-3,-2,4,3,5,-2,-4,1,-2,3,-2,-4,-2,-5,-4,3,-2	bundled-knot-table
braid:272ce765b1f81cef7241aae3c2b9e03a4baabe82ec17ca6f434d69f4affb5cf6	2	6	-1,2,-3,2,4,1,-3,5,-3,2,-4,3,-4,3,-5,2,-4,3,2	bundled-knot-table
braid:27d227a85fa7be610964d27a49a983c8f8d261d4a3c3467f1d412f09cec1002d	2	6	-1,2,3,4,3,3,2,1,2,3,-4,3,5,-4,-3,2,-3,4,-5	bundled-knot-table
braid:283cf78513332448d53dfd63e6d0268415aa9c0654d6ecf8689d46da2425e484	2	6	-1,-2,-3,-2,4,3,5,-2,-4,-2,3,-2,-4,1,-5,-2,-4,3,-2	bundled-knot-table
braid:2af9a4aad23720905059f10e8e17a6719338494773abfa41bd64dc421e5d1cd3	2	6	-1,-2,-2,3,-2,-4,1,3,2,3,4,3,5,3,-2,-4,3,-4,-5	bundled-knot-table
braid:2afb162b8b247c1d97755779b5f163ae9387bffc40de7a845d344f283af7ea01	2	6	-1,2,-3,4,3,5,-4,3,2,1,3,-4,3,2,-4,-5,-4,3,2	bundled-knot-table
braid:320556929eff347dff4975e853bb307f1e672c5fb33c23445bc8a6a850de92ac	2	6	-1,2,-3,-3,4,4,-3,2,1,-2,-3,4,-5,-4,-3,2,-3,4,5	bundled-knot-table
braid:33efd1cd588cb88eb2438563c99b7078412942d674c9410a53e6a8262c3a5e07	2	6	-1,-2,-3,-4,-3,5,-2,-4,3,-4,3,-5,-2,1,-2,-3,4,-3,2	bundled-knot-table
braid:37349689618fa16cfed87b595518e4406a26f845b61a8f5e1b8ab7560f5af537	2	6	-1,-2,3,4,3,-2,1,3,-2,3,-4,3,-5,4,3,2,3,-4,5	bundled-knot-table
braid:3c88f70cf70eb80974a05f214352efc40a9572ab03ad60ae2074052770981335	2	6	-1,2,-3,4,-3,5,2,4,-3,2,4,1,-3,2,4,-5,-4,3,2	bundled-knot-table
braid:3d2e97fa5373d378cd7a30a6e0159ba117858a5e386bc8d737478d18b50c46a5	2	6	-1,2,-3,4,-5,4,-3,2,-3,2,-4,1,-3,5,2,-3,-4,-3,2	bundled-knot-table
braid:420cb97905d76d3b02991fac3513eedf53152e1201b4e42e7cabd0783cbe51d8	2	6	-1,-2,3,4,3,3,-2,1,-2,3,-4,3,5,-4,3,-2,3,4,-5	bundled-knot-table
braid:437c54eca74c6ef66cbb742f20e47664a872e6ce5e5a8c56ac8cd25eb0cbbd6d	2	6	-1,2,3,3,4,4,-3,2,1,-2,-3,4,-5,-4,-3,2,-3,4,5	bundled-knot-table
braid:43e131abdfa888f620c59204ac110177fa3a1e4f58f87828d11eca96d4bbb94b	2	6	-1,2,-3,4,-3,5,2,-3,4,-3,2,1,-3,2,4,-5,-4,3,2	bundled-knot-table
braid:4434ba0fe2d996bd6c9c0840a1f2012d241dfc62c6c7d926d70e5575209efd6b	2	6	-1,2,3,-4,3,-5,-4,-3,2,1,2,3,2,4,2,5,-3,-3,-4	bundled-knot-table
braid:44a6694430018e9a3f997b099dfe94b7ef3dca616e82fc4ca501bebe34c793fe	2	6	-1,-2,-3,-3,4,4,-5,-4,-3,-2,1,-2,-3,4,-3,5,2,3,4	bundled-knot-table
braid:4ae6dac9fadffe14d94cae1b24625130352f2ef9b27f753485b8073f7e8adc15	2	6	-1,-2,3,-2,-4,-2,-5,-2,4,-2,1,3,-2,3,-4,3,5,2,-4	bundled-knot-table
braid:4d81a66c059275741dc1936885e758af58eb91ebc1754f78b6196f0a92c30c93	2	6	-1,-2,-3,-2,4,3,5,-4,3,-2,1,-2,-3,-3,-4,-5,-4,3,-2	bundled-knot-table
braid:4ec51e057c2329f03e80d81260aa1618655f3187b3dd9f7db0c23d98fabb1e74	2	6	-1,-2,-3,4,3,3,-2,1,-2,3,-4,-3,5,-4,3,-2,3,4,-5	bundled-knot-table
braid:5264bf1e59500a4fb9a4c46ce759ed6ff86a6babcfbdcae9771889cb2611fc5c	2	6	-1,2,-3,-4,3,2,1,2,-3,2,4,-3,5,4,4,-3,4,-3,-5	bundled-knot-table
braid:596154b42de8f7bf7844370ebbd78f1b21a1f193e7581a6f1310a356af4c9586	2	6	-1,2,-3,4,-3,2,1,-3,4,-3,-5,2,-3,4,-3,-2,-3,-4,5	bundled-knot-table
braid:5aa28603f6d851ee13ca5928a28226162e1a61983080a22521fc103082b8c03e	2	6	-1,2,-3,2,-4,-3,5,2,-4,1,-3,2,-3,4,-3,-5,4,-3,-2	bundled-knot-table
braid:5ee4defe770ba725b2b92336dfee881e17463f5121c76d30a5a41186800ef15a	2	6	-1,-2,-3,4,3,5,-4,3,-2,1,3,-4,3,-2,-4,-5,-4,3,-2	bundled-knot-table
braid:6054352a32886591bdb5f10a11184affdfa1c36ca7a9b0dbc8ec6714f5e8aadf	2	6	-1,2,3,3,-4,3,-2,1,3,-4,-5,4,3,-2,3,-4,3,5,2	bundled-knot-table
braid:60ec516c5a9f0705c68b66f157090fc0149bd8c7d1045f741b8669289c41d99e	2	6	-1,-2,-3,-2,4,1,3,-5,4,3,-2,3,-2,-4,3,5,-4,3,-2	bundled-knot-table
braid:63cd3d72d4dc0cfeecc242552b16eb85fd5b8b69d057e46fa1ad874bef8217e1	2	6	-1,-2,3,-2,-4,3,-2,-4,1,-5,-4,3,2,3,4,3,5,3,-2	bundled-knot-table
braid:67084ee41d46f4faa880563d24dd8d52b0022f6b377586a1ee1968bd5d5a1172	2	6	-1,-2,3,-4,3,5,-2,-4,3,-4,3,-5,-2,1,-2,3,4,3,2	bundled-knot-table
braid:685bcc216dbf82a758a54cb34906b3f96b1b03394f9851de3a8b5a2c29fa5ccf	2	6	-1,-2,3,-4,-3,-2,1,-2,3,-2,4,-2,5,3,-4,3,-4,3,-5	bundled-knot-table
braid:6930c37e1ac25f3726d31991ac5d18df9ec7a666418393347b6609a58f098666	2	6	-1,-2,3,-4,3,5,-2,-4,1,3,-4,3,-2,3,-4,-5,4,3,2	bundled-knot-table
braid:6ba2629625e847a02729fa9ffc91d59fbd7316390584899a5e912d7882043aa7	2	6	-1,-2,3,4,-5,4,3,3,-2,1,3,-4,3,5,-2,3,-4,3,-2	bundled-knot-table
braid:6bd6a8dfb700ad7fe161e8c785b05505d699b647fc11915622afd3c3fc96ca8e	2	6	-1,2,3,4,3,2,1,3,-2,3,-4,3,-5,4,3,2,3,-4,5	bundled-knot-table
braid:6dc13f4dcc6d3f6482b7d89a68bb6bec246e57b9cc594c5c84647b34683953d7	2	6	-1,-2,3,-2,-4,-5,-4,3,-2,1,-2,-3,4,3,5,-2,-4,3,3	bundled-knot-table
braid:6eb35e5ae1981aef1203d0c04ccf3e1de453ec78acdf4741abcc4662d8ca6506	2	6	-1,2,3,-4,3,5,2,-4,3,-4,3,-5,2,1,-2,3,4,3,2	bundled-knot-table
braid:74f1bff6b4283495945fd1591572c6b8c921b97bbbc6e8ff5361aeccfc0bd5ea	2	6	-1,-2,3,-4,-5,-4,-3,-2,1,-2,3,-2,4,-2,5,-2,-2,3,-4	bundled-knot-table
braid:7d7277657c292fadbf8b4e6d3f6d08b5fb01aa700e8f9a384b75f252102e2c06	2	6	-1,-2,3,-2,-4,3,-5,3,-2,4,1,3,-2,3,-4,3,5,2,-4	bundled-knot-table
braid:7f0de9ba6d1f2d496f24c7a201cb6213b035ed2fe2f5026fb570c4cecd27d5ba	2	6	-1,-2,3,-2,1,-2,3,4,3,-5,-4,3,-2,3,4,3,5,3,-4	bundled-knot-table
braid:83ce8df49529be3ff8940628020251308d5cb08b558518514bd1796da175a654	2	6	-1,-2,-3,4,-3,-5,2,1,-3,-3,2,4,-3,4,5,4,3,-2,-3	bundled-knot-table
braid:8505b5d17d6bb5c0531fc71f06450f50acb15f463bb971d23f9b14fcc21d48f3	2	6	-1,-2,3,4,-5,-4,3,-2,1,-2,-3,-2,4,3,5,3,4,4,3	bundled-knot-table
braid:86b075f5830c74f6f943da4e93cf15c6791c456f9edf6f2180cdc95262f0c796	2	6	-1,2,-3,2,4,1,-3,-3,-2,4,4,-3,-5,4,-3,2,-3,-4,5	bundled-knot-table
braid:86e7b4295482949f224343b48a6edab1c724ce655b59c8da16fe6cca4dd5779b	2	6	-1,-2,3,-2,-4,3,-5,-4,3,-2,1,3,-2,3,4,3,5,2,-4	bundled-knot-table
braid:8c3f83fb3edb27bf559707a8e56c4356ef0e3c6a00a815fd9b71f9a147ab6d05	2	6	-1,2,-3,2,4,-3,-5,2,-4,1,-3,-2,-3,4,-3,5,4,-3,2	bundled-knot-table
braid:8e2064ebabcce894547d08be8f554ff58f3d8c85ae6c47dc888334cf3e3b2268	2	6	-1,-2,-3,-4,-3,5,2,4,1,-3,-3,-2,-3,4,-5,4,-3,2,-3	bundled-knot-table
braid:8f2824f2984831e0a964b53a4a9b794eb2b8d87333d5321889f9a23807568f03	2	6	-1,-2,3,-4,3,-5,-4,-3,-2,1,-2,3,-2,4,-2,5,3,3,-4	bundled-knot-table
braid:90757bcc549f52ef225229ed4d8157c39b23b3f0bb7cda3b9c9b5b12b21fb570	2	6	-1,-2,-3,-2,4,3,5,-2,1,-2,3,-4,3,-4,3,-5,-4,3,-2	bundled-knot-table
braid:91fd841783e17c868f851920af61b3412661a05d47fd8ccada4fc3c0a2a12b57	2	6	-1,-2,3,3,4,4,3,-2,1,-2,3,4,-5,-4,3,2,3,4,5	bundled-knot-table
braid:92c04e89e1249e076f7f408fdaa525aa63f0282e9c7bb719a8f2e8d793b28c70	2	6	-1,-2,3,-4,-5,-4,3,-2,-2,1,3,2,3,4,3,5,-2,3,-4	bundled-knot-table
braid:94af5e3ba8bf82979f2f1600ee8f6972f7b0268b5c82922bbc0e854dff9eac85	2	6	-1,-2,-3,-2,4,3,5,-2,-4,-2,-2,1,-2,3,-4,-5,-4,3,-2	bundled-knot-table
braid:9a7b53ef91ac5aa9ef4160e26e7b2e20bd14c30123cf59b84bfe228ccd5a018b	2	6	-1,2,-3,4,-3,-5,-4,-3,2,1,-3,2,-3,4,-3,5,-2,4,-3	bundled-knot-table
braid:9b7c58bb4a17c98d8b59126dd1866cd65ac5dafc1c517d762119224d00a1511e	2	6	-1,-2,3,-2,-4,3,-5,3,-2,4,1,-3,-2,-3,-4,-3,5,2,-4	bundled-knot-table
braid:9c7f56a040e14533bff28efcccaba92613fb45e5b45896303a9b1272420226e0	2	6	-1,2,-3,2,4,-1,-3,-5,4,-3,2,-3,2,-4,-3,5,-4,3,2	bundled-knot-table
braid:9ed1ed06769b67cc7b54608c458ea8f3e6ca064569c68ac8c13790f5817602a9	2	6	-1,2,-3,4,-5,-4,3,2,1,2,-3,2,4,3,5,3,4,4,-3	bundled-knot-table
braid:9f35fdc0142ee496789a52ae24bb128eaf80a7cca3be568480a4d8d24621f24a	2	6	-1,2,-3,2,-4,-3,-5,4,-3,2,1,-3,2,-4,-3,5,4,-3,2	bundled-knot-table
braid:a25291ad93aa393c5ae659535323af6d00f8ad2ce197485c8fa47a7f3c767546	2	6	-1,-2,3,-2,-4,3,-2,-4,1,-5,-4,3,-2,3,4,3,5,2,3	bundled-knot-table
braid:a47499736dc30fa7a75921e9c9f08da66fceb09502ca58886c2f1e97031da5f6	2	6	-1,2,-3,2,4,-3,2,4,1,-5,4,-3,-2,-3,-4,-3,5,2,4	bundled-knot-table
braid:a62287bb7707c2ea57967f0863df8bb115bfcbaaffac3db58a6eda0e9bb7f2e9	2	6	-1,2,2,-3,4,-3,5,2,-4,1,3,2,-4,-3,-5,-4,-3,-2,-3	bundled-knot-table
braid:aadad23e1392f95f947c7b99aee50b0c7af5b2641f7866ab847fd8649f6864d0	2	6	-1,2,-3,4,3,3,2,1,2,3,-4,-3,5,-4,-3,2,-3,4,-5	bundled-knot-table
braid:abd041985deb4319e9f95045e5bee54112a09f279bd1f51a115ad2fd097a5dae	2	6	-1,-2,-2,3,-2,-4,1,-3,2,-3,4,-3,5,-3,-2,-4,3,-4,-5	bundled-knot-table
braid:ae69616d687a48e5af692fff627da595b6c3c014306c09d876de52d7611ad2aa	2	6	-1,-2,-3,-4,-3,2,1,-3,-3,4,-5,4,-3,-2,-3,-4,-3,5,2	bundled-knot-table
braid:b11d201288d79efa5acf7ae3869da69c34332d0a1739fa4f42269d18ceba26d7	2	6	-1,-2,3,4,-5,-4,3,-2,1,-2,-3,-2,4,-3,5,-3,4,4,3	bundled-knot-table
braid:b1b77a1af8ed747cffee898f6735c461c51fa7879090bbd7c71245be80b4aa98	2	6	-1,-2,-3,-2,4,3,5,-2,-4,1,-2,3,3,3,-4,-5,-4,3,-2	bundled-knot-table
braid:b442df9cb10da74c452ff2f2f9fc28a15edb1ad75662c08bf5ea7552e6adf40c	2	6	-1,2,-3,-4,-3,2,1,-3,2,-3,4,-3,5,4,-3,-2,-3,4,-5	bundled-knot-table
braid:b5036e9a9addbd07c9bf0453748e80b4800538cba285376efac79b28be8af4c4	2	6	-1,2,3,-4,3,2,-4,1,3,2,-3,-4,-5,-4,3,-2,-4,3,5	bundled-knot-table
braid:b72d1dd286cb1379cbb7b4cd2c66a8161170ce64da87b7925d9a2a8912426e64	2	6	-1,2,3,-4,-5,-4,-3,2,1,2,3,2,4,-3,5,-3,2,-3,-4	bundled-knot-table
braid:b76bef722d959c72dce27cdf668326009d6024b4e41e8f44f1c52bada622d314	2	6	-1,-2,3,-4,3,-5,-2,-4,-2,1,3,-2,3,4,3,5,3,2,-4	bundled-knot-table
braid:b9632e0ee7fb956a7dee1adf58787b800995c4fded97e0c6ad9b048a3af12f45	2	6	-1,-2,3,-4,3,5,-2,1,3,-4,3,-2,3,-4,-5,4,3,3,2	bundled-knot-table
braid:b9a4cea93e7658e8d040c702c39b2322a5013a14184f3f130ff4db212d1d7b7e	2	6	-1,-2,-3,-3,4,4,3,-2,1,-2,3,4,-5,-4,3,2,3,4,5	bundled-knot-table
braid:bc10bccdf77d54e9074ccc06d5e6c1bb6dad10d632e29917654313910cb2f6b4	2	6	-1,-2,3,-4,-5,-4,-3,-2,1,-2,3,-2,4,3,5,3,-2,3,-4	bundled-knot-table
braid:c3505ed699510d885e73a8bbfc48cbf8280f29af113f67dfd0cbfbaeb34303a7	2	6	-1,-2,3,4,3,2,1,3,-4,3,5,-4,3,-2,3,4,3,-5,2	bundled-knot-table
braid:c805e2c98ca738ec4b0cb4b733865f5467b2a504c111574802fe24db9651ee31	2	6	-1,-2,3,-2,-4,3,-5,4,-3,2,1,-3,-2,-4,3,5,4,3,-2	bundled-knot-table
braid:c84abda7be4a915828e6a6c1a3d275ce67b2ddf7ec217cc81d1f8389b4eb72ee	2	6	-1,2,-3,4,-3,-5,-3,2,4,1,-3,2,-3,-4,-3,5,-2,4,-3	bundled-knot-table
braid:cc4a5fe4b8fe761ac424feaa91cca5ad0eebd4c9230f5632f582bdcb3732ec24	2	6	-1,-2,3,-4,3,-2,1,-2,-3,-2,4,3,5,4,3,-2,3,-4,-5	bundled-knot-table
braid:cd6c97877173b804b711697963472ff1b97e7b8955053b6b94c1e9f497137fe6	2	6	-1,2,3,4,-3,2,1,-3,-2,3,-4,3,-5,4,3,2,3,-4,5	bundled-knot-table
braid:cdaa1fa6ba86065e22a27eb67f3e638d05f1d668fcced7423517488f92f9bb55	2	6	-1,-2,-3,-2,4,-2,5,-2,3,-2,-4,1,-2,3,-4,-5,-4,3,-2	bundled-knot-table
braid:ceba9d798a3c434087d2c519642f0da44934aac80326fe944e66693345700551	2	6	-1,-2,3,-2,-2,1,3,-4,-5,-4,3,-2,3,4,3,5,-4,3,2	bundled-knot-table
braid:cf21cd8896b1244d2f1f9a74ecc05b6f3ffc78dbaad98a62b2bc1c1f4d068ba5	2	6	-1,2,3,2,-4,-3,-5,-3,2,4,1,-3,-2,-3,-4,-3,5,2,-4	bundled-knot-table
braid:cfad14449e347226285e12deb74513fd4e3fbcc21bb61a218056c5d924cbe2c5	2	6	-1,-2,3,-4,-5,-4,3,-2,1,-2,-3,-2,4,3,5,-2,-4,3,3	bundled-knot-table
braid:d14563ed8c49cec646c15c75f5288d0f723f1c129528b1789bd3eb00ef460018	2	6	-1,2,3,-4,3,2,1,3,-4,-5,4,3,-2,3,-4,3,5,2,-4	bundled-knot-table
braid:d65b198c38f50984878dee2eba75437d6b308284ba8ea2764a1d388a7b4bb601	2	6	-1,2,-3,4,-5,-4,3,2,1,2,-3,2,4,-3,5,-3,4,4,-3	bundled-knot-table
braid:d664f79807d49abb842a8199da374a95253345bd627dcd7c5c6df65967d80897	2	6	-1,2,-3,4,4,-3,4,-3,-5,2,1,-2,-3,-4,-3,2,-3,4,5	bundled-knot-table
braid:d7f6c8be543d57273b9af4a02b34464e236919d522be37c3af53c7739a89359b	2	6	-1,-2,-2,3,-2,-4,-5,-4,-3,-2,-2,1,-2,3,-2,4,3,5,-4	bundled-knot-table
braid:d89839ad198285a41c59a5d55079f3a890cc5954b4489697d9007b90e82226d5	2	6	-1,2,-3,2,4,1,3,5,3,2,-4,3,-4,3,-5,2,-4,3,2	bundled-knot-table
braid:d8b5e4b0ce8f25f0e6d65102d069d1d28a8412ab15ba275c27bbd58c9207b52b	2	6	-1,-2,3,-2,-4,-2,-5,4,3,-2,-2,1,-2,3,-4,3,5,2,-4	bundled-knot-table
braid:daad59fdfae0a7d23541a229764b5e5c168332a0299c3bbbd696ac8266aaed04	2	6	-1,2,3,2,-4,3,-5,2,-4,1,3,-2,3,4,3,5,-4,3,2	bundled-knot-table
braid:dd11d8c2c032305c9e28dcb16d95a505575e0a8da3ea12424cf9a8081a87fe87	2	6	-1,-2,-3,-2,4,3,5,-2,-4,1,-2,3,-4,-5,-4,3,-2,-2,-2	bundled-knot-table
braid:de3badcf60bf9ad5ea3cb22902c6055598ec860b6b908383d4a966f28a605bd2	2	6	-1,-2,3,-4,3,3,-2,1,3,-4,-5,4,3,-2,3,-4,3,5,2	bundled-knot-table
braid:de7a7024b5aa9fa247d39be6c17c45d37fb40b19e8ddefd95a2321016ab810f6	2	6	-1,2,3,-4,3,-2,-4,1,3,-4,-5,4,3,-2,3,-4,3,5,2	bundled-knot-table
braid:e1e19783f104a252ef77e9968abf275b6ebd63c1e4d698dde466fa0965c6a21e	2	6	-1,2,-3,4,-3,-5,-3,-4,3,2,1,2,-3,2,4,-3,5,4,-3	bundled-knot-table
braid:e283e3bac9100141a26c7bf11067686bef6d22a6a67067f3640de1f4f6bd12e6	2	6	-1,-2,3,-4,5,-4,3,-2,-4,1,3,-5,3,-2,3,4,3,2,3	bundled-knot-table
braid:ea5a945aced58832df735ff03c1598c6ff76ebb1c092392f98380d9e5694923f	2	6	-1,-2,-3,-3,4,4,-5,-4,3,-2,1,-2,3,4,3,5,2,3,4	bundled-knot-table
braid:ebedce8b7b2cdd23f2a4be30540619c9eb1ec20c3d87f2718073b0d0510273db	2	6	-1,-2,3,-4,3,-2,1,3,4,-5,4,3,-2,3,-4,3,5,2,3	bundled-knot-table
braid:ee6597fafa0737f5a2ee1f9f07a7d18046f039879af7a8c5011671bc80a7f138	2	6	-1,-2,3,-2,-4,-5,-4,3,3,-2,1,3,-2,3,4,3,5,2,-4	bundled-knot-table
braid:f75355ebff8d99191a5946c54379c7cd7d7b8ba97a9a38512260a18b6c4b301e	2	6	-1,-2,3,-4,3,-2,-4,1,3,2,-3,-4,-5,-4,3,-2,-4,3,5	bundled-knot-table
braid:f79775d30093e452deb82b5741d1e830a839ec43c586b853e9584df1c2c9516a	2	6	-1,-2,3,-4,3,-2,1,3,-4,-5,4,3,-2,3,-4,3,5,2,-4	bundled-knot-table
braid:fb247a2c3d12561bdb6244ebec9a2fa1640fcd39ef2ecd6bbf45208195e97e01	2	6	-1,2,-3,2,4,1,-3,-3,-2,4,4,3,-5,4,3,2,3,-4,5	bundled-knot-table
braid:016c743f3c843563014024b48d7254887675c0692b31173055c266e8029abe91	2	6	-1,-2,-3,4,4,4,-3,2,4,1,3,-2,-3,4,-3,5,2,4,-3,4,-5	bundled-knot-table
braid:01cd3488f44341eb47a90ae0053a58caf8bae3d6778157b61be3b4b667acba11	2	6	-1,-2,-3,-4,-3,5,2,1,-3,4,-3,-3,-3,-2,-3,4,-5,4,-3,2,-3	bundled-knot-table
braid:030f1b4b8b54aedd5f7f97792a58c4efd23d71f14caaa5309b1796ae9629097e	2	6	-1,2,-3,-4,-5,-4,3,-2,1,3,-2,-4,-3,5,4,-3,2,3,-4,-4,-4	bundled-knot-table
braid:033e1bcf9d997bb4e8ceff20a62974fa479095cf321934fa50f6cab47d672e9a	2	6	-1,2,-3,-4,-3,5,4,-3,-2,1,-3,-2,-3,4,-3,2,-3,4,-5,4,-3	bundled-knot-table
braid:039fee75c2ff1886ae9189bc277fc42f2255881af4d66acbe3e1248d3f09f54b	2	6	-1,2,3,-4,5,-4,-3,-2,-4,1,-3,-2,4,-3,4,-3,-5,2,-3,-4,-4	bundled-knot-table
braid:03e96108fe510be515ce70596bba40fb972d4c371b10f8db86e04ff10bbcd675	2	6	-1,2,-3,-4,5,4,-3,4,-3,-2,1,-3,2,4,-3,4,-5,4,-3,-2,-3	bundled-knot-table
braid:042ce70cab9b12e78246f6a7d6463632219e32fae9bddac839da744138ce684b	2	6	-1,2,3,4,5,4,4,-3,-2,1,-3,2,4,-3,4,-5,4,-3,-2,-3,4	bundled-knot-table
braid:045141652fd0adaf974147b267cfcbc0aecfaeca58227ca5199a4edb378f6f8d	2	6	-1,2,-3,4,-5,4,3,-2,4,1,-3,5,-2,4,4,4,-3,4,-3,2,-3	bundled-knot-table
braid:046980efa6949b21e2238080f618a3c062df5d4519b64f6c6ddf68eec6207db9	2	6	-1,2,3,4,5,4,-3,-2,4,1,3,-2,4,-3,4,-3,-5,2,3,4,4	bundled-knot-table
braid:04ae71cadc03b9cfc12c2e81d6e42ca822bfb288f8d842f5740c031bc76d793a	2	6	-1,2,3,4,5,4,-3,-2,4,1,-3,-2,4,-3,4,-3,-5,2,-3,4,4	bundled-knot-table
braid:0592aac64b1ed91dc2bbb96921236a4355e776aae71e8dd52e66dbf0070b578b	2	6	-1,2,-3,-4,-5,4,-3,-2,1,3,3,2,3,-4,3,5,-2,3,-4,3,3	bundled-knot-table
braid:0625bf4d6712ee67369490780d7142aaa69b9318ab799a10cfe84f28af7c9d22	2	6	-1,-2,3,-4,3,5,2,1,3,-4,3,3,3,3,-2,3,4,-5,4,3,2	bundled-knot-table
braid:0bdcd8cfb5cda07849d7e6a337d1ef9e7cbc624d57653955844b5837f553de57	2	6	-1,2,-3,4,-5,4,-3,-2,1,-3,-4,-3,5,-2,4,-3,4,-3,-3,-3,2	bundled-knot-table
braid:0c48d1b24a023d6957f0b58e8cd9c451bad8435e933c263250c289e4be526643	2	6	-1,-2,-3,4,-3,5,2,4,1,-3,4,-5,4,4,4,3,-2,-3,4,-3,2	bundled-knot-table
braid:0d22adb42703f446da9d486070b59596ad6cdcb2965c4824ca0923eb7861d9a9	2	6	-1,2,3,-4,-5,4,3,-2,1,3,3,2,3,-4,3,5,-2,3,-4,3,3	bundled-knot-table
braid:127e07d0a8d333accea6328fddd50b464c21e4f35a0fd7fb997af19af683a1b8	2	6	-1,2,3,-4,3,5,-2,1,3,-2,3,-4,3,3,2,3,-4,3,-5,4,3	bundled-knot-table
braid:133400e9461f72afcf3cb55df42250907771f379c78046461240f8ed9bc7723d	2	6	-1,-2,-3,-3,-3,4,-3,5,2,4,1,-3,4,-5,4,3,-2,-3,4,-3,2	bundled-knot-table
braid:159365f2f0139999f3237d2f0f4310b31f56e0fda62aa18cb23bf7a63528b989	2	6	-1,2,-3,-4,-5,-4,3,-2,-4,1,3,5,-2,3,-4,-4,-4,3,3,2,3	bundled-knot-table
braid:16980ddd08dcc5694d3cde9f2cefc10fc51857381bda88ff1cc75f2e62814a42	2	6	-1,-2,3,3,-4,3,2,-4,1,3,-4,5,-4,-3,-2,3,-4,3,-5,3,2	bundled-knot-table
braid:16d4941bdfdbfc2ea824f3a5b9415db4be9d715692445340b338746eac8c3573	2	6	-1,2,3,4,3,-2,1,3,2,3,-4,5,-4,3,3,-2,-4,-4,3,-4,-5	bundled-knot-table
braid:17080e2f9a503a2b9899dc3600da1b45cd81f42842407755555ff2033ddb82a6	2	6	-1,-2,-2,3,-4,3,-5,-2,4,3,-2,1,-2,3,-4,3,5,4,3,2,3	bundled-knot-table
braid:1877b26c17acf35f677cc79d8260cd4386fcb8da4dc9c2333e92fafafe25d020	2	6	-1,-2,-3,-4,-3,5,4,-3,2,1,-3,-2,-3,-4,-3,-5,2,-3,-3,4,-3	bundled-knot-table
braid:24fe59777c7158a32186ac5b7c216b7a20872994d34ffe0dbb53ece43c52e2b7	2	6	-1,2,-3,-4,5,-4,3,-2,1,3,-2,-4,3,-5,-4,3,3,2,3,3,-4	bundled-knot-table
braid:27c3bdddf6046221c54923a96d819d9c0a611350536a74af3f30b4306ecef8bb	2	6	-1,2,3,-4,3,5,-4,3,-2,1,3,2,3,-4,3,-4,-5,4,3,-2,3	bundled-knot-table
braid:2b00d611e1729f4a5a9010e3cfaa8a228c5ae9b8a7f6c2a8cb69f36516e82563	2	6	-1,-2,-3,-3,-3,4,-3,2,4,1,3,-2,-3,4,-3,5,2,4,-3,4,-5	bundled-knot-table
braid:2b7a211eeea878cd2a70b110143e929a061409ed20cdfcfe56a968119ec65c2f	2	6	-1,-2,-3,4,-5,4,-3,2,1,-3,-4,-3,5,4,-3,-3,-2,-3,4,-3,2	bundled-knot-table
braid:2c0228903c860f36f1e8d887fc178e46f73dbe45bbfabc4c59a6fe9b749033e9	2	6	-1,2,3,4,3,5,-4,3,-2,1,3,3,2,3,-4,-4,-5,-4,3,-2,3	bundled-knot-table
braid:31de1ea3b1c3fcbce5a9cddf946d46913798db39f8df3611d84707fda36cf44c	2	6	-1,2,-3,4,4,4,-5,4,3,-2,4,1,-3,5,-2,4,-3,4,-3,2,-3	bundled-knot-table
braid:333b681cd9944624b5ea971aca1f2e32190347e94f507d47a53e45b0f72d4c65	2	6	-1,2,3,4,3,-2,1,3,-2,3,-4,-3,5,-3,4,-3,-3,2,3,4,-5	bundled-knot-table
braid:3356522dd8e29f285619e6bf6d0b92bcd11a396c054343cc57fc5c6025b27768	2	6	-1,2,3,-4,-5,4,3,-2,1,3,-4,3,5,3,3,-2,3,-4,3,3,2	bundled-knot-table
braid:3413800af82d8a26831bdd7cab57e9db83f819684bf5feda87dfb8e40aad9aaf	2	6	-1,2,3,4,3,-2,1,3,-2,3,-4,5,4,3,3,2,4,3,4,3,-5	bundled-knot-table
braid:341e2cc5835f4f6cb8cb922d858e991a69f2895355ca6256f53e7f1b3172f029	2	6	-1,2,-3,4,-5,4,-3,-2,1,-3,-3,2,-3,-4,-3,5,-2,4,-3,4,-3	bundled-knot-table
braid:3423e7a4f86d5d2ee2e3db2c60d286d9da176bd934f4ca306e06de936ebd660a	2	6	-1,2,-3,-4,-5,-4,3,-2,-4,1,3,5,-4,3,3,-2,-3,4,-3,2,3	bundled-knot-table
braid:37544014b6fc8f53a0873d89129973a83b75b2f86914b57bf083a7e2b85248fa	2	6	-1,-2,-3,-4,-3,5,2,1,-3,4,4,4,-3,-2,-3,4,-5,4,-3,2,-3	bundled-knot-table
braid:39a55ec0989d884d0d011909d53afed4950fa3c04531ef7d22e152cbc14aa4f7	2	6	-1,2,-3,-4,-3,5,4,-3,-3,-2,1,-3,2,4,-3,4,-5,4,-3,-2,-3	bundled-knot-table
braid:3b0136ceb861b8a89d7c60cc1db6904cad71a0779af5a4ce1514aa8b132b56e9	2	6	-1,-2,3,-4,3,-5,4,3,2,1,3,-2,-4,5,-4,3,-4,3,3,2,3	bundled-knot-table
braid:3c0c0a12953a3babbb9fadf375a89edf9cd68700ebbd6eebfc625fc42773e59c	2	6	-1,2,3,-4,3,5,-2,1,3,-4,3,3,3,-2,3,-4,-5,4,3,3,2	bundled-knot-table
braid:3d6bc7c5eace36f1f7d335690244bc7cda54166568964734ed68eac5112b3d39	2	6	-1,2,3,4,3,3,-2,1,3,2,3,3,-4,5,-4,3,-2,-4,3,-4,-5	bundled-knot-table
braid:3e3076d6423c657b752b20268ccf1398f382060d3e736e1390d172b98f647324	2	6	-1,-2,-3,4,4,-5,4,-3,2,4,1,3,-2,-3,4,-3,5,2,4,-3,4	bundled-knot-table
braid:3fdc26617d4a980ab768f7e9cf4e97d1c014ac15fb9af0fbfb24f60dfea429dc	2	6	-1,-2,-3,4,5,-4,-4,-3,2,-4,1,-3,-4,-5,-4,3,-2,-3,4,-3,2	bundled-knot-table
braid:41f06f27ff62eb2d3dca2e405724cc191c3b387a0e25d40a9c16acb34dc7a233	2	6	-1,2,-3,-4,-5,-4,3,-2,1,3,-2,-4,5,-4,3,-4,3,3,2,3,-4	bundled-knot-table
braid:428d8508dd454ab9020a057b045d6624283c48f61ad96a5d7fdf654d295b54a2	2	6	-1,2,3,4,3,3,-2,1,3,3,2,3,-4,5,-4,3,-2,-4,-4,3,-5	bundled-knot-table
braid:4adef2449f764a75a0a60eb9a9f5840f9581dec44041757c82bb85cdaae67911	2	6	-1,2,2,-3,-4,-3,5,4,-3,2,1,-3,-2,-3,-4,-3,-5,4,-3,2,-3	bundled-knot-table
braid:4af3a1a30455f4f5b328c1b2d94e384a84126ecc49e35831d8cb68b87cae4589	2	6	-1,2,-3,4,-5,4,3,-2,1,-3,-3,-2,-3,4,-3,2,-3,4,-3,5,4	bundled-knot-table
braid:4bf6a309d696c5abbb11baccf5dc74a37ed91e342021ab551de200b858778873	2	6	-1,-2,-3,4,-3,4,-5,-4,-3,2,1,-3,4,-3,5,-3,-2,-3,4,-3,2	bundled-knot-table
braid:4d65832ac358f23a70acaf4d980e7ced40eeb1e2b8bc3fd6f2bc8b98840207a8	2	6	-1,2,3,-4,3,-5,3,4,3,-2,1,3,-2,3,-4,3,5,2,3,-4,3	bundled-knot-table
braid:4d968cbc0863957cad7dbdff727852c4ef56b0118b5edd7414a312811d417afe	2	6	-1,2,-3,4,-3,4,-3,-5,4,-3,-2,1,-3,-4,-3,5,-2,-3,4,-3,2	bundled-knot-table
braid:51b3af39dbf5ed0497a2ce31fe65b5f2573d74dc0cc17cfbb088e0187a28db0e	2	6	-1,2,3,-4,-5,4,3,-2,1,3,-4,3,5,-2,3,3,3,-4,3,3,2	bundled-knot-table
braid:5281ef2b3fb1b89b51986d24691e7c35c883162766bbb40883febd78fc68454b	2	6	-1,2,3,4,3,3,-2,1,3,2,3,3,-4,5,4,3,-2,4,3,4,-5	bundled-knot-table
braid:537fb02f4a5520ddacefc525c9d085b4189926ea0d032117df67cf7a7e8c7908	2	6	-1,2,-3,4,-5,4,3,-2,1,3,-2,4,-3,5,4,-3,2,3,-4,-4,-4	bundled-knot-table
braid:5602fb909336127fe1005c1a3b48343ea91747c599f7eeb2a6112b87cd77cdf4	2	6	-1,2,3,4,3,5,-2,1,3,-2,3,-4,3,3,2,3,-4,-5,-4,3,3	bundled-knot-table
braid:5a6203727e5d695c800cc5ceb2b7cb9cc7c4ee6a108536242a3840d4f0a03e3e	2	6	-1,-2,-3,-4,-3,5,2,1,-3,4,-3,-2,-3,4,-5,4,-3,2,-3,-3,-3	bundled-knot-table
braid:5b7e4234026e5148b515d0f76d72ae982136d2509935779ed3bf7560811342f2	2	6	-1,-2,-3,4,-3,2,4,1,4,3,4,5,4,-3,-2,4,-3,4,-3,-5,2	bundled-knot-table
braid:5dbe5167bb1fdc357b8149f59d5909d36da7e8a50c1ff459525480ed269a6573	2	6	-1,-2,3,3,-4,3,-5,3,4,3,-2,1,3,2,3,-4,3,5,4,3,-2	bundled-knot-table
braid:5f0d2e422e1488567ddef42fa1ce22deecdd7b5053ab41fdc40ae88aea426cd8	2	6	-1,-2,3,-4,-5,4,3,2,1,3,-4,3,5,-4,-3,-3,-2,-3,4,-3,2	bundled-knot-table
braid:61d07d70bef5d74eaa266375df3cab6f698616d15a70ca89dc829225a3ce51be	2	6	-1,2,-3,4,-5,4,-3,-2,1,3,3,2,-3,-4,-3,5,-2,4,-3,4,-3	bundled-knot-table
braid:6213f9f1ae9609ee6e0ce4e24fa102e83b1fbba20aa9ea9e6dea3a959a7ac273	2	6	-1,2,-3,-4,-5,-4,3,-2,1,3,3,-2,3,3,-4,5,-4,3,2,3,-4	bundled-knot-table
braid:62d3959c7af800213a935a2bfb36ebd7d6762f7172c24606a053068c9bdfc8d6	2	6	-1,2,3,-4,5,-4,-4,-3,-2,1,-3,2,-4,3,-4,-5,-4,3,-2,-3,4	bundled-knot-table
braid:62d532bb7efe4b8321c5e0e9a127621a47fb043f03ad3bff1ecf709849b3fb96	2	6	-1,2,3,-4,3,-5,-4,-3,-3,-2,1,3,2,3,4,3,5,-4,3,-2,3	bundled-knot-table
braid:644afbbf0547e729e8b2d27e44c7afafcea423a1e87a29c835df1c7a9acc92bd	2	6	-1,-2,3,-4,3,5,-4,3,3,2,1,-3,-2,-4,3,-5,3,4,3,2,-3	bundled-knot-table
braid:64890fd42643d33eee9d65e4a26b7e8f69119e70534dac935e0e57ecb3d19e4b	2	6	-1,2,3,-4,5,-4,-4,3,-2,1,3,-4,3,-2,3,-4,-5,4,3,3,2	bundled-knot-table
braid:64f1cbb8655896e31b05b57de8b4c8dbd8d77411f1c6812b8bf7fa611efc2451	2	6	-1,-2,3,-4,3,3,3,2,1,3,-4,3,-5,-2,3,4,3,2,3,-4,5	bundled-knot-table
braid:6597b64a9363463e06f04830e82dcf8e7c3f2491c109526cfc38d5968ead6f06	2	6	-1,2,-3,4,-5,4,-3,-2,1,-3,-4,5,4,4,-3,-2,4,-3,4,-3,2	bundled-knot-table
braid:68374b6d3c43fc99b3a4185f5d49512ec3a862dcd651be145164cb41ba892bde	2	6	-1,2,-3,4,-5,4,3,-2,4,1,-3,5,4,-3,-3,-2,-3,4,-3,2,-3	bundled-knot-table
braid:6871ccb5fddb588d7dd816c5b81843004f5b69d0b122678a5541570d832510b3	2	6	-1,2,3,4,5,4,-3,-2,1,-3,4,-3,-2,4,-3,4,-3,-5,2,4,4	bundled-knot-table
braid:6998e8fb9881c54a23c490d232334bfcf4606d3bbe85120ef3913c5ba60d70ac	2	6	-1,2,3,4,3,3,-2,1,3,-2,3,3,-4,5,-4,3,2,3,-4,3,-5	bundled-knot-table
braid:72e0e7b7b1a224af4232d02ad0ca2e16c9622e7ef26759074d3bd8f06f4ed816	2	6	-1,2,-3,-4,5,4,4,-3,-2,4,1,-3,2,4,-3,4,-5,4,-3,-2,-3	bundled-knot-table
braid:778d337c77916de56835ab066be94ac95e6679ce909d05d10b179da538352f07	2	6	-1,2,3,4,3,-2,1,3,3,3,-2,3,-4,5,-4,3,3,2,3,-4,-5	bundled-knot-table
braid:7913bf98696e6c2354895408ed17bb672a161625105f8a742c5e67b0c82faf31	2	6	-1,2,3,-4,-5,4,3,-2,1,3,-4,3,5,-2,3,-4,-4,-4,3,3,2	bundled-knot-table
braid:7b808de90a44e8dda4e1a3eb92f8df78c09facd0773b32c20229fcd7b550353f	2	6	-1,2,-3,-4,-5,-4,3,-2,1,3,-2,-4,-3,5,4,-3,2,3,3,3,-4	bundled-knot-table
braid:806828a4e8ab6554f067e6465dee279fca58238062c42b094522b8787f3ed9c2	2	6	-1,-2,3,4,-5,4,3,2,1,-3,-3,-2,3,-4,3,5,3,2,-3,4,-3	bundled-knot-table
braid:809d8e026d352a55209bfd9a522d4b494999bf92d41c39e684fa5a19b4046098	2	6	-1,2,-3,4,-3,-5,-4,-3,-2,1,3,-2,3,4,3,5,3,2,3,4,4	bundled-knot-table
braid:8179d05d27fc6b79477efda9ea39d5b161f0499ea1f63846846a9193d674ce7f	2	6	-1,2,-3,-4,-5,-4,3,-2,-4,1,5,-4,3,3,2,3,-4,3,-2,3,-4	bundled-knot-table
braid:845a95c7f188be349df052f41544dde2ba83eaca9b3c93e7832cee8642f12ee0	2	6	-1,2,3,4,3,5,-4,3,-2,1,3,3,-2,-4,-4,3,-5,-4,3,2,3	bundled-knot-table
braid:85d85c6b4b03f5a38bbb3a6fef4df826f6000278c957c088b5939f86e16cb0a7	2	6	-1,-2,-3,4,4,4,-3,5,2,4,1,-3,4,-5,4,3,-2,-3,4,-3,2	bundled-knot-table
braid:8b4e174cfaec52fa53be1c3775f0acdc833a874a600a451b2baaa041576facea	2	6	-1,2,-3,4,-3,-5,-4,-3,-2,1,-3,-2,3,4,3,5,3,2,-3,4,4	bundled-knot-table
braid:8b849eba8db3493740e1ee785feee175df6dacc2137b33aecfc0c9e509917b1a	2	6	-1,2,3,-4,3,-5,-4,3,3,-2,1,3,2,3,4,3,5,-4,3,-2,3	bundled-knot-table
braid:908a6c841d6c19c06f59585d38b94586b0c80124e5321aff566b939dd14c11bd	2	6	-1,-2,-3,-4,-5,4,-3,2,1,-3,-4,3,5,-4,-3,-3,-2,-3,4,-3,2	bundled-knot-table
braid:9a318863770351503b89e3f4fed3f6c4998f884b3de888ff0c5e371784222b8e	2	6	-1,2,3,4,3,-2,1,3,-2,3,-4,5,-4,3,3,2,3,-4,3,-5,3	bundled-knot-table
braid:9bce8eb0723534bdef4d426710a900fb47445f6a9144f1aa119d132dc829e596	2	6	-1,-2,3,-4,-5,4,3,2,1,3,3,-2,3,-4,3,5,3,2,3,-4,3	bundled-knot-table
braid:9ee2d72d89ea07056bfe797a1d269d0c0135618c1349c9fb7414e90c295785e9	2	6	-1,2,3,4,3,-2,1,3,-2,3,-4,5,-4,-4,-4,3,3,2,3,-4,-5	bundled-knot-table
braid:9f9c50f38d34d79eb627568cc136dd554b727f3bf7b0ef6c147930ea55b8f1aa	2	6	-1,2,3,-4,5,-4,-4,-3,-2,-4,1,3,3,2,3,-4,3,-5,-2,3,-4	bundled-knot-table
braid:a003ef1c7320909a7519fb6da126423d4f9f79a0eb6d583a75dfe20448aa5c61	2	6	-1,2,3,4,3,-2,1,3,-2,3,-4,5,-4,3,3,2,-4,3,-4,3,-5	bundled-knot-table
braid:a0a33dd678601705ebf4d2dc494b2bedc5cee614fe5e0b08967b59774c173398	2	6	-1,-2,3,-4,-5,-4,3,2,1,3,4,3,5,3,-2,3,3,-4,-4,3,2	bundled-knot-table
braid:a117f8fd34c2b883a8b5884c48d54e452b67dadc131b6eac3023f9fa016f776a	2	6	-1,2,3,4,-5,4,-3,-2,4,1,-3,-2,4,-3,4,-3,2,-3,4,5,4	bundled-knot-table
braid:a18c0b1e97ed5d8e2bb936743ac7b08a66be638ce3c1efe1964f8219abc825a7	2	6	-1,-2,-3,4,-3,2,4,1,5,4,3,4,-5,4,-3,-2,4,-3,4,-3,2	bundled-knot-table
braid:a1b79134cc38df6b1a1bda7b1ad628f7efa99cc2aae68faf56800542f9fdefb5	2	6	-1,2,-3,4,-5,4,-3,-2,1,-3,-4,-3,5,-2,-3,-3,4,-3,4,-3,2	bundled-knot-table
braid:a2c5ef3601f28e190963c409305bb1e2ea5766e05beb2df3a97d4c4804e0352c	2	6	-1,2,3,4,3,5,-4,3,-2,1,3,3,2,-3,-4,-4,-5,-4,-3,-2,3	bundled-knot-table
braid:a3c77965e1b1ade378ef19c219715e698e9935ced64d8671f0c9bf7a39365989	2	6	-1,-2,3,-4,3,-5,-4,3,2,-4,1,-3,-2,-3,4,-3,5,2,4,3,-4	bundled-knot-table
braid:a49d5052ef08ad94d5595be9cb5126e38ef386e1b230d57a3d16ada7d7bad3b6	2	6	-1,-2,-3,-3,4,-3,-5,4,-3,2,4,1,-3,-2,-3,4,-3,5,2,4,3	bundled-knot-table
braid:a6166852cdbd12773a7866fe8663f23794a1ae360281e3a810b7b2c86f77daa9	2	6	-1,2,3,4,3,-2,1,3,-2,3,-4,3,5,3,-4,3,3,2,3,-4,-5	bundled-knot-table
braid:a74899b251976a0c19c81379c68212570b3fd25bef7d501186ea3d69454986e6	2	6	-1,-2,3,-2,3,-4,3,-5,-2,4,1,3,2,3,-4,3,5,4,3,-2,3	bundled-knot-table
braid:ac702320f915a3e7c1d88dc6d400fd21b8c056c2241d185b4d8704e503ad1f2a	2	6	-1,-2,-3,4,-3,2,4,1,-3,-2,4,-3,4,-3,5,2,4,4,3,4,-5	bundled-knot-table
braid:adfed92ba599a5fa455e89f3421406180e31083b778c4ae4d53b54731c57f127	2	6	-1,2,-3,4,-3,-2,1,-3,-4,-3,-5,-3,4,-3,-2,-3,-4,-3,5,-3,2	bundled-knot-table
braid:ae3bb32ca59d2b98d0f337efe30bb178cb3ace3be40c792262b473b28b1b56ca	2	6	-1,2,3,3,-4,3,5,-2,-4,1,-4,3,-2,3,-4,-5,4,3,3,2,3	bundled-knot-table
braid:b102587ee81046da65d3e3ced1af6415b02983276a55184ae649956d39e9745c	2	6	-1,2,-3,4,-3,-3,-2,1,-3,2,-3,-3,-4,-5,4,-3,-2,-3,-4,-3,5	bundled-knot-table
braid:b1b51af0c68e3b7f9caa15e9eb952fd8ecbee97b060ce802a9569078d78fd597	2	6	-1,2,-3,4,-5,4,3,-2,4,1,-3,5,-2,4,-3,4,-3,2,-3,-3,-3	bundled-knot-table
braid:b2735369c8cd1d3443811ea841ef33679e613d237030f85609275764da5a908b	2	6	-1,-2,-3,-4,-3,5,2,4,1,-3,-2,4,4,4,3,-5,3,4,3,2,-3	bundled-knot-table
braid:b290a28e2babdfd90c7d5a58140c32beeceecf7d0a7c9ef9734d944aea2afc04	2	6	-1,-2,3,-4,3,5,-4,3,2,1,-3,-2,-4,3,3,-4,-5,4,3,2,-3	bundled-knot-table
braid:b2d8fa9aa59e75319f77ffdd8c2a332985791949d443151de26a9592e1b81851	2	6	-1,2,-3,-4,-5,-4,3,-2,-4,1,3,5,3,3,-2,3,-4,3,3,2,3	bundled-knot-table
braid:b5159e07ab5030f97c369414d3d5d17ebd35df117a10decbb376d03c54f577cf	2	6	-1,-2,-3,-3,-3,4,-3,5,2,-4,1,-3,-4,-5,-4,3,-2,-3,4,-3,2	bundled-knot-table
braid:b774ba5004c387f2b64413b41188e7fdf7f52218481f68dca4e69fe974c00b5c	2	6	-1,2,3,4,3,5,3,-2,-4,1,3,2,-4,3,-4,3,-5,3,-2,-4,3	bundled-knot-table
braid:b80dad55100d126519f8811ec81955eabefee433bd11ed9540ee6134ec035412	2	6	-1,-2,-3,-4,-3,5,4,-3,2,1,-3,-2,4,3,3,4,-5,4,3,2,-3	bundled-knot-table
braid:ba5045b6a988e826a3508dd0e825693bf50f5db58d741274a28a7931908c360b	2	6	-1,2,-3,4,-5,4,-3,-2,1,-3,-3,-3,-4,-3,5,-2,4,-3,4,-3,2	bundled-knot-table
braid:bbf609499af8c06afea66346478bf24a0b210025c480f22448d260398ae10cca	2	6	-1,2,3,3,3,-4,3,5,-2,4,1,3,2,4,3,4,-5,4,3,-2,3	bundled-knot-table
braid:bd358d59a64ac8011fa06814e9fa73ba678f6931b19d08d276933e0805f4285d	2	6	-1,-2,-3,4,-3,4,-5,4,-3,2,4,1,-3,-2,-3,4,-3,5,2,4,3	bundled-knot-table
braid:bfd61ba954a69d6a2ab4bbae13d2253f8ea483ddab991234cbb6fcab491a896f	2	6	-1,-2,3,-4,3,2,1,3,4,3,-5,3,3,4,3,-2,3,-4,3,5,2	bundled-knot-table
braid:c7f8f6cc2fc4f72b322e365d7f49e118ece7629b3cf5c0fdb8e3546747d8abca	2	6	-1,2,-3,-4,5,-4,3,-2,1,3,-4,3,-5,3,-2,3,3,-4,-4,3,2	bundled-knot-table
braid:ca57c1a39745931bb6a76ddeb8df546ec4525f017eeccf20eafdaed857a2dfc5	2	6	-1,2,-3,4,-5,4,-3,-2,1,-3,-4,-3,5,-2,4,4,4,-3,4,-3,2	bundled-knot-table
braid:cd60343947f06012f3132d7cfe899b37745cba5a6e80a621dd8f1affdee1e219	2	6	-1,-2,-3,-4,-3,5,2,4,1,-3,-2,4,3,-5,3,4,3,2,-3,-3,-3	bundled-knot-table
braid:cffa2ba73e8d8e86d136339dff17b317c25f8d6d1ed9a83b9139c7729af5db2d	2	6	-1,2,3,-4,5,-4,-3,-2,-4,1,3,-2,4,-3,4,-3,-5,2,3,-4,-4	bundled-knot-table
braid:d1a983b6e587ae3f01fc45ad7b4d43de3cd4a3356c5421f0cd354f0b507205b1	2	6	-1,-2,3,4,-5,4,3,2,1,3,-4,-3,5,4,-3,-3,-2,-3,4,-3,2	bundled-knot-table
braid:d2465c9b255672f83bed35c7a90b462df948198e2b927c6716baa8e78209fa31	2	6	-1,2,3,-4,5,4,4,3,-2,4,1,3,2,4,3,4,-5,4,3,-2,3	bundled-knot-table
braid:d35c50037c97c298a753de1e0278deb36b16ef22ed960b53799885a953ee1001	2	6	-1,2,3,4,-5,4,3,-2,1,3,3,2,3,-4,3,5,-2,4,-3,4,-3	bundled-knot-table
braid:d78eb2381c99ed503e3c3b204cb34512a7a3c68b43523ade0efead968e8a8446	2	6	-1,2,3,-4,5,-4,3,-2,1,3,-2,3,3,-4,-4,3,-5,2,3,4,3	bundled-knot-table
braid:d8dcc66b7d67d55de021d050fd7656e2781482567fcc6fb6c958d96a558f4947	2	6	-1,2,3,4,3,3,3,-2,1,3,-2,3,-4,5,-4,3,3,2,3,-4,-5	bundled-knot-table
braid:dc73005d9ab70065c45a6ad3923b0f1a307c432ab72daef1ea4ea9f3a665e37b	2	6	-1,-2,-3,-4,-3,2,1,-3,-3,4,-5,4,-3,-3,-3,-2,-3,-4,-3,5,2	bundled-knot-table
braid:df54abe988f8f2c4dfd5678fa20ce1d6a300855df968d7ab5aafe3c8f5785bb5	2	6	-1,2,-3,-4,5,-4,3,-2,-4,1,-5,-4,3,-2,4,-3,4,-3,2,3,-4	bundled-knot-table
braid:e1c30a469c88bb8e01915b0f83b207bcd2fc95e6600365a1abd79f38a82789e0	2	6	-1,-2,-3,-4,-3,5,2,4,1,-3,-3,-2,-3,4,-3,2,-3,4,-5,4,-3	bundled-knot-table
braid:e41e880326e76d08a6a16c0d808f1d079e252f13a622ee586e43949b7b7bb453	2	6	-1,-2,3,-4,-5,4,3,2,1,3,-4,3,5,-4,3,3,-2,-3,4,-3,2	bundled-knot-table
braid:e4d6a98d7e2b013fdc4d44fd6705a42ca0d4550a29093c4701a839e780006822	2	6	-1,2,3,4,3,2,2,1,3,-2,3,-4,3,5,-4,3,2,3,4,3,-5	bundled-knot-table
braid:e4e23e78c05f790da47b6bb21c824d2be7fbc5c9e4ab7a407747786a2823e876	2	6	-1,2,3,4,3,5,3,3,-2,-4,1,3,2,3,-4,3,-5,-4,3,-2,3	bundled-knot-table
braid:e5a46374cc87f261badc98b56ea2a9f8e1f82e9586d46d51c272c3ec38fbd3b2	2	6	-1,2,3,-4,-3,5,4,-3,-2,1,3,-2,-3,4,-3,2,3,4,-5,4,3	bundled-knot-table
braid:e608ebcb15e9a52164047f3aa37c44526f05b2752deb47a0747cad510004dc7b	2	6	-1,-2,3,-4,3,5,4,3,2,1,-3,-2,4,3,3,4,-5,4,3,2,-3	bundled-knot-table
braid:e6fee364a6679534b37ec0f2d9512281350093e2d9241f07a648e5b8c8cbda1d	2	6	-1,-2,3,3,3,4,3,5,-4,3,2,1,3,-2,3,4,3,-5,2,-4,3	bundled-knot-table
braid:e9b518b41aed185f0ee68daaa24f0da7eb078adb4c14be19c80211200b7af671	2	6	-1,-2,-3,4,5,4,4,-3,2,4,1,-3,4,-5,4,3,-2,-3,4,-3,2	bundled-knot-table
braid:eb9e45f2cab97b4567b0c4ecd52266e9b667ac52024a3c3871b10f7a3b8ee558	2	6	-1,2,-3,-4,-5,-4,3,-2,-4,1,-4,3,-2,-4,-3,5,4,-3,2,3,-4	bundled-knot-table
braid:ee276d1d22cd44149a622a69c2e225ae269394e4038eb4d14168f1c71fec9672	2	6	-1,-2,-3,4,-3,4,-5,4,-3,2,1,-3,-2,-4,-3,5,4,-3,2,-3,-3	bundled-knot-table
braid:f08cf2fc8141baa247961cc4d5a358acb58955d8f32998972c80da6cab161f0d	2	6	-1,2,3,-4,-5,4,3,-2,1,3,-4,3,5,-2,3,-4,3,3,3,3,2	bundled-knot-table
braid:f479fd73b9415adef23627495ae98a95241f1d1037d8fdcba8f04cf9e9b4aeb5	2	6	-1,2,-3,2,3,-4,3,-5,-2,4,1,3,2,3,-4,3,5,4,3,-2,3	bundled-knot-table
braid:f54e0226b2e7144ff122a4d6c149cd3b638b6021297ec2cc22eb77322b270758	2	6	-1,-2,-3,4,4,4,-3,5,2,-4,1,-3,-4,-5,-4,3,-2,-3,4,-3,2	bundled-knot-table
braid:f67c1d729c57e01b5ebec63a1b16af1d9741b5affc5464d3c4b645df17ebffe1	2	6	-1,2,-3,4,-5,4,-3,-2,1,-3,-4,-3,5,-2,4,-3,4,4,4,-3,2	bundled-knot-table
braid:f8e11c34cca894872baca7bdb209263b84bccfc9465a8cc114172581295e52f3	2	6	-1,2,-3,2,-3,-4,3,-5,2,4,1,3,2,3,-4,3,5,4,3,-2,-3	bundled-knot-table
braid:fc1d983e5f632263c6389648be60e9dcebe976e30f804f78a345ac8081178387	2	6	-1,-2,-3,4,-5,4,-3,2,1,-3,-4,-3,5,4,3,3,-2,-3,4,-3,2	bundled-knot-table
braid:fc4557d84e96be8df8fe54fb2eae0603e108dbb062138a103787d58ee00aa1bb	2	6	-1,2,-3,-3,-3,-4,-3,5,-2,4,1,-3,2,4,-3,4,-5,4,-3,-2,-3	bundled-knot-table
braid:fcfa8792b2bd2d17d87cdfd017a9f9b4f10f206ff2bf7132c0930119597d87d4	2	6	-1,-2,-3,-4,-3,5,2,1,-3,4,-3,-2,4,-3,4,-3,-5,2,-3,4,-3	bundled-knot-table
braid:1d3a3d98db0ac8e973d8b1fd4b023dec872872167c1f804a1c5a39bbc30e7aa7	2	6	-1,-2,3,4,3,-5,-4,3,2,1,3,3,-2,3,4,3,5,3,-4,3,3,2,3	bundled-knot-table
braid:252a8b15fc1bd8ddf726bcb672dc7f6266974f91f365adf28d92454b0c4343f1	2	6	-1,-2,-3,-2,-4,3,-5,2,4,-3,2,1,2,2,-3,-4,-3,5,-2,4,-2,3,-2	bundled-knot-table
braid:2fcbc25d113eea52d6373d7bb080046aa6adf00bc336c40e447f4ceec7071c17	2	6	-1,2,3,2,4,2,5,-3,-4,-3,2,2,1,2,3,2,4,-3,-5,2,-4,-3,2	bundled-knot-table
braid:320f0fbeded6117e9f6cc025ce9d4bae341e29442411deb44a7ceeef46ef2a8a	2	6	-1,2,3,2,4,2,5,-3,2,4,-3,2,-3,2,-4,1,-5,2,3,2,-4,-3,2	bundled-knot-table
braid:4ad9bdccc12f2eafaddee918cd1f5c4d9f2ae1601e948d247a3718de95504d34	2	6	-1,-2,3,-4,3,3,3,2,1,3,4,3,-5,3,-4,3,-2,3,4,3,5,2,3	bundled-knot-table
braid:510522eae829bb3a6593c4bced26db2b5beda3e402e35fc532dee6dc6094f92d	2	6	-1,-2,3,-4,3,2,1,3,4,-5,4,3,3,-2,3,-4,3,5,3,3,3,3,2	bundled-knot-table
braid:54d411c1b83fa38cd189fefc22ff715ecd6982b61eaacb75bbb1103190fd205c	2	6	-1,2,-3,-2,-4,3,2,1,2,2,-3,-2,4,-5,4,3,-2,3,-2,-4,3,5,2	bundled-knot-table
braid:59a11093828cac002929e3967ac9128fb30c8683e69212b931b2593df9ce03ed	2	6	-1,2,2,3,2,-4,-3,-5,2,4,1,-3,2,-3,-4,3,5,2,4,-3,2,2,2	bundled-knot-table
braid:5ec9f1394e505c10300a8c1fb7405dd584e80139686ec42c547a710a87afc3b0	2	6	-1,-2,3,-4,3,5,3,3,-4,3,2,1,3,3,-2,3,4,3,-5,2,3,4,3	bundled-knot-table
braid:665df3298562ab8b0fc6fc9dd7b822f8d14f5f584e4640dc11c5db47769a9355	2	6	-1,-2,3,2,4,2,5,-3,-4,-3,2,2,1,2,3,2,4,-3,-5,2,-4,-3,-2	bundled-knot-table
braid:6df727196fddeb3ca105e0ed5777f610d799127e6e62695048453d7e58e0a5a4	2	6	-1,2,-3,2,4,-3,5,-4,-3,2,2,2,2,1,2,3,2,4,-3,-5,-4,3,2	bundled-knot-table
braid:73a7ccdf6d3e64df137843886509458fdb3ca2a5f9521bc6a862170bb53cfabd	2	6	-1,2,3,4,3,3,-2,1,3,-4,3,5,3,3,-4,3,-2,3,4,3,-5,2,3	bundled-knot-table
braid:7827fabf2064a9efa5abb3d68d3165e1f79dafc6aca7b2339109e2b8358c25c7	2	6	-1,-2,3,3,4,3,-5,3,-4,3,2,1,3,-2,3,4,3,5,-4,3,3,2,3	bundled-knot-table
braid:7cba2dc9816bfb86c7c095fbbad2eec60fe61fa9dfcb350361945b459f613754	2	6	-1,-2,-3,-2,-4,3,2,1,2,2,-3,-2,4,-5,4,3,-2,3,-2,-4,3,5,-2	bundled-knot-table
braid:7df2111973cf9493ac578410135448ee7e95baec62ece2ee04eb840838ee5d4d	2	6	-1,-2,3,-4,3,2,1,3,4,-5,4,3,3,3,3,-2,3,-4,3,5,3,3,2	bundled-knot-table
braid:82bc0aab84468ce335f1a17d036917c1a4bb4b3688f871db90a924f0141924d7	2	6	-1,-2,3,-4,3,2,1,3,-2,3,3,4,3,-5,4,3,2,3,3,-4,3,5,3	bundled-knot-table
braid:830ad604207661500ab51c6c261f354d3c5d7c1cb8a9dd98f16f5a1228ade748	2	6	-1,2,3,4,3,-5,4,3,-2,1,3,3,2,3,-4,3,5,-2,3,-4,3,3,3	bundled-knot-table
braid:8a2b721c91ac1da072e25166503e19064b2a054a9cd7354d10418e98da8e148f	2	6	-1,2,3,3,-4,3,5,3,3,-2,1,3,-4,3,-2,3,4,3,-5,2,3,4,3	bundled-knot-table
braid:8ed54690dfd41b74dd80b296d7ec43eaaa5ff9e1b282022a49cf6d9248e38f79	2	6	-1,2,3,4,3,3,-2,1,3,-4,3,5,-4,3,-2,3,3,3,4,3,-5,2,3	bundled-knot-table
braid:9892d354132050a4cdbb7bd804531c379390695f6d8d43fd2ecb0b28008c082c	2	6	-1,-2,3,-4,3,5,-4,3,3,3,2,1,3,4,3,-5,3,-2,3,4,3,3,2	bundled-knot-table
braid:9b97268a70233031025deea9639761c1ff4712f88ad3fd570a9513075bef266d	2	6	-1,2,3,-4,3,5,-4,3,3,3,-2,1,3,3,3,4,3,-5,-2,3,4,3,2	bundled-knot-table
braid:9d817deaae4aca621cd6a13dceb4c6fbc0212fcc67890533edf6da4b54195db6	2	6	-1,-2,3,-4,3,5,-4,3,3,3,2,1,3,3,-2,3,4,3,-5,2,3,4,3	bundled-knot-table
braid:a194ca6ead392739706da5f5866e6a469c2dc77215435a45c09320d8cdb3e89e	2	6	-1,-2,3,-4,3,5,-4,3,2,1,3,3,3,3,-2,3,4,3,-5,2,3,4,3	bundled-knot-table
braid:a9037653be8cdca75e33893e28368f0447d18551826748a58646a7dce6a02e01	2	6	-1,-2,3,-4,3,5,3,3,-4,3,2,1,3,4,3,-5,3,-2,3,4,3,3,2	bundled-knot-table
braid:b6b86e8aee1f41e95110635dc2a6c5664837cbfa2df3d1b78f5d2636cd06cb2f	2	6	-1,-2,-3,-2,-4,3,-5,2,4,-3,2,1,-2,-2,-3,-4,-3,5,-2,4,-2,3,-2	bundled-knot-table
braid:bb6cf5e5fde8a243c0b725f3b08f0964bea5dfe7e429057a69ed13614b4f3c06	2	6	-1,-2,3,2,4,2,5,-3,2,4,-3,2,-3,2,-4,1,-5,2,3,2,-4,-3,-2	bundled-knot-table
braid:c21340f157d6492d1707f79693c55e0116cf6aa3a978ae9c7edf9496fd019c46	2	6	-1,2,3,4,3,3,3,3,-2,1,3,-4,3,5,-4,3,-2,3,4,3,-5,2,3	bundled-knot-table
braid:c5d1de1c072e545774d78cfbfd26b3cc9f4329e765188a7269abc6f8403ca695	2	6	-1,2,-3,-2,4,-2,-5,-2,3,2,4,1,-3,2,-3,-4,-3,5,-2,-4,-2,3,2	bundled-knot-table
braid:c95582f9bf69a2791410e22c118b05c1e9d50954f1def43fc6c9667e834ae408	2	6	-1,-2,3,4,3,3,3,3,3,2,1,3,-2,-4,3,-5,4,3,2,3,-4,3,5	bundled-knot-table
braid:ca2e40e983b0e0edfff0207c46a6992ea602e9884b7872b1541e9a4d778493e5	2	6	-1,-2,3,-4,3,2,1,3,4,3,-5,3,3,3,-4,3,-2,3,4,3,5,2,3	bundled-knot-table
braid:cb511b74ad102162c2e5c3973461274229fa2022f31f3b8cedb69554f3b3af49	2	6	-1,2,3,4,3,-5,3,-4,3,3,-2,1,3,-2,3,4,3,5,2,3,3,-4,3	bundled-knot-table
braid:d19e26cf272a29710bb6dc8d1686563495c603aefa46698b14bc93f96b49bf6d	2	6	-1,-2,3,-4,3,5,-4,3,2,1,3,4,3,-5,3,3,3,-2,3,4,3,3,2	bundled-knot-table
braid:dadff5181d009907b58a34ba7720503a6611404dcda4b34d71c9554a78dbe2fd	2	6	-1,-2,3,-4,3,2,1,3,4,-5,4,3,3,3,3,3,3,-2,3,-4,3,5,2	bundled-knot-table
braid:daed900ae4ae5a9b898e8ba530bcce8602c519b8e089888424ff75c4dbdc3043	2	6	-1,-2,3,4,3,3,3,2,1,3,-2,-4,3,-5,4,3,3,3,2,3,-4,3,5	bundled-knot-table
braid:dfc0a09a6f3d2c41de92a27134ac2f08e64fe07e7ab4905d627edb9f55ae0750	2	6	-1,-2,3,-4,3,3,3,2,1,3,4,-5,4,3,3,-2,3,-4,3,5,3,3,2	bundled-knot-table
braid:e672b9998671048d5019adc8093a1388a67b8b57d51fbe77d6b66f9b75bb382c	2	6	-1,2,-3,-2,-4,3,-5,2,4,-3,2,1,2,2,-3,-4,-3,5,-2,4,-2,3,2	bundled-knot-table
braid:fa84e698cda861161e5f3da974dc738b2baa1a1d9ee0e149b559224b302e812f	2	6	-1,2,3,-2,4,-2,5,-3,-4,-3,2,2,1,2,3,2,4,-3,-5,2,-4,-3,2	bundled-knot-table
braid:00264325097d190823d1c54744a7cb29478a3ae81450df20196f130aaadba059	2	6	-1,2,3,-4,-4,-5,-4,-3,-2,-4,1,-3,-2,4,3,4,5,4,4,-3,2,4,4,3,-4	bundled-knot-table
braid:1e8af79ff9c189d0aeca8ee9accc7f774e6dd09db7dd761dcb830350a23d4aaf	2	6	-1,2,3,4,4,-5,4,-3,-2,4,1,-3,-2,4,3,4,5,4,4,-3,2,4,4,3,4	bundled-knot-table
braid:26ef938caba26be7719eccb9cee39a332bce9668a2cf4e902c0d16b825725d9a	2	6	-1,2,-3,4,-5,4,3,-2,4,1,4,3,2,-4,-4,-3,4,4,5,4,3,-2,-4,-3,4	bundled-knot-table
braid:43f18942bb0daec297a3f3e0578763cfeade96481bf6908589b12f5e111dd62f	2	6	-1,2,3,4,4,-5,4,-3,-2,-4,1,-3,-2,4,3,4,5,4,4,-3,2,4,4,3,-4	bundled-knot-table
braid:785ee4c46d34fcdec768d7679c67ec043372e438fc1b899dddc6f4bd0ecbb986	2	6	-1,2,-3,-4,-5,-4,3,-2,4,1,4,3,2,-4,-4,-3,4,4,5,4,3,-2,-4,-3,4	bundled-knot-table
braid:ae9ad735908c1523400c310f223031d966eadb07627cd777aeb8d5cee92a53e1	2	6	-1,2,-3,-4,-5,-4,3,-2,-4,1,-4,3,2,-4,-4,-3,4,4,5,4,3,-2,-4,-3,-4	bundled-knot-table
braid:0bdf6ad1ba106b12eefbcfd175a904902e4a43417fcd67219e6df7de60d37538	2	7	-1,-2,3,-2,-4,1,-4,3,5,2,-4,-3,5,-4,-6,5,-4,3,-2,-4,-5,6	bundled-knot-table
braid:0e4f267ab5abeeeaa060a715252c220d5f1690199670827ab21315b357f69c64	2	7	-1,-2,3,-2,-4,1,5,-4,-6,3,2,-4,-4,3,5,-4,5,6,5,4,-3,-2	bundled-knot-table
braid:1a1ecdc9360b5ebfe00dac96c3d746b7faee73bf3e9a8dfa195bd5d958582d38	2	7	-1,-2,3,-2,-4,1,3,2,-4,3,5,-4,-6,5,-4,-3,-2,-4,-5,6,5,-4	bundled-knot-table
braid:3b7d238b580ca5056b5b5ca96e561978c64c6678e22d36c94b851d54c51dd5ee	2	7	-1,-2,3,-2,-4,1,-5,6,5,-4,3,2,-4,-4,3,5,-4,-6,5,-4,-3,-2	bundled-knot-table
braid:6687b5b582e5627840cd2cd80a44449e00b53407ab3372cb67eba690b15f9be9	2	7	-1,-2,3,-2,-4,1,3,-5,2,-4,6,5,-4,5,-4,-6,3,-4,5,-4,-3,-2	bundled-knot-table
braid:764d6c0de095576dd521cfb56860d0ff0e4aec4e2293ca09d0d0336497eaea68	2	7	-1,-2,3,-2,-4,1,-4,3,5,2,-4,-3,5,4,-6,5,4,3,-2,4,-5,6	bundled-knot-table
braid:ad02fae4cc580075902059c77231fac86333256f414c9b65dc6dad7ec01ac956	2	7	-1,-2,3,-2,-4,1,-4,3,-5,2,4,-6,5,4,3,4,-5,6,-5,4,-3,-2	bundled-knot-table
braid:aebc67153c928d7217613bb73ad41aa5f6d026d7b2f5a0d2f3ff2118bfb0a0d1	2	7	-1,-2,3,-2,-4,1,-4,3,-5,2,4,-6,5,-4,3,-4,-5,6,-5,-4,-3,-2	bundled-knot-table
braid:c7d9f32aec22d101efe235d681f4fe18721dafdb9161f825e8907deb4657939b	2	7	-1,-2,3,-2,-4,1,3,2,-4,3,5,-4,5,6,5,4,-3,-2,-4,5,-4,-6	bundled-knot-table
braid:06d88ce2e87393849ce2a07958dc43288059ec65e61041611bd5ae239b31ba97	2	7	-1,2,3,2,4,1,3,5,2,-4,-6,-5,4,-3,2,4,-3,5,-4,6,-5,-4,-3,2	bundled-knot-table
braid:092c54bb475e370e5bd491a67e3f7e996f63fe5a795297fee31069375e7c8b65	2	7	-1,2,-3,-4,-3,5,2,-6,1,5,-4,3,-4,-5,4,6,-3,-2,-3,4,-5,4,-3,2	bundled-knot-table
braid:0ed3e7f9cff183a00e1d624d27eebfe0b4ad1f82b5a1f01fbb684af618edc017	2	7	-1,-2,-3,4,3,5,-4,-6,3,5,-2,-4,1,3,-4,-5,-4,6,3,-5,-2,-4,3,-2	bundled-knot-table
braid:11ba006b26d9326d3c73987e3f324ac8b706c3eb4f65bbc9625e32a7390cdc36	2	7	-1,-2,3,-4,5,-6,5,-4,3,-2,-4,1,-5,-4,6,3,-2,-4,3,-5,4,3,2,3	bundled-knot-table
braid:1399fef8ac815c4391598968cf5ce887d1b629174b1195706c7ff6d00ad792b2	2	7	-1,-2,3,-4,5,-6,5,-4,3,-2,-4,-2,-5,1,3,6,2,-4,-3,-4,-5,-4,3,-2	bundled-knot-table
braid:15482768ed115a9796a88327c4d9636ff6a76ee8d87a94a4dfcb9c5ac3995703	2	7	-1,2,3,-4,3,-5,-2,4,1,3,2,3,-4,5,-6,5,-4,3,-2,-4,-5,-4,6,3	bundled-knot-table
braid:1b5de2991652bc4a1caea0a90d48a0dad8dd614794c3a1c9163da33efabe6288	2	7	-1,2,-3,4,-3,5,-3,6,-2,4,1,-3,-5,2,4,-3,-5,4,-6,-3,-5,-2,-4,-3	bundled-knot-table
braid:1ff1152d58b602230cd626af4aa1bb9fb04a5c25ad710fb44f0ba5dec1e6bcdd	2	7	-1,-2,3,-4,5,-4,-6,5,-4,3,-2,-4,-2,-5,1,3,6,2,-4,3,-5,4,3,-2	bundled-knot-table
braid:25fdb742588481eefa20843c61596eebca7e0ee87a3ba16cd05da6d72c3e070a	2	7	-1,-2,3,-4,3,-5,-4,6,-5,-4,-3,-2,1,-2,3,-2,4,-2,5,3,-6,-4,5,-4	bundled-knot-table
braid:27283e0258bfa4ae357db3c4e21ee6e4224a4bd5163869354c2cb6c3364b8594	2	7	-1,-2,-3,-2,4,3,5,-4,-6,3,-5,-2,-4,1,-2,3,-4,5,-4,6,-5,-4,3,-2	bundled-knot-table
braid:317da8444c338b390bf2452754811c048578ab022a1282e235bfaf7f12885474	2	7	-1,2,-3,4,-3,2,1,-3,2,4,-5,4,6,-3,4,-5,4,3,-2,-3,4,5,-6,5	bundled-knot-table
braid:3e9124378a66c94efe7fe8acf4aa1ccf99e47e4cbea2303ac507a7a9e175cd08	2	7	-1,-2,-3,-2,4,3,5,-4,-6,5,-4,3,-2,-4,1,-5,-2,6,3,-4,-5,-4,3,-2	bundled-knot-table
braid:3f271bc4302b2160541b90d3ffdfcd36c308de17ddcc8ae944c7e510a81018d7	2	7	-1,-2,3,-4,3,5,-2,-4,6,1,3,-4,-5,-4,3,-2,3,-4,5,-6,-5,4,3,2	bundled-knot-table
braid:40174011f96af4c9587340237542af1ff59c1de39c8fff1f094d2a8b7a34d8fd	2	7	-1,-2,3,-2,1,-2,3,4,3,5,-4,6,-5,4,3,-2,3,-4,3,5,-4,-6,-5,-4	bundled-knot-table
braid:4445bf8e55576e777a7d340eafc5fa74de39b3553c6c24b1a37f4ba55c61f81d	2	7	-1,-2,3,-2,-4,3,5,-2,-6,1,5,-4,3,2,-4,-5,-4,6,-3,-4,-5,-4,3,-2	bundled-knot-table
braid:45743c7e84ddd859898018ce71324a8e8479595a33edbfd0896fac3d5c207565	2	7	-1,-2,-3,4,-3,-5,-6,-5,4,-3,2,1,-3,-2,-3,-4,5,4,6,-3,-5,2,4,-3	bundled-knot-table
braid:4940edfd3328ba96b173721d5f3c20f127d468d0f52fbac712a474df89070dea	2	7	-1,2,-3,4,-3,5,4,-6,-3,5,2,-4,1,3,-4,-5,4,6,-3,-5,2,-4,3,2	bundled-knot-table
braid:4c9fa9a3dc863d8e38141ee4a705e50160d3d80ee4e96e38b335c8dc346f3a4f	2	7	-1,-2,3,4,3,2,1,3,-2,3,-4,5,4,6,3,-5,2,4,3,-5,4,-5,-6,-5	bundled-knot-table
braid:4e57b5fc2d238a331e14ff1107fa724f49134fd9c3e1e6afa70b6ff59bd9b878	2	7	-1,-2,3,-4,3,5,-2,-4,1,-2,3,-4,-5,4,6,3,5,-4,3,-2,3,4,-5,-6	bundled-knot-table
braid:4e5db871ed445cc9996a0bf5ea6bfbd76fb1727b5488bdca969bf37e06d66268	2	7	-1,2,-3,-4,5,-4,6,-5,-4,3,-2,-4,1,3,5,2,-4,-6,3,-5,-4,3,-2,3	bundled-knot-table
braid:5525e5537f29c6658d6b3dc5a226edc0e9d2b2edae94dd8eb2769b2de5f43d12	2	7	-1,-2,3,-4,-5,-4,3,-2,1,3,-4,5,-6,-5,4,3,-2,3,-4,3,5,2,-4,6	bundled-knot-table
braid:664efc93b047613bfbe99aa308b8fd7d6586002ce0726d103819bc9556136b98	2	7	-1,-2,3,-4,3,-5,-2,-4,6,-2,-5,1,4,3,-2,3,-4,3,5,2,-4,-6,5,-4	bundled-knot-table
braid:70455df7442bc4d68e1398de3a04f1b2faa033a675976a2839feae7bd6bdcac9	2	7	-1,-2,3,-2,-4,3,5,-2,-4,-6,1,-5,-4,3,-2,-4,3,5,-4,6,-5,4,3,2	bundled-knot-table
braid:738f29efc79283f4c1c55dc433330aa04ca4127f59d98800984bf4486cb90289	2	7	-1,2,3,4,3,5,-2,6,1,3,-4,3,-5,-2,4,3,-5,-4,-6,-5,-4,3,2,3	bundled-knot-table
braid:73b513930fcd09f9b91cd93c98e7b2eb38ce7a79e0c5adb95d0cd2d5d49983e2	2	7	-1,-2,3,-2,-4,1,3,5,-4,-6,5,4,4,3,2,-3,4,-5,-4,6,-5,-4,3,-2	bundled-knot-table
braid:7cb21dd603d34bcc47c3cdf491dd6bb93cc47d5c11aa99167e4e67fd45a8d756	2	7	-1,-2,3,-4,-5,-4,6,-5,-4,-3,-2,1,-2,3,-2,4,3,5,-2,-4,-6,3,5,-4	bundled-knot-table
braid:7ce0e7712db397d756cf35617f5834c34fcbbe7c13f0994face1cf3a25925e72	2	7	-1,2,-3,2,4,1,-5,4,-3,-2,4,5,4,6,4,-3,-5,4,-3,2,-3,-4,5,-6	bundled-knot-table
braid:83fe76be591730ebc37efe471145a1576a076e2c95fed46217ae85595987a77f	2	7	-1,2,-3,4,-5,4,6,-5,-4,3,2,1,2,-3,2,4,-3,5,4,-6,5,4,4,-3	bundled-knot-table
braid:85dac103e617d3de89728cbcfbc537f5a87cca21d860426f3e358be649d663ab	2	7	-1,-2,3,-4,5,-6,-5,4,3,2,1,3,-2,3,-4,5,-4,6,3,2,-4,3,5,-4	bundled-knot-table
braid:8e3aa77cbc81146e3a6de9cc8f7b1a0e4f751f38c7d88c9a3ea7b168361f1c3e	2	7	-1,-2,3,-4,3,5,2,-6,1,3,-4,3,5,-2,-4,3,-4,-5,4,6,-5,4,3,2	bundled-knot-table
braid:8fa2f2c6b5f9e0920ab249ae131cef3d34422c06ceada9fc8d42c6499e9c74d8	2	7	-1,-2,3,-4,-5,-4,3,-2,1,-2,-3,-2,4,3,5,-2,-6,5,-4,3,-4,-5,-4,6	bundled-knot-table
braid:9b6d955ee6a7695a48857ad34936caca816eeba81d72e5b5d5c9a1eca55944ae	2	7	-1,2,-3,4,5,4,4,-3,2,1,-2,-3,4,-5,4,6,-5,-4,-3,2,-3,4,5,-6	bundled-knot-table
braid:9bfd3a07739bb0091e353db7bf7fc766917ea1fa982864ae39263d7057539788	2	7	-1,-2,3,-4,3,5,-2,-4,1,3,-2,3,-4,-5,-6,5,-4,3,-4,-5,4,6,3,2	bundled-knot-table
braid:a3cf3af4ec07315a13a543e308629c28b45c7d6cd2496344144f3d0f34b310fa	2	7	-1,-2,-3,-4,5,4,-6,5,-4,3,-2,-4,-2,-5,1,3,6,2,4,-3,-5,4,-3,-2	bundled-knot-table
braid:a5cd8d52c8bcd33578b2cb970a7bc3a2ad29c54ecbb7425115c701a8a481538d	2	7	-1,-2,3,-2,-4,5,-4,-6,3,5,-2,-4,1,3,2,-4,-5,-4,6,3,-5,4,3,-2	bundled-knot-table
braid:b0c3b34a8dff771a5762100771cfce63c4b69b7d5125c92efba4486d586158dd	2	7	-1,-2,-3,4,-5,4,-3,2,1,-3,4,5,-6,-5,4,-3,-2,-3,-4,-3,5,2,4,6	bundled-knot-table
braid:b438bf2abe2191b07e4ba465a50de2c4eb4977f224a0ee957bba574b6e558fb8	2	7	-1,-2,-2,3,-2,-4,1,5,-6,5,-4,3,-4,3,-5,2,-4,6,-3,-4,-5,-4,3,-2	bundled-knot-table
braid:ba0f679c6e233c8e275e40f2d690fe44bdf4e89ece1139c870ff7e6e6e1bf63b	2	7	-1,-2,3,-4,3,5,-2,-4,1,3,-4,-5,4,-6,-5,4,3,-2,3,-4,3,5,-2,6	bundled-knot-table
braid:bb4520f980c526b60fcb674e43222f8119b354247ee53e807c0139825861f17c	2	7	-1,-2,3,-4,3,5,-2,-4,1,-2,3,-4,-5,-4,6,3,-5,-4,3,2,3,4,5,-6	bundled-knot-table
braid:c06d71788980bb16f83a47ea56ead24894e51e3d8b89db943ee52abfbaa23ece	2	7	-1,2,-3,2,4,1,-3,5,4,-6,5,4,4,-3,2,-3,4,-5,4,6,-5,4,3,-2	bundled-knot-table
braid:d81133467758a0f84a6a430414dd5c79e62690b0e3364735dbbf6fa64553dbe6	2	7	-1,2,3,-4,-5,-4,3,2,1,2,-3,-2,4,3,5,-2,-6,5,-4,3,-4,-5,-4,6	bundled-knot-table
braid:d8aaf57b8d2b2dd9f60e631ea1abab945a1e50cb756c55328ade8d41fb30b2c3	2	7	-1,-2,3,-4,-5,-4,3,2,1,3,-2,-4,3,5,-4,6,-5,-4,3,2,3,-4,5,-6	bundled-knot-table
braid:d9f399ed957082dd5362aa6395f34b468c449f4f850ea9e2b64b6f829c71e79d	2	7	-1,-2,3,4,3,2,1,3,-2,3,-4,5,-4,6,3,5,2,-4,3,5,-4,5,-6,-5	bundled-knot-table
braid:dc621dc4e54852350105501db8133efd3302eb0053a0768278c9695c98aec07f	2	7	-1,-2,3,4,3,2,1,3,-2,3,-4,5,-4,6,3,-5,2,-4,3,-5,-4,-5,-6,-5	bundled-knot-table
braid:de28ae69d6eed08c49503631dac5b912baee7fff2f3758a6eed33effe6e76112	2	7	-1,2,-3,4,-3,5,2,-4,1,-2,3,-4,-5,4,6,-3,-5,-4,-3,2,-3,4,5,-6	bundled-knot-table
braid:e828b22f9369b9356759c62db7e0fb7019e91b37bf7c4f2bf3d62b8baade0191	2	7	-1,-2,3,-4,-5,-4,6,3,5,-2,1,3,-4,3,-2,3,-4,-5,4,-6,3,5,2,-4	bundled-knot-table
braid:e948178b58990008063a91dd4e5568392bd9458bc422012fcfb3d7ea5e51fbe9	2	7	-1,-2,-3,-4,-3,5,4,6,-3,-5,2,1,-3,-2,-3,4,-3,-5,-6,-5,4,-3,2,-3	bundled-knot-table
braid:f40626e089513aa7865ab0bc919c84fadca23846aa1863ffd1c7c7b0bb1037ff	2	7	-1,-2,-3,-4,-5,-4,3,2,-4,1,3,5,-2,-4,-6,3,-5,4,3,2,3,-4,5,6	bundled-knot-table
braid:fe0e25f78774642394098d8732e6b1fe08fde93ea2920d1b428968b8049dda42	2	7	-1,2,3,-4,3,5,2,-4,1,2,3,-4,-5,4,6,3,5,-4,-3,2,-3,4,-5,-6	bundled-knot-table
braid:00031c17d12ba76cc4480cab5774a5216dc94a254b292cf7d22d10a947e03ce2	2	7	-1,2,-3,-4,-5,-6,5,-4,3,-2,1,3,-2,3,-4,-5,-4,6,3,2,3,-4,5,-4,3,-4	bundled-knot-table
braid:00cd059e7110a4ccf88b1ec077cfca8969fffbebe7ac22d4cd895d547480f3a4	2	7	-1,-2,-3,4,-5,4,-3,2,1,-3,-2,-4,3,5,3,6,4,5,4,3,2,-3,4,-5,4,-6	bundled-knot-table
braid:0176a1f470a10456cc882c5e628ddf493986d4988204c059f4c916ad32d709b4	2	7	-1,-2,3,4,-5,-4,6,5,-4,3,2,-4,1,-3,-2,-3,-4,-5,-4,-6,-3,5,2,4,3,4	bundled-knot-table
braid:02298e9940dd07754e5b1c5f6ffddfd5e7af223b6380efecd8f6dd8773eebdb3	2	7	-1,-2,3,4,5,4,-3,2,4,1,-3,-2,-3,4,-3,-5,2,6,-5,4,3,-5,4,-5,4,-6	bundled-knot-table
braid:047cd4bd24ff56c3ca193d8e9318f439f66629260d7f673d02033541e0dc3b0e	2	7	-1,-2,3,4,3,-5,-4,6,3,2,-4,1,-5,4,-3,-2,4,-3,5,4,-6,-3,5,2,4,3	bundled-knot-table
braid:04b912ea7618ca03af4593aed415fc07e33000daf3b2fda4be1701cace203c92	2	7	-1,-2,-3,4,-5,4,-3,2,1,-3,-4,-3,5,-2,4,-6,-3,4,-3,5,2,4,-3,4,-5,6	bundled-knot-table
braid:051a79de82ee179290905ab837e4a98bd849b80459a4b289798559a5f36d072f	2	7	-1,2,-3,4,-3,-2,1,-3,-4,5,4,-6,-3,-5,4,-3,-2,4,-3,4,-3,5,2,4,6,-5	bundled-knot-table
braid:0533f271708ffcd3f4c0052dac5715766b01cd2cdea1187697ba7a39b5f7bb3e	2	7	-1,2,3,-4,5,-4,-3,-2,1,3,-4,3,-5,-2,-6,3,-4,-5,4,3,2,3,4,5,-4,6	bundled-knot-table
braid:063376716dfb42db5a04f5bc788d5c7bd249a7d17da216d316b438b1436c2c08	2	7	-1,2,3,-4,5,-4,-3,-2,1,3,-2,-4,-3,-5,-4,-6,-5,-4,-3,2,3,3,-4,5,-4,6	bundled-knot-table
braid:06c0146c7bb24a4679c2c46f775fa0d1052713f42d49eea8073381e3aabba30a	2	7	-1,2,3,-4,3,5,-6,5,-4,3,-2,1,3,-2,3,-4,-5,-4,6,3,2,3,-4,-5,4,3	bundled-knot-table
braid:07d5824f3a5aad436de093a0ae72a1487d81d26c6b50ef0e00faa49890c02c9e	2	7	-1,2,3,-4,5,-4,-6,-3,-5,-2,1,3,4,3,2,3,-4,5,-4,6,3,5,-2,3,-4,5	bundled-knot-table
braid:0827a40cecb53ae88b41786abec9e55753bb34f6fbceb7fc86bf8cf1723592c4	2	7	-1,2,-3,-4,-5,-4,6,3,-2,-4,1,5,-4,3,-4,3,-2,3,-4,-5,-6,5,-4,3,2,3	bundled-knot-table
braid:08329e53515b522b5fddca241a50c83580dbce44c7dff51a6846ee9eca7cd7a4	2	7	-1,-2,3,4,3,-5,4,-6,3,5,2,4,1,-3,-2,4,-5,4,6,-3,4,-3,5,2,4,3	bundled-knot-table
braid:0838f7d1ff3d614afa2f623cec10fe19f8ef47f82330ed1a5f7439d9e17dc8a9	2	7	-1,2,3,-4,5,-4,-3,-2,1,3,-4,3,-5,-2,-6,3,-4,-5,-4,3,2,3,-4,5,-4,6	bundled-knot-table
braid:093fcec42d2ae6a16bdd71129e2710cbef10cb68eeed913c901004e75ceac83f	2	7	-1,-2,3,-4,-5,-4,3,2,1,3,-2,-4,5,-4,6,3,-4,-5,4,3,3,2,3,-4,5,-6	bundled-knot-table
braid:0a1b62d856952b31c64e0beac1301e0d1e8544f63f9eb4933e45812d54d9f102	2	7	-1,2,3,4,5,4,-3,-2,1,3,-2,4,3,-5,4,-6,-5,4,3,2,3,3,4,5,4,6	bundled-knot-table
braid:0d16a73cbe333477825812f528a34ae01bae41033ba6c8e37fef6bcd9d8eb2fc	2	7	-1,-2,3,4,5,4,6,-3,2,4,1,3,-2,-3,4,-3,-5,2,4,-3,4,-5,-6,-5,4,4	bundled-knot-table
braid:0f527fbaf3596331c88c9d4cb714f33fc6cec3861f5bcfaf97f05176de5f082d	2	7	-1,-2,-3,4,-3,5,4,-6,-3,2,4,1,-5,4,-3,-2,4,-3,5,4,6,-3,-5,2,-4,-3	bundled-knot-table
braid:112813e52e40842a664eb1e6859d6b9cfdede25ee51ec7db86d48bbd089160a3	2	7	-1,-2,3,-4,-5,-6,5,-4,3,2,1,3,-2,3,-4,-5,4,6,3,2,3,-4,5,-4,3,-4	bundled-knot-table
braid:11c7636f67f360d9a80a6337306aefe403f64aa695c8172ee1d838da7d2be6ae	2	7	-1,-2,3,4,3,-5,4,6,3,2,4,1,-5,4,-3,-2,4,-3,5,4,-6,-3,5,2,4,3	bundled-knot-table
braid:12c248e74d7274ee484695690132e5eb1ab74b679e7450c6d37fc735dee84330	2	7	-1,2,-3,4,-5,4,3,-2,4,1,-3,-2,4,-3,4,-3,-5,2,4,-6,5,4,3,4,-5,6	bundled-knot-table
braid:13688f4c2663811da78f0e0c6a22ef59d8fd700af224c577f540f6ce7145b1ae	2	7	-1,-2,-3,4,4,-5,4,3,-5,2,4,1,-5,6,-5,-4,-3,-2,-3,4,-3,-5,2,4,-6,3	bundled-knot-table
braid:15dbac91e9692d609d4cf7a0fb011a589f810a0e98509a6537bbb87a459eabac	2	7	-1,2,3,-4,3,5,-4,-6,5,-4,3,-2,-4,1,3,-5,3,6,2,3,-4,-5,4,3,-2,3	bundled-knot-table
braid:170de90eb36c66c4e96d5665c11ee10f1a7b24b9d3d815db528d27d4ea3bc12c	2	7	-1,2,-3,-4,5,-6,5,-4,3,-2,-4,1,3,4,-5,4,6,-3,-2,3,-4,3,5,3,2,-4	bundled-knot-table
braid:18cdbbfcaa36842d9c552b7758c096027be54ebd68849eb908be1b82935f4bcd	2	7	-1,-2,-3,4,-5,4,-3,2,4,1,3,4,5,4,-6,-5,4,-3,-2,4,-3,5,4,6,-3,2	bundled-knot-table
braid:1a7f4b2cb0a4012a756ea1c2dd17a2cc45e4832d416f0150a0cebf02fed562d1	2	7	-1,2,3,4,3,-2,1,3,-4,5,-4,3,-2,3,3,-4,-5,-6,5,-4,3,2,3,-4,-5,6	bundled-knot-table
braid:1beb4d298c8cc66138f95e1e60c52231db583f1f4c65fc9bc1501cf5ed17007f	2	7	-1,2,3,4,5,4,-6,-5,4,-3,-2,4,1,3,5,2,4,6,-3,4,-5,4,-3,-2,3,4	bundled-knot-table
braid:1bf2473e591a41468a6109abfbad752389fd0d09c22a206c30b74e0a32f6a6c9	2	7	-1,-2,3,-4,3,-5,-4,-6,3,5,2,-4,1,-3,-2,-4,3,-5,-4,6,3,5,3,2,-4,3	bundled-knot-table
braid:1c3c68e0f6a022e1c86c7b2264998a64875985ab98512f2bb73146f45ff6d649	2	7	-1,-2,3,-4,-5,-4,6,5,-4,3,2,-4,1,-3,-2,-3,-4,-5,-4,-6,-3,5,2,4,3,-4	bundled-knot-table
braid:1d4c7ccc55a3e21c6bc6a6eb952fde0544a34ff71e62ba012e89686158fff39f	2	7	-1,2,-3,-4,5,-4,-6,5,-4,3,-2,-4,1,3,-5,3,6,2,-3,-4,-5,-4,-3,-2,3,-4	bundled-knot-table
braid:1e0f8adc3246d6a72b72b95dd96a8016727d3fc394f8a6f8108debec985d9cb2	2	7	-1,-2,-3,-4,-5,-4,3,2,-4,1,3,5,-2,-4,-6,-4,-4,3,-5,4,3,2,3,-4,5,6	bundled-knot-table
braid:1f064a9b2c5cecf9b6dda7951c990fad609aaef7e373de0204584ebedb0b012d	2	7	-1,-2,-3,-4,-3,5,-3,-6,2,5,1,4,-3,4,-5,4,6,3,-2,4,-3,4,-5,4,-3,2	bundled-knot-table
braid:202bfc80e1aaa75b5777ba2592e96031d3e94fdff5068faa7b493f11d8aaf5e6	2	7	-1,2,-3,-4,-5,-6,5,-4,3,-2,1,-3,-4,-5,-4,6,-3,-2,3,3,-4,5,-4,3,2,-4	bundled-knot-table
braid:20afc40242a18f878e217ad4ecb14aa5bc7c18c1da69792413258fba4b05f56e	2	7	-1,-2,-3,4,-3,-5,4,-3,2,1,-3,-4,-3,5,-2,6,-3,4,-5,4,-3,2,-3,-4,5,-6	bundled-knot-table
braid:216ca7064051994f215ae1f5c9dc6611820fcdc8499c560566a9b3490c3d2252	2	7	-1,-2,-3,4,-3,-5,-4,6,3,2,-4,1,-5,-4,-3,-2,-4,-3,5,4,-6,-3,5,2,4,3	bundled-knot-table
braid:21b14ccb5666ca65e17911a7b1e996d09934ca5ed2fe9adfbe4eabd8c84e03a4	2	7	-1,2,-3,4,-5,4,6,3,-2,1,3,-2,-3,4,-3,-5,2,-5,-5,4,-3,4,-5,-6,5,4	bundled-knot-table
braid:23b984e948e886e9b8d7ad755a384ccca414a24bcda2e20e5cd0377a4b2f62f1	2	7	-1,2,-3,4,5,4,-6,5,4,3,-2,4,1,3,-5,3,6,2,3,4,-5,-4,3,-2,3,-4	bundled-knot-table
braid:26d7699eb67f4bcec455302128cd49db8f7e8e923f73e03dee5f2ffd6f4cadae	2	7	-1,2,-3,-4,-5,-4,3,-2,1,3,2,-4,-3,-4,5,-6,5,-4,3,-2,3,-4,-5,-4,6,3	bundled-knot-table
braid:2913a9afecd99e93c51d1cf8856fc32c33234757c90544e590e30907e82fe9a7	2	7	-1,-2,3,4,5,4,-3,2,4,1,3,-2,-3,4,-3,-5,2,6,-5,-5,-5,4,-3,4,-5,-6	bundled-knot-table
braid:2c40a614da3536edf6e0978639adf0f998362bdb887f9305478887c5e43d783b	2	7	-1,2,-3,-4,5,-4,-6,5,-4,3,-2,-4,1,3,-5,3,6,2,3,-4,-5,-4,3,-2,3,-4	bundled-knot-table
braid:2c5c647a30ff2a87891490e1443ecfceb68a5dc52d26000f69100e7e3cb0e48b	2	7	-1,2,-3,4,4,5,4,3,-2,4,1,3,-2,3,4,-5,4,6,3,-5,2,-4,-3,4,-5,-6	bundled-knot-table
braid:2c6daf4525d70a3577bff28c2dcd6568a42d13bc49ceece11edfe6c7eb218e20	2	7	-1,2,-3,4,-5,4,6,5,4,3,-2,4,1,-5,4,-6,-3,-2,3,4,5,4,3,3,2,-3	bundled-knot-table
braid:2d9c2d2580f01ed9e16bf19636b6de414774434217e3f87a480b91b80fc7a7ab	2	7	-1,-2,3,-4,-5,-6,-5,4,-3,-5,2,4,6,1,3,-2,-3,4,-3,-5,2,4,4,4,-3,4	bundled-knot-table
braid:2ee47bcaa5876d48bf52610b482e7a1af53d98914d88063e519cc1a466842dfb	2	7	-1,2,3,-4,5,-4,-3,-2,1,-3,-2,3,-4,-5,-6,5,-4,3,3,2,-3,-4,-5,-4,6,-4	bundled-knot-table
braid:2fb2518fb58062745f9befb61e35c2be3284ef93a8d206fbed072133a0a0fd73	2	7	-1,2,-3,-4,-5,-4,6,3,-2,1,3,-2,-4,-4,3,-4,3,5,2,-4,-3,-4,-5,-6,5,-4	bundled-knot-table
braid:327b126ab866a0ee071b854eaae1b13fb16a7ebd69564122092518ea76fddb64	2	7	-1,-2,-3,-4,-5,-4,-6,-3,2,-4,1,5,-4,-3,-2,-4,3,-5,-4,6,3,5,3,2,-4,3	bundled-knot-table
braid:33820d02da52aa029bd91d80c40c2d4238b61d6e165a52102d9dc46d1fd9c5a3	2	7	-1,-2,-3,4,-5,4,-6,5,4,3,2,4,1,-3,-5,-2,6,-3,-5,4,-3,-5,2,4,3,4	bundled-knot-table
braid:341462895a99d25c7dddb6a1731195df9be8e90453e4c14498b870f152ff8797	2	7	-1,2,-3,-3,4,-5,4,6,-3,-2,1,-3,-4,-3,-5,4,-3,-2,-3,-4,5,-6,5,4,-3,2	bundled-knot-table
braid:3707f653665e97bce490684314660f0af65ab6229b9915d5c48deb8fc750d9a3	2	7	-1,2,-3,-4,5,-4,3,-2,1,3,2,-4,3,-4,5,-6,5,4,-3,5,-2,6,3,3,-4,5	bundled-knot-table
braid:389daee07cad75926f2e1afa56dc6a797ced7181a0690cee3bc460d6907e6408	2	7	-1,2,-3,-4,5,-4,3,-2,1,-3,2,4,3,-5,-4,-5,-6,-5,4,-3,-2,-3,-3,4,-5,6	bundled-knot-table
braid:38cf81d2f3cb41c1d85b680cb2d8242fb3d5041592b86b41f5d3f14b83cb8d56	2	7	-1,2,-3,-4,5,-4,3,-2,1,3,-4,-5,-6,5,-4,3,-2,-4,3,-5,3,6,-4,-4,3,2	bundled-knot-table
braid:3add65c40f111bdd7dc6f755f8b60e02234cc0483007bdcb40743ce8e9f31755	2	7	-1,2,-3,4,-5,4,3,-2,4,1,-3,5,-6,5,4,-3,2,3,4,-5,4,6,3,-2,-3,-3	bundled-knot-table
braid:3e4afe19c79683be362cdcd3efc269b37c0839dabda40ac5f36d278c993a674a	2	7	-1,-2,3,-4,-5,-6,-5,4,-3,-5,2,4,6,1,-3,-2,4,-3,4,-3,-5,2,4,4,3,4	bundled-knot-table
braid:3e88638848fb252285b9a9595c7f21cf525380cc0dd9b2d447eefcb7aaa638e0	2	7	-1,2,-3,-4,5,-4,6,3,-5,-2,-4,1,3,-2,-4,-4,3,5,-4,-6,3,-5,3,2,3,-4	bundled-knot-table
braid:40433bd6449e4482fa0dde9832cef56e9a4f5f5e41f54b256af26de7573a718c	2	7	-1,2,-3,4,-5,-6,5,4,-3,-2,1,-3,4,-5,4,6,4,-3,2,4,-3,4,5,4,3,-2	bundled-knot-table
braid:412c761dfdeea306e42b945bf6ea89b01ef1ec7487f6749b004a634606fcd9ba	2	7	-1,-2,3,-4,-5,-4,3,2,1,3,4,3,5,2,-6,5,-4,-3,-4,-5,-4,6,3,-2,-4,3	bundled-knot-table
braid:43d09843f4ef334d437caead2792e68b023f3ced6acb7422aee997418d692b2b	2	7	-1,2,-3,4,-5,4,3,-2,4,1,-3,-2,3,4,5,-6,5,4,3,3,2,-3,4,-5,4,6	bundled-knot-table
braid:4833a2492428be19e19f164fc400ad746f97bb3487dc64477803e763b3344475	2	7	-1,-2,-3,4,-3,5,2,4,1,-3,4,-3,-5,2,6,-3,4,-5,4,3,-2,4,-3,5,4,-6	bundled-knot-table
braid:4862b470526278083863cd4eb1d2110803c8968e2fe2f972358fc02ee1efd64c	2	7	-1,-2,-3,4,-5,4,6,-5,4,3,2,-4,1,-3,-5,-2,-3,4,-3,-5,2,-6,5,4,3,-4	bundled-knot-table
braid:49e3fd19a30074cf85231a8d24ce426957d8978eb39665383588b4bcfdd90aa2	2	7	-1,-2,3,4,-5,4,3,2,1,3,-4,-3,5,4,-6,-5,4,-3,-2,4,-3,5,4,6,-3,2	bundled-knot-table
braid:4bca4240f8fdb9986f0db04df8d09c9acfc829e93c2e86d91276755a0e38742d	2	7	-1,2,-3,4,-5,-6,5,4,3,-2,1,-3,4,-5,4,6,-3,-2,3,3,4,5,4,3,2,4	bundled-knot-table
braid:4c3591fb806ce22fc577eb355701414504b83d657d1c9448a033a2bef137d19b	2	7	-1,-2,-3,-4,5,4,-6,-3,2,4,1,5,-4,-3,-2,-4,-5,4,6,-3,4,-3,-5,2,-4,3	bundled-knot-table
braid:552265a335360c67d06af08f9bebbe12eaaa67283dce3375cb61debfe0400a28	2	7	-1,-2,-3,4,-3,2,4,1,-3,2,4,5,4,-3,4,-5,-6,5,4,3,-2,-3,4,-5,4,6	bundled-knot-table
braid:56c8a968f2724abc07594c09e0f575c9e0ae7da0546f75745bb0a6a64caae8b7	2	7	-1,-2,-3,-4,-3,-5,4,6,-3,2,4,1,-5,4,-3,-2,4,-3,5,4,-6,-3,5,2,-4,3	bundled-knot-table
braid:578e2f2b00665285bd80fe34b20e7a4af81960a5372d7887ec4fc7a2b9864955	2	7	-1,2,3,-4,5,-4,-3,-2,1,3,-2,3,-4,-5,-6,5,-4,3,3,2,3,-4,-5,-4,6,-4	bundled-knot-table
braid:57b302e9db82586b2835d17f9ee1da94340fec9936e98536f608597258797bf4	2	7	-1,-2,-3,4,-5,4,6,-3,2,1,-3,4,-5,4,3,-2,4,-3,5,4,-6,4,5,4,-3,2	bundled-knot-table
braid:582a419cfb663d84fceba55424058437e81ac80f9fff9f8509c384c1ef2b9681	2	7	-1,-2,-3,4,5,4,-6,-3,2,4,1,5,4,-3,-2,4,-5,4,6,-3,4,-3,-5,2,4,3	bundled-knot-table
braid:58e0276e85a545db84ada79c64e87292842ce672e74c0c5deb420d347f4a03b4	2	7	-1,-2,-3,4,-3,5,2,4,-6,1,-3,-5,4,-3,-2,3,3,4,5,4,6,3,-5,2,-4,-3	bundled-knot-table
braid:59638c7f7952bfa53d0ea6e15228c242419c38fea837331370c183d3a3f85166	2	7	-1,2,-3,-4,-5,-4,-6,3,-5,-2,-4,1,3,3,2,-3,-4,5,-4,6,5,-4,-3,-2,3,-4	bundled-knot-table
braid:59c5ae89b4523c0739c5098c58975333a91af02bb69ddc2da192629b87bf6f8f	2	7	-1,2,-3,4,5,-6,5,4,3,-2,4,1,-5,4,6,3,2,4,3,4,-5,4,3,-2,3,4	bundled-knot-table
braid:59d1d1986e3cc060bded618676cfa4dc269804ad32da30c11d86b0c163fa0e67	2	7	-1,2,-3,4,-5,-5,-6,-5,4,3,-2,1,-3,2,4,3,4,5,4,6,-5,4,-3,-2,-3,4	bundled-knot-table
braid:5b1a70bb3bc24ddd38277d6df669a0946ae00350c528244c19c0191f661aa0cf	2	7	-1,2,3,4,5,4,-3,-2,1,3,-2,4,-3,-5,4,-6,-5,4,-3,2,3,3,4,5,4,6	bundled-knot-table
braid:5b5563ab9f8483cbcec342cdcfe553a2d55a0b9124e311cef9bc72c688bdf89e	2	7	-1,2,3,4,3,5,-2,-4,1,3,-2,-4,-4,3,-5,-4,-6,5,-4,3,3,2,3,-4,-5,6	bundled-knot-table
braid:5bc1b23ff7e8a7b28b423c1d03a4e7c0559e027e54a1b7ea9ff272c04b0b0f60	2	7	-1,-2,3,-4,-5,-4,-6,3,-5,2,-4,1,-3,-2,3,-4,3,5,3,6,2,-4,5,-4,3,-4	bundled-knot-table
braid:5e64d580efbe071d540c978d27d05f6a77178ea80d2a44c4372ee631f8e901d1	2	7	-1,-2,3,-4,-5,4,6,3,2,1,3,-4,3,5,-4,3,-2,3,3,-4,-5,-6,5,-4,3,2	bundled-knot-table
braid:5f0428aad792e42ff45845ba71044957caea772f17cdc867f8084b28afcc92d0	2	7	-1,-2,3,4,5,4,-3,2,4,1,-3,-2,4,-3,4,-3,-5,2,6,-5,-4,-4,3,4,-5,-6	bundled-knot-table
braid:624027f963201ef16d033e57728df514e36b579f23c7f5d3c7dc4c876a0af6ba	2	7	-1,2,-3,-4,-5,-4,6,-4,3,-2,-4,1,3,2,-3,-4,-5,-4,3,-2,-4,3,5,-6,5,-4	bundled-knot-table
braid:626c3b5b42e0c2763e50f9df97a3402503e05482475664586cab179d966e35f7	2	7	-1,-2,3,-4,-5,-4,6,3,2,-4,1,-3,-4,-5,-4,3,-2,3,3,-4,5,-6,5,-4,3,2	bundled-knot-table
braid:6279968dfda5a0a6656eb2686d3699f506c3a6b599d237e51bd3e187e0bcabf0	2	7	-1,2,-3,4,-3,-5,4,6,-3,-2,4,1,-3,4,-3,5,2,4,-3,4,-5,-6,5,4,3,-2	bundled-knot-table
braid:63b0a4321f0a241c9fea092a5dcdcea40cf67806e361f1c2eb4e55ae65a9b860	2	7	-1,-2,3,-4,3,5,2,1,3,-4,3,-4,-4,-5,4,6,-5,4,3,-2,3,-4,3,5,2,-6	bundled-knot-table
braid:63d8de585e384556ce8cf2f97cebda4b01e8f47ebfaf8f292b964e7bc09b8e3d	2	7	-1,-2,-3,-4,-5,-4,6,3,5,2,-4,1,-3,5,-2,-6,-3,-4,-4,5,4,-3,2,4,3,-4	bundled-knot-table
braid:64758c0e8ca0d7c3757366621f7e22b9819ab805a6fdeac75569a48f9ca34287	2	7	-1,2,3,4,-5,4,6,-3,-2,4,1,-3,2,4,-3,4,-5,4,-3,-2,-3,4,5,-6,5,4	bundled-knot-table
braid:665ce72c5979489ff5f0f8e0244100070f2a220b7eacd50fb80d536d6733419d	2	7	-1,2,-3,4,4,5,4,3,-2,-4,1,3,-2,3,4,-5,4,6,3,5,2,-4,-3,-4,5,-6	bundled-knot-table
braid:66cce29650b866fe94eb73baae61482bffeb81fc1a724420b00bc5a0a36e7a67	2	7	-1,2,-3,4,-5,4,6,3,-2,4,1,5,4,3,-2,4,3,4,-5,-6,5,4,3,2,3,3	bundled-knot-table
braid:6729c33339bfb63c0d5d8f289ce35e79234914de0ba7db36d3e1828d3198388d	2	7	-1,2,-3,4,-5,4,4,3,-2,4,1,-3,-5,2,-6,-3,4,-5,4,3,-2,4,-3,5,4,6	bundled-knot-table
braid:67ea20b6b14f631562e74f632cb59db146228eb0cda78975bd68488f008359bf	2	7	-1,2,3,4,3,5,-2,-4,1,3,-2,-4,3,-4,-5,-4,-6,5,-4,3,2,3,3,-4,-5,6	bundled-knot-table
braid:6e04055f687bd5d98f6167c781059b18fdcb6576a205a140b9f2071d78dc95f6	2	7	-1,2,3,-4,3,-5,-4,6,3,-5,-2,-4,1,3,3,2,3,4,3,5,-2,-4,-6,5,-4,3	bundled-knot-table
braid:6f3a28551d62d2796be3127c5d27a4a2e60792262ddfce3772791695ca618c46	2	7	-1,2,-3,4,-5,-4,6,-3,5,-2,4,1,4,-3,-2,3,4,-5,4,-6,3,5,3,2,-3,4	bundled-knot-table
braid:6fa57850e4b3259b2f170d8ea0fe5e9bb8638c84b474b1f7b23fd8488a95fb60	2	7	-1,-2,-3,-4,-3,5,2,4,1,-3,4,-5,-6,5,4,-3,-2,4,3,-5,3,6,4,3,2,-3	bundled-knot-table
braid:70b2b06a27ba92d998408c68292dac2dba9e10011cebd8758d2525827d2a4cee	2	7	-1,2,-3,4,-5,4,6,3,-2,1,3,-2,-3,4,-3,-5,2,4,4,4,-3,4,-5,-6,5,4	bundled-knot-table
braid:72d91700d7fde6a3236271cba7f1c79c3295d9b852b9862be387ee3e6daed331	2	7	-1,-2,-3,4,5,4,-6,-3,5,2,4,1,3,-2,4,-5,4,6,-3,4,-3,-5,2,4,-3,4	bundled-knot-table
braid:76cb990f68f73bcb829b7402bbd6831249b78ffed1e0f038e0d34e8dfb37d99a	2	7	-1,2,3,-4,3,5,-2,-4,-6,1,-5,-4,3,2,3,-4,5,-4,6,3,-4,-5,4,3,-2,3	bundled-knot-table
braid:7841f9a45c5a95ea59032ed2106ec30a464f9679af2a7b942045edce99e4b93c	2	7	-1,2,3,4,5,4,-3,-2,1,-3,-2,3,4,-5,-6,5,4,3,3,2,-3,4,-5,4,6,4	bundled-knot-table
braid:7917f66f20eeb8ed4e5afd3636413e2ab03f0d3cfa338e46f2b8022def4a96e4	2	7	-1,2,-3,-4,5,-4,-6,-3,-5,-2,4,1,-3,-2,4,-3,4,-3,5,2,-4,6,3,-5,4,-3	bundled-knot-table
braid:79fd5f033853c458ce10d97afb3515e0723153d4e29c22004e863eed109783fd	2	7	-1,2,-3,-4,-5,-4,3,-2,-4,1,3,5,-4,-6,-5,-4,3,-2,-4,-3,5,4,6,-3,2,3	bundled-knot-table
braid:7ab1cfdb58a5843ec6be9951f50f0e90ae2d3300fa23c0e0dec91610b28e2a55	2	7	-1,-2,-3,4,-3,-5,2,4,1,-3,2,4,3,4,5,4,-6,-3,-5,-2,4,-3,4,5,4,6	bundled-knot-table
braid:7b84948b9378a84016e5dba0416bd2c27c33ffecec9bf51c23515891129537fd	2	7	-1,2,3,-4,-5,-4,6,3,5,-2,-4,1,-4,3,-2,3,-4,-5,4,-6,3,5,3,2,3,-4	bundled-knot-table
braid:7c09d567dc2c61e0ec628df070d0f102bdcfd39ecb735dd6d4200adf59cef15a	2	7	-1,-2,-3,4,-5,4,6,4,-3,2,1,-3,4,5,4,3,2,4,-3,-5,4,-6,5,4,3,-2	bundled-knot-table
braid:7d50a4e9036cacc39b1262fb4571367d9b6a6c4349cf502bb0962e4a2e2b307d	2	7	-1,-2,-3,4,-5,-6,5,4,3,2,4,1,4,-3,4,-5,4,6,3,-2,-3,4,-3,-5,2,4	bundled-knot-table
braid:7e31fd3ee89609337628a947288d654310c165106af9cc7764804b996187d8ac	2	7	-1,-2,3,4,-5,-6,5,4,-3,2,4,1,-5,4,6,-3,-2,4,-3,4,-3,-5,2,4,4,3	bundled-knot-table
braid:7ebe3e639ee3444dcbcafa18cdef4d8ed5244afb1cbc7ed55261ed1d1dfa92f3	2	7	-1,2,-3,4,-3,-2,1,-3,-4,5,4,-3,-2,3,3,4,-5,-6,5,4,3,2,-3,4,-5,6	bundled-knot-table
braid:7f60f818c6743ecb612762aee059670fcd287794c260a896930b48a504ddf16e	2	7	-1,2,-3,-4,5,-4,3,-2,1,3,-4,3,-5,-2,-6,3,3,-4,5,-4,3,2,3,-4,-5,6	bundled-knot-table
braid:8094e98fadae43d465237b5611f6b6743dae40e7fa3f0519bc7c75de20e89361	2	7	-1,2,-3,4,-5,4,6,3,-2,1,3,-4,5,-4,-3,-2,-4,-4,3,-5,-4,-6,3,5,2,4	bundled-knot-table
braid:80a024bbb4b54903bef2ce95bf5b1ad708fec8dc257cdbae08ced92868375446	2	7	-1,-2,3,4,5,4,6,-3,-5,2,4,1,3,-2,4,-5,4,-6,-3,4,-3,-5,2,4,-3,4	bundled-knot-table
braid:8132bebf864233555f9e392ab2e4f5ab587827647ccf37418769971c8d1c44a1	2	7	-1,2,-3,-4,-5,-4,6,3,-2,1,3,-2,-4,3,-4,3,5,3,2,-4,-3,-4,5,-6,5,-4	bundled-knot-table
braid:8142673f21e1d948871b6f82458ceaa43dafad29aaf653571b0bb703ef981b70	2	7	-1,-2,-3,4,5,4,-3,2,4,1,3,-2,-3,4,-3,-5,2,4,-6,4,5,4,-3,4,-5,6	bundled-knot-table
braid:821254f0677fff1fd146db7cd9a1a4bbfb23cf7d65290bab04f1ccd3479bb4a1	2	7	-1,-2,-3,4,-3,2,1,-3,4,-3,5,2,4,-3,4,-5,4,6,-5,4,3,-2,-3,4,5,-6	bundled-knot-table
braid:83538a79c68a8babc28e1632a27b5dc394fea7e184e48bddbe49c058202646a2	2	7	-1,2,-3,-4,5,-4,3,-2,1,3,-4,3,5,3,6,2,-4,3,5,-4,5,-6,5,4,-3,-2	bundled-knot-table
braid:86803cbbfdee85f26fe4cbf5b2354b21d8877147c9015a6bbbed1258d0851edf	2	7	-1,2,-3,-4,-5,-4,3,-2,1,3,-2,-4,5,-4,6,3,5,-4,3,3,2,3,-4,-5,-4,-6	bundled-knot-table
braid:8718c3288a153a6bacfef412757694814cc44102c3c0bef6b900dfa15b7e73d8	2	7	-1,2,-3,-4,5,-4,3,-2,-4,1,3,-4,5,-6,5,-4,-3,-2,3,-4,3,-5,3,6,2,-4	bundled-knot-table
braid:874bbe0412160849ed61d57fc09b6c9fa0c67eee7e940e63cdfd29092ecb612e	2	7	-1,2,-3,-4,-5,4,6,5,-4,3,-2,-4,1,3,-2,-4,-5,4,-6,-3,5,4,-3,2,3,-4	bundled-knot-table
braid:87dec65becf31c5110bff53a58fdbf9dfe90724de2d6c3edc51096239511b7d9	2	7	-1,-2,3,4,5,4,-3,2,4,1,4,4,3,-2,-3,4,-3,-5,2,6,-5,4,-3,4,-5,-6	bundled-knot-table
braid:885b6e6856b2d5577143d7c032a9a84df5379c06dea523288994f1799d193cc0	2	7	-1,-2,3,-4,5,-6,5,4,-3,5,2,-4,6,1,-3,-2,4,-3,4,-3,5,2,-4,-4,3,-4	bundled-knot-table
braid:88ef3fabd3ddc1f5e0d4a35a6f6d25a23591eba8077deac3cc76b985a33589f4	2	7	-1,-2,3,4,-5,6,-5,4,-3,2,4,1,-3,-2,-3,4,-3,-5,2,-5,4,-6,3,4,5,4	bundled-knot-table
braid:891cfa866dd0869b2063d00f8dbf4bdbfa4204885b18790fb88a298f5b3a7d91	2	7	-1,-2,3,4,5,4,-3,2,4,1,-3,-2,4,-3,4,-3,-5,2,6,-5,4,4,3,4,-5,-6	bundled-knot-table
braid:8956af86ef5c252bf9291da36becf2a26c949ee3b3cfec1caa12764e7fc8b09b	2	7	-1,2,-3,4,-5,4,6,3,-2,1,3,-2,-3,4,-3,-5,-3,-3,2,4,-3,4,-5,-6,5,4	bundled-knot-table
braid:89d492ece86ceeebd703ec0264764faccdede3d2a0c33ba01dc447d820a29022	2	7	-1,2,-3,4,-5,4,6,3,-2,4,1,5,4,3,-2,4,-3,4,-5,-6,5,4,-3,2,3,3	bundled-knot-table
braid:8a3e52b16224548b1f94095d86f54f2d7561ddad049ac83e023ffbc36ab236b7	2	7	-1,2,-3,4,-3,-2,1,-3,-4,5,4,-6,5,4,-3,-2,-3,4,-5,4,6,4,-3,2,4,-5	bundled-knot-table
braid:8a64f9596826de5a27600d9ae3d170e40dd4169b6b31c10d88f3ee72093df382	2	7	-1,2,-3,4,-3,-2,1,-3,-4,-5,4,-3,-2,-3,-4,5,-6,5,4,-3,-3,-3,2,4,-5,6	bundled-knot-table
braid:8cc022102143336419595f39deb6409a49c5b1a48555b2c646cbc0b30d5f12b5	2	7	-1,2,3,-4,-5,-6,-5,4,-3,-5,-2,6,1,-3,-5,2,4,-3,4,-5,4,3,-2,-3,4,-5	bundled-knot-table
braid:8e2f8e27cdfa220c17322d9879faff29f16656f735610749815d2f60734208fb	2	7	-1,-2,-3,-4,-5,-4,6,3,5,2,-4,1,-3,5,-2,-6,-3,4,4,5,4,-3,2,4,3,-4	bundled-knot-table
braid:8e70464dc2a25bc2104dca5eca3370384921f4aa1eaa7fd4aa004a1c9897c083	2	7	-1,2,3,4,-5,4,-6,-3,-5,-2,4,1,3,4,5,4,6,4,-3,-2,-3,4,-3,-5,2,4	bundled-knot-table
braid:90097d1ece8af9bae0c81c3fe5e89e8273639fae7f21db9753eb931b51370c97	2	7	-1,-2,-3,4,-3,2,1,-3,4,-3,2,4,-5,4,-3,4,5,-6,5,4,3,-2,-3,4,-5,6	bundled-knot-table
braid:901408ee60cd24480742b14312c337bbea60a7878b95cd760fb33a78a0a9662e	2	7	-1,2,-3,4,-5,-6,5,4,3,-2,1,3,4,-5,4,6,3,-2,3,3,4,5,4,3,2,4	bundled-knot-table
braid:91e99a433fd3f38678ab2835bec2ef48a800c66792a5e72d2b2fad739f09c465	2	7	-1,2,-3,-4,-5,-4,6,-5,-4,3,-2,1,3,-2,-4,-3,5,4,-6,-3,2,3,-4,3,5,-4	bundled-knot-table
braid:91ec682f5c9143b72036cc1e12618ae1e1fd891d65037afb76c4526611376582	2	7	-1,-2,-3,4,5,4,-6,-3,-5,2,4,1,3,2,4,-3,4,5,4,6,-5,4,3,-2,4,-3	bundled-knot-table
braid:92a25ab86acf1710eb2fa0145a6cf8a9300c0076c9c87dd0d7ff8532644eb03e	2	7	-1,2,3,-4,-5,-4,6,-3,-5,-2,4,1,4,3,-2,4,-3,-5,4,-6,-3,5,2,4,-3,4	bundled-knot-table
braid:94659485b842b3de38a82460462a45ec0f7876c88f9d11a3a9f5c9977e7c0e54	2	7	-1,-2,3,4,3,-5,-4,6,3,2,-4,1,-5,-4,-3,-2,-4,-3,5,4,-6,-3,5,2,4,3	bundled-knot-table
braid:94686330b359893a84e61308b06b2fc5015fb58dd400d64dda02346c5eb01ad0	2	7	-1,-2,3,-4,5,-4,6,3,-5,2,-4,1,-4,3,-4,5,-4,-6,-3,-5,-2,3,-4,3,3,2	bundled-knot-table
braid:947e5628f9b802b95185c47f0a5840c99c9ff435e3b43a68032cae57e6ccac0f	2	7	-1,2,3,4,-5,4,6,5,4,-3,-2,4,1,-3,2,4,-3,4,-5,4,-6,-3,5,-2,-3,4	bundled-knot-table
braid:952e67088e41d5697f1b2b41a92a26fa5adfb959bcc7b5874794213042074c6c	2	7	-1,2,-3,-4,-5,-4,-6,3,-5,-2,-4,1,3,3,2,3,-4,5,-4,6,5,-4,3,-2,3,-4	bundled-knot-table
braid:96da1cc0b61fdde9a93788f394954ccab34f7cb221d3565d463f9c3bda0929c5	2	7	-1,-2,-3,4,-3,2,1,-3,2,-3,4,-5,4,3,-2,4,-3,5,4,-6,-5,4,-3,4,5,6	bundled-knot-table
braid:99af32a5ed41ff49a152dca796f4eeb22201e58cd9b738e3a900ec01a14688e1	2	7	-1,2,3,4,5,4,-6,-5,4,-3,-2,4,1,-3,5,2,4,6,-3,4,-5,4,-3,-2,-3,4	bundled-knot-table
braid:9b3bc26f74ac623691d42437abd72ae435ce4b5977f816c08fbee2d5cb7cac9a	2	7	-1,-2,3,-4,5,-6,5,4,-3,5,2,-4,6,1,3,-2,-4,3,-4,3,5,3,2,-4,-3,-4	bundled-knot-table
braid:9bf48a31941385a3ac8a703e3c5da9b2aa1bfffa5d60afff145b4831c1420a99	2	7	-1,-2,3,-4,5,-4,-6,-3,2,-4,1,-5,-4,-3,-2,-4,-3,5,4,6,-3,5,2,-4,3,-4	bundled-knot-table
braid:9db8dba024ca89abaeb9536e612f9f2227eee7c3edcabb893a28deb9cb7c77e7	2	7	-1,2,3,4,5,4,-6,-5,4,-3,-2,4,1,-3,5,2,4,6,3,4,-5,4,3,-2,-3,4	bundled-knot-table
braid:9e3c39e23873c3dc2406a6b24d9e5f246a3322e25480f481a047cf4f6771e5b5	2	7	-1,2,3,-4,-5,6,-5,4,-3,-2,1,-3,4,-3,2,4,-3,4,-5,4,-6,4,3,-2,4,-5	bundled-knot-table
braid:9e51dc7715dfe2a27a1a61a0a6dd5fd1075e71f3c2e4c3c5abe1780991c356a4	2	7	-1,2,3,4,5,4,-6,-5,4,-3,-2,4,1,3,5,2,4,6,3,4,-5,4,3,-2,3,4	bundled-knot-table
braid:a2634b3e7aa65fc603dc578627fe4fbae0277df5d7220e458ca7112c0f360d8f	2	7	-1,2,-3,-4,-5,-4,-6,3,-5,-2,-4,1,3,-2,-4,3,5,3,6,-4,5,-4,3,2,3,-4	bundled-knot-table
braid:a2b81dddf889880822f443fed7d0dd6920756cb7102345345fba5069b8f10d69	2	7	-1,2,-3,-4,-5,-4,6,3,-2,-4,1,3,-2,3,-4,-5,-4,3,2,3,-4,5,-6,5,-4,3	bundled-knot-table
braid:a388c049fdb6d641275346e897895494a88f833c61a646b5164fc3058f2f29d9	2	7	-1,2,-3,-4,-5,-4,6,5,-4,3,-2,-4,1,3,-2,-4,-5,-4,-6,-3,5,4,-3,2,3,-4	bundled-knot-table
braid:a4cde8a0641b855b4862633c5b1be8543445d9d35e5e95140674c9a8072d762a	2	7	-1,2,3,-4,5,-4,-3,-2,1,3,-2,-4,3,-5,-4,-6,-5,-4,3,2,3,3,-4,5,-4,6	bundled-knot-table
braid:a5685e8426eca8b20ac515bcd1f42e9da8e9509601e0dcfa317fb9aae9e570b3	2	7	-1,2,-3,4,5,4,3,-2,1,-3,4,-3,-5,-6,5,4,-3,-3,2,-3,4,-5,4,6,3,-2	bundled-knot-table
braid:a772cd77a969cb2fee25c888f047c0f1338f80053b75c8146f76b9eba4d813d2	2	7	-1,2,3,4,5,4,-6,4,-3,5,-2,4,1,-3,2,-3,4,-5,4,6,-3,-5,-2,4,-3,4	bundled-knot-table
braid:aa6fce4c0f33361331eb0fa975174ad85c104158b774961505a6e80ad9709448	2	7	-1,2,3,4,3,5,-2,4,1,3,-2,4,3,4,-5,-4,-6,5,-4,3,2,3,3,-4,-5,6	bundled-knot-table
braid:aaa5bd42f551761343819f36988644fb326b98d98d0891af8db6911e1886caa9	2	7	-1,2,-3,4,-5,4,3,-2,4,1,-3,-2,4,3,5,3,-6,4,5,4,3,2,-3,4,-5,6	bundled-knot-table
braid:ab0ef7916ea768bb2a70a4b49e9d996f046e5d889e5fccdee85b3e95f5d61f4c	2	7	-1,2,3,4,3,-2,1,3,-2,-4,5,-4,-6,3,-5,3,-4,-4,3,2,3,-4,5,-4,6,-5	bundled-knot-table
braid:acc2b3b73e99cc3f4d89a0f0672e5a592ea85c2867afc7612c71d89cb369e026	2	7	-1,-2,3,-4,3,2,1,3,4,-5,4,-6,3,5,3,-2,-4,3,-4,-4,-5,-4,6,3,5,2	bundled-knot-table
braid:ace2fc22c1828b5b0519d8a92de8cac23393a7c01f4fe479dcdbc87a4e77cc08	2	7	-1,2,3,4,-5,4,6,5,4,-3,-2,1,-3,-2,4,4,-3,-5,4,-6,-3,5,2,4,-3,4	bundled-knot-table
braid:acfbaca57d0a159502c960c5d690eb6a1ddbcaed97fd85cec4c1a1fdebf34a47	2	7	-1,2,-3,4,-5,4,6,5,4,3,-2,4,1,-3,-5,4,-6,5,4,4,-3,-2,-3,4,-3,2	bundled-knot-table
braid:adb4bddc8e891ea2709cfa91d9827a10e2c6026bf4b63eeeee85732a44e50b19	2	7	-1,2,-3,4,5,-6,5,4,3,-2,4,1,-5,4,6,-3,2,4,-3,4,-5,4,-3,-2,-3,4	bundled-knot-table
braid:b24de0c61df973f039158e7258c6cde413f73b920b1eb389b634c47f606e169b	2	7	-1,-2,3,4,5,4,-3,2,4,1,3,-2,-3,4,-3,-5,2,6,-5,4,-3,4,-5,4,-6,4	bundled-knot-table
braid:b32c5ecdb62bf5626e092093474aed7c978e9ac6f91f68c625a27f543d34334f	2	7	-1,-2,3,-4,3,-5,4,6,-3,2,4,1,-5,4,-3,-2,4,-3,5,4,-6,-3,5,2,-4,3	bundled-knot-table
braid:b5283ce6b77dea3317da95761db6d8f4ab3bf76b367f3f0cb2719b7a7ea594a5	2	7	-1,-2,-3,4,5,4,6,-3,2,4,1,4,-5,4,-3,-2,4,-3,5,4,-6,-3,-5,2,4,3	bundled-knot-table
braid:b81e577348403539ceb65afe62a821fda36a40899bedc4d0457b000f3873793e	2	7	-1,-2,3,4,5,4,6,4,-3,-5,2,4,1,3,-5,-2,-3,4,-3,-5,2,4,-6,-3,-5,4	bundled-knot-table
braid:b868d424d1928d1d06e33fdc1d09b7b85554ee5d609da0cdb2587436ed0023ed	2	7	-1,2,-3,4,5,4,3,-2,4,1,-3,-5,-4,6,5,-4,3,-2,4,-3,4,-3,5,2,4,-6	bundled-knot-table
braid:b913e2a332ea2bf21472b9554e8124ef1169fa32483283865d7fb6ff19ef3bf1	2	7	-1,2,-3,4,-5,4,6,4,4,3,-2,1,3,-2,-3,4,-3,-5,2,4,-3,4,-5,-6,5,4	bundled-knot-table
braid:ba45b5f0460898c75d2dc8c2a41badf0f6c0427331b22b1e158aa819e470d145	2	7	-1,2,-3,4,-3,-2,1,-3,-4,-3,5,4,6,-3,-5,4,-3,-2,-3,-4,5,4,-6,-3,-5,2	bundled-knot-table
braid:bb3b950c751167cce42b44d1350440e2f9323545c532665b0eff2276e921dfda	2	7	-1,2,3,4,-5,-6,5,4,-3,-2,1,-3,-3,4,-5,4,6,-3,-2,-3,-4,-3,5,2,4,4	bundled-knot-table
braid:bb4f5b45125c314e58af465267061ca7ebf6865e590f1f427b61c0e8eeaf2976	2	7	-1,2,-3,4,-5,4,6,3,-2,4,1,-5,4,4,-3,-2,3,4,5,-6,5,4,3,3,2,-3	bundled-knot-table
braid:bc5019cbb8d81329a6111d84dbcf2e870e2e146a6738c4835bea48e938fd3031	2	7	-1,2,-3,-4,-5,-4,-6,3,-5,-2,4,1,3,3,2,3,4,5,-4,6,5,-4,3,-2,3,-4	bundled-knot-table
braid:bec2915ecae0dc3a5a06b856e39ec0c9fd82c6da0be93ef9650fdca2d43f5138	2	7	-1,2,-3,4,-5,4,6,3,-2,4,1,-5,4,4,3,-2,3,4,5,-6,5,4,3,3,2,3	bundled-knot-table
braid:bee31a19f3d0fe603e95daea3e0b89e731d77a3513d1017add0dc5c6c3678836	2	7	-1,-2,3,-4,-4,-5,4,3,2,1,3,-2,-4,3,5,-6,-5,4,3,2,3,-4,3,5,-4,6	bundled-knot-table
braid:bf380033bdf32c8108b6edc19df51282b9970b4a0eaa911f3d2051b4d9c9a23a	2	7	-1,2,-3,-4,5,-6,5,-4,3,-2,-4,1,3,-4,-5,-4,6,-3,-2,3,-4,3,5,3,2,-4	bundled-knot-table
braid:c0410a5feed119e8d7e80791ca07b360a42007bd599409f540c55390d4f55006	2	7	-1,2,-3,-4,-5,-4,6,3,-2,-4,1,5,-4,3,-2,-4,-3,-4,-5,-6,5,-4,-3,2,3,3	bundled-knot-table
braid:c2df77a906476141a79472676b9f5e00d0dffc2a580b9f065700ed3538983ae4	2	7	-1,2,3,4,3,-2,1,3,-4,5,-4,-6,5,4,3,-2,3,4,-5,-4,6,-4,3,2,-4,-5	bundled-knot-table
braid:c5f4341c63adc85016fc54ab0b8c0d79daa55eaeab3ab49fc22beedd1e7935f7	2	7	-1,-2,-3,4,-3,-5,-4,6,3,2,-4,1,-5,4,-3,-2,4,-3,5,4,-6,-3,5,2,4,3	bundled-knot-table
braid:c66754d42d3a37d08538ed8a55230e925cbb94c058ae07b4f7b800acfd25919c	2	7	-1,2,-3,4,5,4,3,-2,4,1,-3,-5,4,6,-5,4,3,-2,4,-3,4,-3,-5,2,4,-6	bundled-knot-table
braid:c67b6f46e39465fa1d6e76ddc5a6639800cf33c3c497eec4eb9adb5d14a4f80e	2	7	-1,2,-3,-4,-5,-4,6,3,-2,-4,1,5,-4,3,-2,-4,3,-4,-5,-6,5,-4,3,2,3,3	bundled-knot-table
braid:ca3c2dfb7d7a6b9158210245f717cb6d94dc45faaf85651ab681439e1e00f92b	2	7	-1,-2,3,-4,-5,4,3,2,1,3,-2,-4,3,5,3,-6,-4,5,-4,3,2,3,-4,-5,-4,6	bundled-knot-table
braid:cbf19d8525f666cb7f681e31179e8cc2bbde666425b32d0bb6fce4225a88e643	2	7	-1,2,-3,-4,-5,-4,3,-2,-4,1,-3,-2,-3,-4,5,-4,6,5,4,-3,2,4,3,-4,5,-6	bundled-knot-table
braid:cd7c87c2d1a48d001caa2fc6eb1ca56955e87aacffa425b24330b181d40edc65	2	7	-1,2,-3,-4,-5,-6,5,-4,3,-2,1,3,-4,-5,-4,6,3,-2,3,3,-4,5,-4,3,2,-4	bundled-knot-table
braid:cd9662488e07bf46a0338a7a3ae59da0709b77ce39b2acb3972652dcd704bfaa	2	7	-1,2,-3,-4,-5,-4,6,3,-2,1,3,-2,-4,3,-4,3,5,2,-4,-4,-3,-4,-5,-6,5,-4	bundled-knot-table
braid:ce6dfea27f8033b14083749cf89314fb967085030a52ecef6a5c6bfc725b35af	2	7	-1,-2,3,4,-5,4,-3,2,4,1,-3,-2,-3,4,-3,-5,2,4,-6,-5,4,3,4,5,4,6	bundled-knot-table
braid:cf409fea4253cd7153d565db8d597e211e081433f2e8347facb76a3898d82095	2	7	-1,2,-3,-4,-5,-4,6,-5,4,3,-2,1,3,-2,4,-3,5,4,-6,-3,2,3,-4,3,5,-4	bundled-knot-table
braid:cf9b4b2ae80277589a0a97dcb29fd09fc9fea74eb31bc697aaab751ecde10ce0	2	7	-1,2,-3,-4,5,-4,3,-2,1,3,-2,-4,3,-5,-4,6,3,5,3,2,-4,-3,-4,5,-4,-6	bundled-knot-table
braid:cfe7de32b36ce55f89e92eaa1db89a8eb3a5129c54b41a0acd4df26f2279c20e	2	7	-1,-2,3,4,5,4,4,4,-3,2,4,1,3,-2,-3,4,-3,-5,2,6,-5,4,-3,4,-5,-6	bundled-knot-table
braid:d1043fba552d3a2d012487904e83f1e6e8fe76aeaabfb47063a88b1f3e102f63	2	7	-1,2,-3,4,-5,4,3,-2,1,-3,2,4,3,4,5,4,6,-5,4,-3,-2,-3,4,-5,-5,-6	bundled-knot-table
braid:d10a799d42f82b98bf7a514b5e7fcab8174dc5594c77f5f307aff2a3966ed80b	2	7	-1,-2,-3,4,5,4,-6,-3,2,4,1,-5,4,-3,-2,4,-3,5,4,6,-3,-5,2,4,3,4	bundled-knot-table
braid:d293868cf84ed831d168b9e76874ed7e2188d40be21cf5d2991b8e39b6f385ec	2	7	-1,2,-3,4,4,5,4,3,-2,-4,1,3,-2,3,4,-5,4,6,3,-5,2,-4,-3,-4,-5,-6	bundled-knot-table
braid:d3de0e8b7e33b458ecd0fd1c7206439dbc54ce2593acb604c5543f7c20e46e87	2	7	-1,-2,-3,4,-3,-5,4,-6,-3,5,2,4,1,-3,-2,4,-5,4,6,-3,4,-3,5,2,4,3	bundled-knot-table
braid:d3ebbc7d9036d205f51676932735618fe91ce8d93ab895e5c3013c668cec88f2	2	7	-1,2,3,4,-5,4,6,-3,5,-2,4,1,4,3,-2,4,-3,5,4,-6,-3,5,2,4,-3,4	bundled-knot-table
braid:d5789681a82c597c0c93218a7bb99f7059c7896522ee7fd283656b9c74740034	2	7	-1,-2,-3,4,-5,4,-6,-3,2,4,1,-5,-4,3,-4,5,4,6,5,4,-3,-2,-3,4,-3,2	bundled-knot-table
braid:d72514263baed5eff49347fc90a518e68452a1dd0aa200562f606414e8cea602	2	7	-1,2,-3,-4,-5,-6,5,-4,3,-2,-4,1,3,-4,-5,-4,6,-3,-2,3,-4,3,-5,3,2,-4	bundled-knot-table
braid:d8cb99a8b89330fb074da75d4770d88417c100ae03e54b2999cde467c947c965	2	7	-1,2,3,4,-5,4,6,-3,-2,4,1,3,-2,-3,4,-3,-5,2,4,-3,4,-5,4,-6,5,4	bundled-knot-table
braid:d9201056dabd4af0f3b29676f1b482ae2b5dc6ed0147de9fa68b01cc50c3c7eb	2	7	-1,-2,-3,4,-5,4,6,4,-3,2,4,1,-3,2,4,5,4,-3,4,-5,-6,5,4,3,-2,-3	bundled-knot-table
braid:d9b09389fa04db3794909fa54eaf7b8011db853b01082df8a0376a9a1b312a8b	2	7	-1,2,-3,4,-5,4,3,-2,4,1,3,-2,3,4,5,-6,5,4,3,3,2,3,4,-5,4,6	bundled-knot-table
braid:db563393788ccc92c96b4445256794b5656ea5fac13d398428cd8c9e188770e0	2	7	-1,2,3,4,5,4,-3,-2,1,3,-2,3,4,-5,-6,5,4,3,3,2,3,4,-5,4,6,4	bundled-knot-table
braid:df0489d711cdc6e0a7b15131d24c2f9d33039d8ae030efac3d2938741574d68f	2	7	-1,2,3,4,-5,6,-5,-5,-4,-3,-5,-2,1,-3,2,4,-3,4,-5,4,-6,3,-2,-3,4,-5	bundled-knot-table
braid:dfe68b7f94aa11dd308b57d16c9e0e6f50228f8357722a7053940f5e96e2e6ac	2	7	-1,-2,-3,4,-3,5,2,4,-6,1,5,4,-3,-2,4,-5,4,6,-3,4,-3,2,4,-5,-4,-3	bundled-knot-table
braid:e0a1f562409fb4b3bf8601784b4a632a293cccec827470576660473d8871bf1b	2	7	-1,-2,-3,4,-5,-6,-5,4,3,2,4,1,5,4,6,4,-3,-2,-3,4,-3,-5,2,-5,4,3	bundled-knot-table
braid:e0c6b30b885018a5cffa0acfdb83cd0117fb85d55b051802dd9e853d741af51c	2	7	-1,2,-3,-4,5,-4,3,-2,-4,1,3,-5,3,6,2,3,-4,5,-4,-4,3,-2,3,-4,-5,-6	bundled-knot-table
braid:e1233858e788e3cd29256546132ea80f5a60fb3f5b08a80e045b76b1b712c38e	2	7	-1,-2,3,4,3,5,3,6,2,-4,1,-3,5,-4,5,-4,3,-2,3,-4,5,-6,-5,-4,3,2	bundled-knot-table
braid:e1e2844aa18e23f26f7ff191c89bdd46230573f889a86cac81bf9a2fda7b542f	2	7	-1,-2,3,4,5,4,-3,2,4,1,3,-2,-3,4,-3,-5,2,6,-5,4,-3,-5,-5,4,-5,-6	bundled-knot-table
braid:e40c7e3c5c734a0151008db3f40e59c81b353a002a0c1db7d6a528dda57e8fdf	2	7	-1,-2,3,-4,-5,-6,-5,4,-3,-5,2,4,6,1,3,-2,-3,4,-3,-5,2,-5,-5,4,-3,4	bundled-knot-table
braid:e49793f4226ca1823d233cd7138475188107c946c1a9301207a57800927287c4	2	7	-1,2,3,4,-5,4,6,-3,-5,-2,4,1,4,3,-2,4,-3,-5,4,-6,-3,5,2,4,-3,4	bundled-knot-table
braid:e6026abc34e5008b3069c4135e503319d8b5a27e88e2f8e40a4c30209c91b6f0	2	7	-1,-2,3,4,-5,4,6,-3,2,4,1,-5,4,-3,-2,4,-3,4,-3,-5,2,-6,5,4,4,3	bundled-knot-table
braid:e67d710625750d25aec062d4c0bf30a1988c0f1f1cd76155006a09c929cc75d3	2	7	-1,-2,3,-4,-5,-6,-5,4,-3,-5,2,4,6,1,4,4,3,-2,-3,4,-3,-5,2,4,-3,4	bundled-knot-table
braid:e6e7945a6e0ebafafae5ec532ad00faadb2656741a6f92b836b8311e1b64a835	2	7	-1,2,-3,4,-5,4,4,3,-2,4,1,-3,-5,4,-6,-5,4,-3,-2,-3,-4,-3,5,2,4,6	bundled-knot-table
braid:e7225b5536042b678b6a367a8ee82c37738bef709e304772d11e12a9e0bd3a26	2	7	-1,2,-3,-4,5,-4,6,-5,-4,3,-2,-4,1,5,4,-6,4,-3,-2,-3,4,-3,-5,2,-4,-3	bundled-knot-table
braid:e88c14f55a3309dbbde47456d242b00889059b94bc9f9e775afbedbadfd30a29	2	7	-1,2,-3,4,-5,-6,5,4,3,-2,4,1,4,3,-2,-3,4,-3,-5,2,4,6,-3,4,-5,4	bundled-knot-table
braid:e998a0b435d24ab0df0fd16390646ffc9dcb8d2559860d63068565931c68df63	2	7	-1,-2,3,-4,-5,-4,-6,3,2,-4,1,5,-4,-3,-2,-4,3,-5,-4,6,3,5,3,2,-4,3	bundled-knot-table
braid:eadde6574c08e87776eb96299834aa7530d3c7f866077cc9360808da0969f04f	2	7	-1,-2,-3,-4,5,-4,3,2,-4,1,-4,3,-5,-2,-4,-6,3,-4,-5,4,3,2,3,-4,5,6	bundled-knot-table
braid:ecd6dbb6ccc59b424d8b65bffdf200be07f1e37cf6632e4d7bd0a69855c894f3	2	7	-1,2,-3,4,-5,4,3,-2,4,1,-3,5,-6,5,4,-3,2,-3,4,-5,4,6,-3,-2,-3,-3	bundled-knot-table
braid:f04c36cf4bbf0c4098d22783c8f0d4604a7f84ad39a1f1ba612b41bf4e6b8dfd	2	7	-1,-2,3,-4,-5,4,3,2,1,3,-4,3,5,-6,5,-4,3,2,-3,-4,-5,-4,6,3,-2,3	bundled-knot-table
braid:f0853444a8d256c96516d6a99093871bc95b6885941f0b823db3e5f61f1a2d75	2	7	-1,-2,-3,4,-3,2,1,-3,4,-3,5,2,4,-3,4,-5,4,6,-5,-4,3,-2,-3,-4,5,-6	bundled-knot-table
braid:f346e1cbd872906ad12da2edc73db974dabc1ace28bed915001e4858d079a2f6	2	7	-1,2,-3,4,-5,4,6,5,4,3,-2,4,1,-5,4,-6,3,-2,3,4,5,4,3,3,2,3	bundled-knot-table
braid:f6113f1ae526e9d8dbb6030cb0e53b07ed1e13823b54180ae97bbeb92816ef28	2	7	-1,-2,3,-4,5,-6,5,-4,-3,2,-4,1,-5,-4,6,-3,-2,4,-3,4,-3,5,2,-4,-4,3	bundled-knot-table
braid:f6e3f97d5b811a3ebb3b4e64e52f8b5a811f1b4ae401aef6c0a634771910b15e	2	7	-1,2,-3,4,-5,4,3,-2,4,1,3,-2,3,4,5,-6,5,-4,3,3,2,3,-4,-5,4,6	bundled-knot-table
braid:f81a33d217dcbf630258c7d5c9f84d66fcbd0cbd348263fe2ca6decae01fb364	2	7	-1,2,3,4,3,5,-2,-4,1,3,2,3,-4,3,-5,-4,6,5,-4,3,-2,3,3,-4,-5,-6	bundled-knot-table
braid:fa1abeb43662f951a8621e1053719c844caa949c703680be9dee257dc469d064	2	7	-1,2,-3,-4,-5,-6,5,-4,3,-2,1,3,-2,-4,3,-5,3,6,-4,-4,3,2,3,-4,5,-4	bundled-knot-table
braid:fa33b37226aaa19978b4e3fb3ad87d4842048d31c1c6244cbd8c61c02ae19d45	2	7	-1,-2,3,-4,5,-4,3,2,1,-3,-2,-4,3,-5,3,6,-4,-4,3,-5,2,-4,3,-4,5,-6	bundled-knot-table
braid:fad7413d2c0cda49f962242a8c1808df09b62008fec2173c1d236281bd26b953	2	7	-1,-2,-3,4,-3,2,1,-3,4,-3,5,2,-4,-3,-4,-5,-4,6,-5,-4,3,-2,-3,-4,5,-6	bundled-knot-table
braid:faee9349f9f361754ff57a6da1791803cde3ff9b2a0af7e970032fd278fdeb52	2	7	-1,2,-3,4,-5,4,4,4,3,-2,1,3,-2,-3,4,-3,-5,2,-6,5,4,-3,4,-5,4,6	bundled-knot-table
braid:fc8cba059c0ef635136f8f2e224e1aac2bed645cf0b31b672583f3d13232b259	2	7	-1,-2,-3,4,-5,4,-3,2,1,-3,-4,-3,5,4,-6,-5,4,-3,-2,4,-3,5,4,6,-3,2	bundled-knot-table
braid:fec039b8e592111bdb94d335c7e3d98b00a15f9c35e3ae6b9b8f8bdc4ae9c14e	2	7	-1,-2,-3,4,-3,-5,4,6,-3,2,4,1,-5,4,-3,-2,4,-3,5,4,-6,-3,5,2,4,3	bundled-knot-table
braid:ff1a7115ca58143b990deb5330476e186f42857b545d15928bd92db2a01baf62	2	7	-1,-2,3,-4,3,-5,-4,6,3,2,-4,1,-5,-4,-3,-2,-4,-3,5,4,-6,-3,5,2,-4,3	bundled-knot-table
braid:005f7fe3c88447b75db8a98ecc8fea398ab28d59d6a7d116ff4bbe156bb6eca5	2	7	-1,2,-3,4,5,4,4,3,-2,1,-3,4,-3,-5,4,6,-5,4,-3,2,4,-3,4,5,4,-6,3,-2	bundled-knot-table
braid:0074157f99e5664710db2613a5b1acff52a9b9b92d8bed1e2e3be41050176a01	2	7	-1,-2,3,4,3,5,2,-6,1,3,-2,-4,3,-5,4,3,3,2,3,-4,3,5,-4,6,3,-5,-4,3	bundled-knot-table
braid:007fac8e63143df79d58de91e26e4ebd273b21bba4ff7ed3bb96362b063b3aef	2	7	-1,2,3,4,3,-5,4,-6,3,5,-2,-4,1,3,3,3,2,-4,3,-5,-4,6,3,5,-2,3,-4,3	bundled-knot-table
braid:01589e7fc28802a1ea6f38db89fd29efad7a8d0c3d3c29fc34d6f9b0ad2e70dc	2	7	-1,2,3,4,3,5,-4,6,3,-5,-2,1,-3,4,-3,2,-3,-4,5,4,-6,-3,-2,-4,-5,-4,3,3	bundled-knot-table
braid:030503445010c121ec7bb0f2b891d21d838812c6a15e8c1853209c5d3b175350	2	7	-1,-2,3,3,3,-4,3,-5,4,3,2,1,3,-2,-4,3,5,-6,-5,4,3,2,3,-4,3,5,-4,6	bundled-knot-table
braid:0305b1cf99611d2cbe7887729c81d9f7f22df8705ad745e9edcc344cfdd2f760	2	7	-1,2,-3,2,4,3,5,2,-4,6,-3,5,2,-4,1,-3,-2,-3,4,-3,-5,4,-6,3,-5,-4,-3,2	bundled-knot-table
braid:0501c7db25c999bb3d9e574f6001ced2ac3bc2a09a9d30f6975e991b8f2161a1	2	7	-1,-2,-3,-4,-5,-4,6,-3,5,4,-3,2,1,-3,-2,-3,-3,-3,-4,-3,-5,4,-6,3,5,2,-4,-3	bundled-knot-table
braid:053d3e371a18c841005ca9f2aedd216c3124b1422d34d88fb4ec7cdeb79352ce	2	7	-1,-2,3,4,3,2,1,3,-2,3,-4,5,-4,-6,3,-4,-5,4,3,3,2,3,-4,3,5,-4,6,-5	bundled-knot-table
braid:057c99debf0ba47011cca94ca09b6203585eb876404efd07f4c9dc6e6bfd61d4	2	7	-1,2,-3,4,-5,4,3,-2,4,1,-3,5,2,4,-6,-5,4,-3,4,5,4,6,3,-2,-3,4,-3,4	bundled-knot-table
braid:057fbe9ca77f2f701220fecf93d39c875215c7ca992ed825c1c0de5da49b43df	2	7	-1,-2,3,4,3,-5,-2,-4,-6,1,3,-5,-4,-3,-2,-3,4,3,5,3,6,4,3,5,-4,3,2,3	bundled-knot-table
braid:06c6810df060d3b3fb584459f9f5e5e3cba4c59fabd3e0f0b3dd5f6076431731	2	7	-1,2,3,4,3,5,3,-6,-2,-4,1,-4,3,-5,2,4,3,4,4,5,4,6,-3,-2,4,-5,-4,3	bundled-knot-table
braid:06d0f7e15c61c29a23e6b66564cb7aa2a4b8dd39ed9b25ace060dcb2c5744b56	2	7	-1,-2,-3,4,-3,-5,4,6,3,2,1,3,3,-4,-3,5,-3,4,-3,-2,-3,-4,-5,-6,5,4,-3,2	bundled-knot-table
braid:076b44364aae2efce4c6088fcd88734518ab8d1d57c63ced0f901c42de1b12bb	2	7	-1,-2,-3,-4,-3,-5,-3,4,-3,2,1,-3,-4,-3,5,-6,5,4,-3,-2,-3,4,4,-5,4,6,-3,2	bundled-knot-table
braid:076e1d95f49abc885eb75cd0cd0d759e1de77bb9f5d99fef647ab12deb7bd0ed	2	7	-1,2,3,4,3,-5,-2,1,3,-4,3,-2,3,4,3,5,2,6,3,-4,5,-4,-4,-4,3,-4,-5,-6	bundled-knot-table
braid:0771d576fac311d7785f593f6b6a97e015c2e6b5b5313ecd510cae79f0db4478	2	7	-1,-2,3,4,5,-6,-5,4,3,3,2,1,3,-4,3,5,-4,6,3,-2,-4,-4,-4,3,-5,-4,3,2	bundled-knot-table
braid:07b3da6a5140eb5b118ceb43b0ebd6c35a4cc2cc06390ab6a118487c85d5473d	2	7	-1,2,-3,4,5,4,3,-2,1,-3,4,-3,-5,4,6,-3,-3,2,4,-3,5,4,-3,-2,-3,-4,-5,-6	bundled-knot-table
braid:08e0fb2e0b69e46ddf9641150508789840307e767c8c55ea3e8ea66f968332cd	2	7	-1,2,3,-4,-3,5,-6,5,4,-3,-2,1,3,-2,-4,3,-4,-5,4,6,3,2,3,-4,-5,4,3,3	bundled-knot-table
braid:090bdc740daafd80a292bbe40b82f398e2bfb82d5fd1c363f62f719daec13c57	2	7	-1,2,-3,4,-3,5,-2,4,1,-3,2,-3,4,4,-3,-5,-4,6,-3,-5,4,-3,-2,-3,-4,-3,5,-6	bundled-knot-table
braid:094aa64888214c3e80e0174e2b851b6ff733dbc14c20815541eef0ef0ab2ccb3	2	7	-1,-2,-3,-4,-3,2,1,-3,4,-5,4,-6,-3,-5,-3,-4,-3,-3,-2,-3,4,-3,5,-4,6,-3,5,2	bundled-knot-table
braid:09886bf200e6f56220d518b8a9dfd575bdbf43cf1e5b903e6df482d370834670	2	7	-1,2,3,2,4,3,5,2,-4,6,-3,5,2,-4,1,-3,-2,-3,4,-3,-5,4,-6,3,-5,-4,3,2	bundled-knot-table
braid:0a05ed2f64dde94432989d5080a660af40845b000de878ef73dbfe04cbba2ce0	2	7	-1,-2,3,-4,3,5,2,-6,1,3,4,3,-5,4,3,-2,3,-4,3,5,2,4,6,4,3,-5,4,3	bundled-knot-table
braid:0a81166d11a39296d206753f6921f43029b5294fc52556604327ec9fc6d59b08	2	7	-1,-2,-3,4,3,3,-2,1,-2,3,-4,-3,5,-4,6,3,5,-4,3,2,3,4,3,-5,3,-6,4,-5	bundled-knot-table
braid:0bde9457e5b942a1584fc75ffdc6e2ffa711448da0c20e6eda2431213f3abfb5	2	7	-1,2,-3,2,-4,3,5,-4,6,-3,-5,2,1,-3,4,3,-2,3,-4,-3,5,4,-6,3,-5,4,-3,2	bundled-knot-table
braid:0c56dc332103f500565259c75e01ba853cee16c91913901739dc9a4ddb21049b	2	7	-1,2,-3,4,-5,-6,5,4,4,3,-2,1,-3,4,-3,-5,4,6,-3,-2,-3,-4,-3,5,4,-3,-3,2	bundled-knot-table
braid:0c6492e1aae2a04d9c7e1f5cfa2f13c24d2ed88c97b4485976ae569920cb9fae	2	7	-1,2,-3,4,5,4,6,3,-5,-2,-4,1,-3,2,-3,4,-3,5,-3,-6,-3,-3,-2,4,-5,4,-3,4	bundled-knot-table
braid:0d1b03c30623b4ee6799d5ad9a1ed2b5466fb5d23963be4cefa691e936e794de	2	7	-1,2,-3,4,-3,-5,-2,-6,1,5,4,-3,2,-3,4,4,-5,4,6,-3,-2,-3,-4,-3,5,-4,-3,-3	bundled-knot-table
braid:0e4ca1c41036cbdb086afcbb4a14d66159dc75d318142bf3127a10f493b7e83d	2	7	-1,-2,-3,-4,-3,5,4,-6,-3,2,1,-3,4,5,4,3,-2,-3,4,-5,4,6,-5,4,-3,-3,-3,2	bundled-knot-table
braid:0eaf92a608b52a840f4c0c157204d4087d123c046d34eef1aef71a0e346e7fc2	2	7	-1,-2,3,4,-5,-4,3,2,1,3,4,-3,5,4,-6,-5,-4,-3,-2,-3,4,-3,5,4,6,-3,2,4	bundled-knot-table
braid:0ed615cfffc8dfd6efc7964b6cc7b9634cb2c8623db6397fb7961f90d9d19fad	2	7	-1,2,-3,4,-3,5,-2,4,1,3,3,4,4,-3,-5,-4,6,-5,4,-3,-2,-3,-4,-3,5,2,-6,-3	bundled-knot-table
braid:0f133a91906f0b3c07ad9a03971ef247a5c5c74764880b432c679e868fdd71c1	2	7	-1,-2,-3,-4,3,-5,4,3,2,1,3,3,-4,3,5,-2,-6,3,5,-4,3,2,3,-4,-5,4,6,-3	bundled-knot-table
braid:10008fa908399a72d01d744f40a11836c81492e52f9af2672d2908c93e985a8c	2	7	-1,-2,-3,-4,-3,5,4,-6,-5,-4,-3,2,1,3,2,-4,3,-4,5,-4,6,-3,-2,3,4,-5,4,-3	bundled-knot-table
braid:102db6484809ec6f84fbae0cd5828b9dee2251a7dfca191f3209722cc1c108dc	2	7	-1,2,3,4,3,5,-2,4,-6,1,-3,-5,4,-3,-2,-3,-4,-3,5,2,4,6,4,3,-5,-4,3,3	bundled-knot-table
braid:115a0433eb0b9f4ade81a6f4fc49c3a9f29c842c1ecf0b1a5cdcad55ee249d5f	2	7	-1,-2,-3,4,-3,5,2,4,1,-3,-3,-2,4,4,-3,-5,-4,6,-3,-5,-3,4,-3,2,-3,-4,5,-6	bundled-knot-table
braid:1225abe4292f7583b696e2ccf1e65753a5875898724b2266a6cf20827a8054e5	2	7	-1,2,3,4,5,4,-3,-2,1,-3,4,-3,-5,2,4,-6,-3,4,5,4,3,-2,-3,4,-3,-5,4,6	bundled-knot-table
braid:12af5abf22f33d98136574178a46964f8ac79f0993eb22f80f79ab47bffc2d0e	2	7	-1,2,-3,-4,-3,5,2,-6,-3,4,-3,-5,4,-3,2,1,-3,-2,-4,-3,5,-4,6,-3,-5,4,-3,2	bundled-knot-table
braid:12d5f93388d7b4f9f75a886d34a5812844eeaaa13dc78ca684f0126b3f3d99fd	2	7	-1,-2,-3,-2,4,1,-3,2,-3,-4,-5,4,-6,-3,-5,4,-3,2,-3,2,-4,-3,5,-4,6,3,5,-2	bundled-knot-table
braid:1313048a484b204cae287e25511b071079b3b4b1f852df5047edc3e7698dcde4	2	7	-1,2,-3,4,-3,5,-2,4,1,-3,2,4,3,3,4,-5,-4,6,-3,-5,4,-3,-2,-3,-4,-3,5,-6	bundled-knot-table
braid:13a2ece0a8037654f6b4ea6658a86a39b153f2af4c70fc0a6babf8a29420dddd	2	7	-1,-2,-3,-4,-3,-5,4,-6,3,5,2,-4,1,-3,-3,-2,-3,-4,-5,-4,6,-3,5,-3,4,-3,2,-3	bundled-knot-table
braid:14f63875fcaee07c5f2cb3c994bd3ea218969034082a9bc2a685f8652eeeba6c	2	7	-1,2,-3,4,-3,5,-2,4,1,3,3,-2,4,4,-3,-5,-4,6,-5,4,-3,2,-3,-4,-3,5,-3,-6	bundled-knot-table
braid:156652e4f6c73b7f734e60a31f9a1d4529ba2d6877d0627c821fe159b7ae29e0	2	7	-1,-2,3,-4,3,5,-4,3,3,2,1,3,-2,-4,3,-5,4,-6,-5,4,3,3,2,3,-4,3,5,6	bundled-knot-table
braid:160b1fd87abebdd2302796725aac7ca459570f20bb9849197ec4de310f4b711e	2	7	-1,-2,3,-4,3,5,2,4,1,4,3,3,3,-2,4,3,-5,4,-6,-5,4,3,2,3,-4,3,5,6	bundled-knot-table
braid:1618510a3433aa2c80b144e471d0fa6410225ef17070fbdd46f99da5f5c6360a	2	7	-1,-2,3,4,-5,4,-6,-3,-5,4,-3,2,-3,2,-4,-3,5,-2,-4,6,1,3,5,-2,3,-4,3,2	bundled-knot-table
braid:161a759b8b84752273a89236d6ec2c595f964102a805843bc88f20f15b557a87	2	7	-1,-2,3,-4,3,-5,4,3,2,1,3,3,-4,3,5,-2,-6,3,5,-4,3,2,3,-4,-5,4,6,3	bundled-knot-table
braid:1642c94b0bb4f970c282ea62c328b57c61ebec6e50b1e14d8ed401791ea0647e	2	7	-1,2,-3,4,-5,4,-6,-5,4,-3,2,-3,2,-4,-3,5,2,6,1,-3,-4,-3,5,-2,-3,-4,-3,2	bundled-knot-table
braid:17ca4e3cd6974e380c95c995f9dc991d070fc62382dd3e4b7a2b2b4cef18c331	2	7	-1,-2,3,3,3,4,3,5,-4,6,3,5,2,-4,1,3,-2,-4,3,-5,4,-6,3,-5,3,2,-4,3	bundled-knot-table
braid:17caec873143c03db51b27dbff62b54a7d35f729f9c08a8326f49a8a2255ee9d	2	7	-1,2,3,2,4,3,5,2,-4,6,3,5,2,-4,1,3,-2,3,4,3,-5,4,-6,3,-5,-4,3,2	bundled-knot-table
braid:18ebb57b86134b57c4516bd8f254391ab5ca4e386120fe6815c133cd58f08369	2	7	-1,-2,-3,4,-3,5,-3,2,4,1,3,-2,3,4,-3,-5,-4,6,-3,-5,4,3,2,3,3,-4,5,-6	bundled-knot-table
braid:1908d1952a0ec1773f24f748797a93d048d5ef0674673564fb617b00035cb094	2	7	-1,2,3,4,3,-2,1,3,-4,5,-6,-5,4,3,-2,3,-4,5,-4,6,-4,-4,3,2,-4,-4,-4,-5	bundled-knot-table
braid:198a94a31231207d9ea9a587712d29af996a090738c809b0ba8b1b50bd146b11	2	7	-1,2,3,4,3,-2,1,3,-4,5,-4,3,-4,3,-4,-4,-5,-6,-5,-4,3,-2,3,4,3,5,2,6	bundled-knot-table
braid:1a2a900b9ee57ebcd8761ec0b01d097847be8d0b32292a3090e57dcbdcd2ddfd	2	7	-1,-2,-3,-4,-3,5,4,-6,-3,5,2,1,-3,2,4,4,-3,4,4,4,-5,-4,6,-3,-5,-2,4,-3	bundled-knot-table
braid:1a39baf870a5715d16809d905eaab7723fe945b18bd683290f796760ca3b266a	2	7	-1,-2,3,-4,3,-2,3,4,5,-6,-5,4,3,3,-2,1,-2,3,-4,3,5,-4,6,3,2,3,4,-5	bundled-knot-table
braid:1a5a107abd8dcafd31d2bd743f3d9677e99892561606f7c97c4b4719f3b6b92d	2	7	-1,2,3,-4,3,-5,-4,3,-2,1,3,4,3,5,-4,6,3,-4,-5,-4,3,-2,3,4,3,5,2,-6	bundled-knot-table
braid:1a75fca3f8e365998cffacd6da81914e7c210a49d70e35cb52ac260c61788bcd	2	7	-1,-2,3,4,3,5,2,-6,1,3,-2,-4,3,-5,-4,3,2,3,4,3,5,3,6,-4,3,-5,-4,3	bundled-knot-table
braid:1b05efdb532a1245dae6828f2944cc35508a2043ce7b7d4057059c84bfa9d7af	2	7	-1,-2,3,-4,-5,4,6,3,5,-4,3,2,1,3,4,-3,-5,-3,-6,-2,3,-4,3,5,2,-3,-3,-4	bundled-knot-table
braid:1b984ef07349d5d2a809f856850e8334be946a6b7ce403c36f5d7b9a9fa623c0	2	7	-1,-2,3,4,3,3,2,1,3,-4,3,5,3,-6,3,5,2,-4,-3,-4,-5,-4,6,3,-2,3,-4,-5	bundled-knot-table
braid:1bc4e8a9c9cbd91d99ddc65c746c873a0e1ffad6362f95a02372a3a7f10f5b0a	2	7	-1,-2,3,-4,3,5,-4,6,-5,-4,3,2,1,3,-2,3,4,3,5,-4,-6,3,2,3,-4,-5,4,3	bundled-knot-table
braid:1d85bc51bd160c8323a7bcbf372a2b0a668f87dcec196cfe3e05000c13f31062	2	7	-1,2,3,-4,3,-4,-5,4,-6,-5,4,3,-2,1,3,-4,3,5,-2,6,3,-4,3,5,2,-4,-4,3	bundled-knot-table
braid:1ed97917085d1a5c46d4587142764316121958205538b3a7416889fbfa49fb98	2	7	-1,-2,3,-4,3,2,1,3,4,-5,4,-6,-3,5,4,-3,4,-3,-2,4,3,4,-5,-4,6,3,5,2	bundled-knot-table
braid:1ff2fae4edc953491f8b8c71fdcee5a1110f49e4e9d6f74c819e81698b1b465d	2	7	-1,2,3,-4,-3,5,-4,6,-3,5,2,1,-3,-4,-3,-2,-3,-3,4,-5,4,-6,-3,-5,4,3,3,2	bundled-knot-table
braid:20bfa9393a303b2432beae76a85e5d01f75a559cc810bb756359b8fcf10a6c97	2	7	-1,-2,-3,-4,-3,-5,4,-3,2,1,-3,-4,-3,5,-3,-6,5,4,-3,-2,-3,4,4,-5,4,6,-3,2	bundled-knot-table
braid:21de620faa8fb119a5a0834b8e9cc65bedc8f7e5a9bb298768f0d7b22e33cc15	2	7	-1,-2,3,-4,3,5,-4,-6,-5,-4,3,2,1,3,2,-4,3,-4,5,-4,6,-3,-2,3,-4,-5,4,3	bundled-knot-table
braid:21f83b7322f31be9510325e7c2d4f39e9a8472a9f8156b91e0945910352e1b2c	2	7	-1,2,-3,4,5,4,3,-2,4,1,-3,4,-3,-2,4,-5,4,6,-3,4,5,4,-3,2,-3,-4,-5,-6	bundled-knot-table
braid:229e5b311a6805fb543012fbca7963c7b174558ad5c143ad042ccb370d6ba6d4	2	7	-1,-2,3,4,3,3,2,1,3,-4,3,5,-6,5,-4,3,3,2,-3,-4,-5,-4,6,3,-2,3,-4,-5	bundled-knot-table
braid:24b178f8106cb9ecadabd1e1bde81735a141c22b2c1e2ef4b7f40fe3c2a59e65	2	7	-1,2,3,-4,3,5,-4,6,3,-2,1,3,-4,3,-4,-5,4,3,-2,3,-4,5,-6,-5,4,3,3,2	bundled-knot-table
braid:24d368e224379c81c09e2847c2a17e33829d9883e7caf812b250dba82216aa5e	2	7	-1,2,3,4,3,-5,-2,1,3,3,3,-4,3,-2,3,4,3,5,2,6,3,-4,5,-4,3,-4,-5,-6	bundled-knot-table
braid:258a1d608f812135707a527582d42235ea9343510a9b74752bb49e136c69e76f	2	7	-1,2,3,4,3,5,-2,4,-6,1,3,-5,4,3,-2,3,-4,3,5,2,4,6,4,3,-5,-4,3,3	bundled-knot-table
braid:25ac986dedc3ba9fed6ac5bf0875fcb97167bbcf0090fc4ff9234e122c81088d	2	7	-1,2,-3,4,5,4,4,3,-2,1,-3,-2,4,-3,-5,4,6,4,-5,4,-3,2,-3,-4,-3,5,4,-6	bundled-knot-table
braid:25f3b829a62732bd9ad1e7aed923b483071d774cc933722bb79a06fa63876b02	2	7	-1,-2,3,4,-5,-4,3,2,1,3,4,-3,5,-3,-6,4,4,3,-5,4,3,-2,3,-4,3,5,2,6	bundled-knot-table
braid:266207973f9f539be09494af7a7af98d32abf04709c8b6b08ff36ce87a2fbdbb	2	7	-1,2,3,4,3,2,1,3,-2,3,-4,3,-5,4,-6,3,-5,4,3,3,2,3,-4,3,5,-4,6,5	bundled-knot-table
braid:26eb7753bc8a40c179bea3882befac29e6ba47614f7d90037dede3e5b3e117ae	2	7	-1,2,-3,2,4,1,-3,-5,-3,4,-3,-2,-3,-4,-3,5,-4,-6,-3,-5,4,3,2,3,3,-4,5,6	bundled-knot-table
braid:274249e6ec51b18888c1ba7b0a042203e4923214ea7bae867631c79150cbc61b	2	7	-1,2,3,4,3,-5,4,-6,-5,4,3,-2,1,3,-4,3,5,-2,6,3,-4,3,5,2,4,4,3,3	bundled-knot-table
braid:2876000c56bb60ee22c3fe14a893e2746adc515402c419aa4aa071f761ed8f83	2	7	-1,2,3,4,3,-2,1,3,-4,5,-4,-6,3,-5,-4,3,-2,3,4,3,5,3,6,-4,3,-5,3,2	bundled-knot-table
braid:29d6ab72d7070c6048749461f1008d871cb9d3769f5c14b596807db7da3e8386	2	7	-1,-2,3,-4,3,5,-4,3,2,1,3,-4,3,-5,-6,-5,4,3,-2,3,3,-4,3,5,4,6,3,2	bundled-knot-table
braid:2a624498f56263a598f8770ce0075a9e7aa7f3b91d10468cea3f4312e6a503c2	2	7	-1,2,-3,4,4,-5,4,6,-3,-3,-3,-2,1,-3,-4,-3,-5,4,-3,-2,-3,-4,5,-6,5,4,-3,2	bundled-knot-table
braid:2ad28222a5452187f490fe7c6ce47026863ff1c2e49e7a2b04dcaa68afee5e62	2	7	-1,2,3,4,3,-5,-6,-5,4,-3,2,-3,-4,3,5,2,4,6,1,3,-2,3,-4,3,5,-4,3,2	bundled-knot-table
braid:2c318fbc389bff8785649e4fb2396006cb3922619b07cf09a20b80b147b11a35	2	7	-1,-2,3,-4,-5,4,6,3,5,3,3,4,3,2,1,3,-2,-4,3,-5,-4,-6,3,5,2,3,3,-4	bundled-knot-table
braid:2c443b4efaacb2b2bcefd46f9ca2bc858476bc109c8e7f0dd82fb00a2ca41e5a	2	7	-1,-2,-3,-4,-3,5,-3,-6,-3,5,4,-3,2,1,-3,4,4,-5,4,6,-3,-2,-3,-4,-5,4,-3,2	bundled-knot-table
braid:2d03beb69d60900126e6d34f780971fd761699887822b3dd2ad45eda1d059c3b	2	7	-1,-2,3,-4,3,2,1,3,4,-5,4,-6,3,5,3,3,3,-2,-4,3,-4,3,-5,-4,6,3,5,2	bundled-knot-table
braid:2d1b4dd05276aa46a9e2a337448869cd0a98f77e482bd87ec8bf9c2dfa57d615	2	7	-1,2,-3,-4,-3,-5,4,-3,-2,1,-3,-4,5,-6,5,4,-3,2,-3,4,4,-5,4,6,-3,-2,-3,-3	bundled-knot-table
braid:2dab177e83ad99ae073de2001f62a3a56d31c2da93440aea08e981021b06265e	2	7	-1,-2,-3,4,-3,5,-3,-6,2,4,1,4,-3,4,5,4,4,3,-2,-3,4,-5,4,6,-5,-4,-3,2	bundled-knot-table
braid:2dbccfc84558322bc5725fd8a162d5cf6da0aca765a2859292fea23ad7036ac5	2	7	-1,2,3,4,3,-2,1,3,3,3,2,-4,5,-4,-3,-4,-5,-6,5,-4,-4,-4,3,-2,3,-4,-5,6	bundled-knot-table
braid:2f80503bd3feee46309d3110c7ab2195b6c46a09991891361db6dcc07606611f	2	7	-1,2,-3,4,-3,-5,4,-6,-3,-5,4,-3,2,-3,2,-4,-3,5,2,-4,6,1,-3,5,2,-4,3,2	bundled-knot-table
braid:2fba84cccd05dad029cef0bd1d6ed5be1d3331a4e5642606bd348bed23b9bdf9	2	7	-1,2,-3,4,-3,5,-2,4,1,-3,2,-3,4,4,-3,-5,-4,6,-3,-5,4,3,-2,3,-4,-3,5,-6	bundled-knot-table
braid:3050747b76af0b92cb8056a4d9ade2d17f9f6a45b5dd6ac048d683853f7e9c1e	2	7	-1,-2,3,4,3,5,-4,6,3,5,2,-4,1,3,-2,-4,3,-5,4,-6,3,-5,3,-4,3,3,2,3	bundled-knot-table
braid:311eb1e3aa871f06ddf4d6736094b8f15a7d96e9c58015fac741111c69b405a3	2	7	-1,-2,-3,-3,4,4,3,-5,4,6,3,5,-4,3,2,1,3,-2,3,4,3,-5,2,-4,-6,3,5,4	bundled-knot-table
braid:31b8afb4d521c48f8aae65946d52e853ffa1454bc31bfb41ebecc5b3a835e7a0	2	7	-1,-2,-3,4,-5,-4,6,-3,2,1,-3,4,-5,4,3,-2,3,-4,3,5,2,-6,5,4,-3,4,-3,4	bundled-knot-table
braid:33311bf724d9df71a0ae726b252c1df1ef80aa9ce626d558f30d8a8c006c8ee4	2	7	-1,-2,-3,-2,4,3,-5,-4,6,3,-2,3,4,-5,4,-3,2,1,-3,-2,-4,3,5,-6,5,-4,3,-2	bundled-knot-table
braid:35621c45df0ac5848cb4308415fff5ce9d6096757359e3673a585a53f2dfab55	2	7	-1,2,3,4,3,-5,3,-6,3,4,3,5,-2,-4,1,3,2,-4,3,-5,-4,6,3,5,-2,3,-4,3	bundled-knot-table
braid:361e8576c5f9cceba8f6bd93108169c06e53557867baf5feaa08aa22e646cf71	2	7	-1,2,3,-4,3,-4,-5,4,3,-2,1,3,-4,3,5,4,6,4,-5,-4,3,-2,3,4,3,5,2,-6	bundled-knot-table
braid:36a8721f3551518d1be84015597934d477b5a4c4604fe355b33c8bbd6d161982	2	7	-1,2,3,4,3,-2,1,3,3,3,3,3,2,-4,5,-4,-3,-4,-5,-6,5,-4,3,-2,3,-4,-5,6	bundled-knot-table
braid:36d85314d4dc89559095acc43b303d88e18ed1ff283e8d6ac0cf6ebb44cfa6d5	2	7	-1,2,3,-4,3,-5,-4,-6,-5,4,3,-2,1,3,-4,3,5,-2,6,3,4,3,5,3,-4,3,2,3	bundled-knot-table
braid:3a284729e8a8b9cd30df1c80b2fc59b97fd91e3046550e6605ef88c62d7a25cb	2	7	-1,2,3,4,-5,4,-3,-2,4,1,-3,2,-3,4,5,4,6,-5,4,-3,-2,-3,-4,-3,5,4,-6,4	bundled-knot-table
braid:3a29aba93516c74c30fe9fb0c28ca2d6bf9e16be60df43af3315d23f128af985	2	7	-1,2,3,4,3,-2,1,3,-4,5,4,-6,3,-5,-4,3,-2,3,4,-3,5,-3,6,4,-3,-5,-3,2	bundled-knot-table
braid:3a384ca1b81134f33b081b21a00ba8f1af552b981b8af3415fc3beecb92054c9	2	7	-1,-2,3,-4,3,-5,-4,6,3,5,4,3,2,1,3,-2,-4,3,-5,4,-6,3,5,3,2,3,3,-4	bundled-knot-table
braid:3be1b98557cc65134bd33c09ccdb7ecba713726beea8fc9618951b4c0fc3d6c7	2	7	-1,2,-3,4,-3,5,-2,4,1,-3,-3,2,4,4,-3,-5,-4,6,-3,-5,-4,-3,-2,-3,4,-3,5,-6	bundled-knot-table
braid:3c6df9b3d05f891c4118e334b4acf286916fc71dcff7171805850ce9d3830606	2	7	-1,-2,3,-4,-3,-5,4,3,-2,1,3,2,3,-4,-3,5,4,-6,3,-5,4,-3,-2,-3,-4,3,5,6	bundled-knot-table
braid:3d017b879800b75126ee0f965eb346dbcb93a08537004ca4aa42b254ad397d5b	2	7	-1,-2,-3,4,-3,2,1,3,-2,3,-4,5,4,-6,-3,4,-5,4,3,3,2,3,-4,-3,5,4,6,-5	bundled-knot-table
braid:3d1153ca7278edadfe745ad5bc3239b4e62bc9c6257fdb16389bbea02352cd2e	2	7	-1,-2,-3,-4,-3,5,4,-6,-3,5,2,4,1,4,-3,2,4,4,-3,4,-5,-4,6,-3,-5,-2,4,-3	bundled-knot-table
braid:3d6b8ad31d69a2e185fffe8345386b3da131a4ab0dac475b46e03d7335e26230	2	7	-1,-2,3,-4,-3,-5,4,3,2,1,3,3,-4,-3,5,-2,-6,-3,5,4,-3,2,-3,4,-5,4,6,3	bundled-knot-table
braid:3d86e30199ed127a64b99a0679ba709ba17c59c3e51e416d283104b7b04ec8d6	2	7	-1,-2,3,4,3,5,2,1,3,2,-4,-3,-4,-5,-6,5,-4,3,-2,3,3,3,-4,3,-5,-4,6,3	bundled-knot-table
braid:3d9d7c3067d42a84974c12f5e6ce15ffa3d3aaecfd59d7dcd286e5dc3a5f8e8d	2	7	-1,2,3,4,3,-5,4,-6,3,5,-2,-4,1,3,-4,3,-5,3,6,2,3,-4,3,5,-2,3,-4,3	bundled-knot-table
braid:3ddce983c8986869551879bf00b17a8e88ea50316c2563f455d8913066974a06	2	7	-1,-2,3,-4,3,-5,-4,6,3,5,-4,3,2,1,3,4,3,-5,3,-6,-2,3,4,3,5,3,2,-4	bundled-knot-table
braid:3e1e8b49a8f81ab191c35475e3a56e97f218493a6ba1a34c5d6c5dc358588cf9	2	7	-1,-2,3,4,3,5,3,-4,3,2,1,3,3,-4,3,-5,-4,-6,-5,4,3,-2,3,-4,3,5,2,6	bundled-knot-table
braid:3ee8d411790688784ad6b333da103bb0b85f7fbcd6b6e29f49916fc58e86cf22	2	7	-1,2,3,-4,-5,-4,-3,-2,-4,1,3,3,-4,3,5,-6,5,-4,3,2,-4,-3,-4,-5,-4,6,3,-2	bundled-knot-table
braid:3f1bc06fffc9da5b1b7ca9a5ee512cf4710ca11748f591734c7ecb16d8001b83	2	7	-1,-2,3,-4,-5,4,6,3,5,-4,3,2,1,3,-2,3,3,4,3,-5,-4,-6,3,5,2,3,3,-4	bundled-knot-table
braid:3f1c61c86948ef413f260a86134af63c144d3a492c3e8adf7cd79da8f6aa38f5	2	7	-1,-2,3,4,3,5,3,-2,-4,1,3,3,2,3,4,3,-5,-4,-6,3,-5,-4,3,-2,3,4,5,6	bundled-knot-table
braid:3f66c4db73a2825256fd8025826fb9b746f24e0a6f0a190d947a1c68ae9797bd	2	7	-1,2,-3,-3,4,-3,-5,4,6,-3,-2,1,-3,-4,-3,-5,4,-3,-2,-3,-4,5,-6,5,4,-3,2,4	bundled-knot-table
braid:409ed961446966e8ace4df223166f307636a0c5e48b9a4d0336a097c7bfe753b	2	7	-1,2,3,4,3,-2,1,3,-4,5,-4,-6,3,-4,-5,4,3,-2,3,-4,3,5,-4,6,-4,3,-5,2	bundled-knot-table
braid:4247a6dbee56f7595c2bf3615351b45af01a8fe25aba0f472f89f88a8444910f	2	7	-1,-2,-3,-2,4,1,-5,4,-3,2,-3,-4,-3,5,2,-6,-3,-4,-5,4,-3,2,-3,-4,3,5,-2,6	bundled-knot-table
braid:424a3f4ae73b6d30e87f8c40e5b5bbfcb9957a83fd09148afde17343782b87b5	2	7	-1,2,3,-4,-5,-4,-3,-2,-4,1,-3,-3,-4,3,5,-6,5,-4,3,2,-4,-3,-4,-5,-4,6,3,-2	bundled-knot-table
braid:42b7ad65e7c35d6bb2e2390c2fc3da67e3fc3b4569cabdd679d87b0175827eca	2	7	-1,2,-3,2,4,1,-5,4,-3,2,-3,-4,-3,5,2,-6,-3,-4,-5,4,-3,2,-3,-4,3,5,2,6	bundled-knot-table
braid:4345d8c145421fc5e7bf0929ea5100870e91695711198c30a9e25b4e01909f5a	2	7	-1,-2,3,4,3,5,2,1,3,-4,3,-4,3,-5,-6,-5,-4,3,-2,3,4,3,5,2,6,3,-4,3	bundled-knot-table
braid:436d012aa57789939c1d27b1dbb6f86e377a4cfda1389b62e7d9f1f78062bb00	2	7	-1,-2,3,-4,3,5,-4,-6,3,-5,4,3,3,2,1,3,-4,3,5,-2,-4,6,3,-5,4,3,2,3	bundled-knot-table
braid:43a3472dff12d1ff8ddca3d08aea7a73b1e980c45557ee1be9e5a33b6017cd80	2	7	-1,-2,-3,-4,-3,5,-3,-6,-3,4,-3,2,1,-3,4,5,4,3,-2,-3,4,-5,4,6,-5,4,-3,2	bundled-knot-table
braid:43f18516db4fc9375126e7d91ea3340e7a8d1c57eaf5e5ef0c40f92259a74064	2	7	-1,2,-3,4,4,-5,4,6,-3,-2,1,-3,-4,-3,-5,-3,-3,4,-3,-2,-3,-4,5,-6,5,4,-3,2	bundled-knot-table
braid:449ef6258221d0abc3250a03b779340638c4e106d862a00bc3c99d196d8805b9	2	7	-1,2,-3,4,5,-6,-5,4,-3,2,-3,2,-4,-3,5,2,-4,6,1,-3,-2,-3,4,-3,-5,-4,-3,2	bundled-knot-table
braid:44b7cd2615dac4f9cc88ed55202d05e8a69705e6431c73f1f0b46451ab868e28	2	7	-1,2,-3,-4,-5,-4,3,-2,-4,1,-3,-4,5,-4,-6,-4,3,2,-4,5,-4,-3,-4,-5,-4,6,3,-2	bundled-knot-table
braid:463de792eb170105beed7dac4dcd4b2578ed70f432a497ad1e2f778bf900f5c9	2	7	-1,-2,3,-4,3,5,4,6,3,-5,-4,3,2,1,3,4,3,5,3,-6,-2,4,3,-5,4,3,3,2	bundled-knot-table
braid:46a9a7ef6c518240c37ba4f44edc5ff042a650962e8ce7c85d3b203bde69c257	2	7	-1,2,3,4,3,-5,4,-6,3,5,-2,-4,1,-4,-4,3,2,-4,3,-5,-4,6,3,5,-2,3,-4,3	bundled-knot-table
braid:46d9d84f0ad9b7ca1baf2b9ba52e64e2895e469c3fac87db4abbaaabc7f8e1e3	2	7	-1,-2,-3,4,-3,-5,4,6,-3,5,2,4,1,3,2,4,-3,-5,4,-6,4,5,4,3,-2,4,4,-3	bundled-knot-table
braid:46f4483ef955dbe2c8233bf9055131af3d719cf5814c879495edef9d520066bd	2	7	-1,2,3,-4,-5,-4,6,-3,-2,1,-3,2,4,-3,4,-3,4,-5,-4,-3,-2,-3,4,-3,5,-6,5,-4	bundled-knot-table
braid:47481ce10eae768337c9254519332c19fbcb64ac910ceceab7aeacdb3f6393ae	2	7	-1,2,-3,4,-5,4,3,-2,4,1,-3,5,4,6,4,-5,-4,-3,-2,-3,4,-3,5,2,4,-6,-3,4	bundled-knot-table
braid:47b6210a75c0eb7705d449d578f995e7603b6611ca418ea9d6451df57866891b	2	7	-1,-2,3,-4,3,5,2,4,-6,1,4,3,-5,2,4,3,4,4,5,4,6,-3,-2,4,3,-5,4,3	bundled-knot-table
braid:47bea608d4679b1f745dcea15933bb0633e2ae04348f339832bc7f867b70763f	2	7	-1,2,3,4,3,-2,1,3,-4,5,-6,-5,4,3,-2,3,3,3,-4,5,-4,6,-4,-4,3,2,-4,-5	bundled-knot-table
braid:4962137a90f4b15844d8efcad4caeb7c68aceeb5286bd55e973bae3a9e38fe80	2	7	-1,2,3,-4,5,-4,-6,-3,-5,-2,4,1,3,3,2,3,-4,3,5,-4,6,3,-2,-4,3,-5,-4,-4	bundled-knot-table
braid:49dec05faa8a36e337c3a01a51cd136a3b555ed6c29ebdf9f28fea5e2f8a7f89	2	7	-1,2,-3,4,-3,5,-2,4,1,-3,-3,-2,4,4,-3,-5,-4,6,-5,4,-3,2,-3,-4,-3,5,-3,-6	bundled-knot-table
braid:4b5d80e1f2d905b02d14c9d6c15b8243e8ac860786d5c0cc3d28e006d61e1c4d	2	7	-1,-2,3,4,3,5,-4,6,3,5,2,-4,1,3,-2,3,-4,3,-4,-5,4,-6,3,-5,3,2,-4,3	bundled-knot-table
braid:4b9e17e1b99d0efbcd4cbe7887d65c8a4870af4e35fb13005d70e3e1aaab313d	2	7	-1,-2,-3,-4,-3,5,4,-6,-3,5,2,1,-3,2,4,4,-3,4,-5,-4,6,-3,-5,4,3,3,-2,-3	bundled-knot-table
braid:4bed80be8f70a5053ffab8dede38ded6a63a08d2c4b0b45c4b40807bef3ef98e	2	7	-1,2,-3,2,-4,-3,5,2,4,6,-3,2,1,-3,-2,-4,-3,-5,-4,-3,2,-3,4,5,-6,-5,4,-3	bundled-knot-table
braid:4c65f0319ce1ee92d6e203e22789beb2db0a0053f91a95221cf78cf561d3ff4b	2	7	-1,2,3,4,-5,4,6,-3,-2,1,-3,-2,4,-3,4,-5,-4,-3,2,-3,4,-3,5,4,-6,-3,5,4	bundled-knot-table
braid:4c89a70c04d83d2c6633ee6eca672326bca5f1ee522753db9b993373ef91615e	2	7	-1,-2,3,4,-3,-5,4,-6,-5,4,3,3,-2,1,3,-4,-3,5,-2,6,-3,-4,-3,5,-4,-3,2,3	bundled-knot-table
braid:4ca02bd6fe2dc73992d8da834b18a8007c7950fb4a177d9cb0c56ba21ef2c978	2	7	-1,2,-3,4,-3,-2,1,-3,-4,-5,4,3,2,3,3,-4,3,5,3,-6,5,-4,3,-2,3,-4,-5,6	bundled-knot-table
braid:4d1002ef51a5bb33604b44cec7439718e5d163c3e23e1355e5bdcf97e488bdde	2	7	-1,-2,-3,-4,-3,5,4,-6,-3,5,4,-3,-3,2,4,1,-3,2,-3,4,-5,-4,6,-3,-5,-2,4,-3	bundled-knot-table
braid:4d261edf549bee53c964fca33a376d855f25dfbbbd531e0a3c9b09c3c306b0be	2	7	-1,-2,3,4,3,5,-4,6,3,5,2,-4,1,3,-2,-4,3,-4,-4,-5,4,-6,3,-5,3,2,-4,3	bundled-knot-table
braid:4d62be87ea8d3067b4804d37b11b0d12b2e43c2a000a312b4da7d09929fbead6	2	7	-1,-2,3,4,3,-5,-4,6,3,5,-4,3,2,1,3,-2,3,4,3,-5,4,-6,3,5,3,2,4,3	bundled-knot-table
braid:4dd5a48b74a10c6e036a581c1a88dbd87f49df7a49ec6eb9240fd6c05fc9a79a	2	7	-1,2,-3,-4,5,-4,6,3,-2,1,-3,4,-3,-5,4,3,-2,3,3,-4,3,5,-4,-6,3,-5,2,-4	bundled-knot-table
braid:4e49da7336d8acf32a41213345798d3af17a6748e2425eddb91491037e2d42c5	2	7	-1,2,-3,4,-3,-2,1,-3,-4,-5,4,3,2,3,3,-4,3,5,-6,5,-4,3,-2,-4,3,-4,-5,6	bundled-knot-table
braid:4f84fdb38c0c03260b375cf1537d9875fbf50c3699d8ac4895541e9f02dd76e3	2	7	-1,-2,-3,-4,-3,5,-6,5,4,-3,2,1,-3,4,4,-3,-5,-3,6,4,-3,-2,-3,-4,-5,4,-3,2	bundled-knot-table
braid:4fb64ffb018ccfff8fbf884b5336395b61dfcacfe0f2190d628d04babb5c416b	2	7	-1,-2,3,4,-5,-4,3,2,1,3,4,-3,5,4,-6,-3,2,-3,4,5,4,3,-2,4,-3,4,-5,6	bundled-knot-table
braid:50d49a3beff55e164853ffb9fa0d96af4cd25f11045255dd5f365c1729181769	2	7	-1,2,3,4,3,-2,1,3,-4,-5,4,-6,3,5,-2,4,3,3,4,4,3,-5,-4,6,3,5,3,2	bundled-knot-table
braid:50d867871180c586216c45f71500104a0736ea5ce0a323645269f7f12ab7df9a	2	7	-1,-2,3,-4,3,2,1,3,4,-5,4,-6,3,5,3,-4,3,3,-2,3,-4,3,-5,-4,6,3,5,2	bundled-knot-table
braid:5115ee5841a2191f626c865b7e34e36e7f6a0116552d0a2bd0c48c8840ecfaa0	2	7	-1,2,3,-4,3,3,3,-4,3,-5,-4,3,-2,1,3,4,5,-6,-5,4,3,-2,3,-4,3,5,2,6	bundled-knot-table
braid:5123ef8e586ab1771b29618b9d694bdde6e87515285f698a63ce4bfb83e10181	2	7	-1,2,-3,4,5,-6,5,4,4,3,-2,1,-3,4,-3,-5,-3,6,-3,-3,2,4,-3,4,-5,4,3,-2	bundled-knot-table
braid:51fede509f5324ba6e243b13f43167206bdfc05bbf9289d2e31158ccb39e68b4	2	7	-1,2,-3,4,4,5,4,6,3,-5,-2,-4,1,-3,2,-3,4,-3,5,4,-6,4,-3,-2,4,-3,-5,4	bundled-knot-table
braid:52334b192ef506392bdcac94b5486336e0e58934c26cd43a69a0509a0c9d7c8d	2	7	-1,2,3,-4,3,-5,-4,3,-2,1,3,4,3,5,-4,6,3,-4,-5,-4,-3,-2,-3,4,-3,5,2,-6	bundled-knot-table
braid:5266fe6e41c5168e8972c79739b1064ae234733ff5e73bb30f174b1fd6f1e2c5	2	7	-1,-2,3,-4,-5,4,6,3,5,4,3,3,3,2,1,3,-2,-4,3,-5,-4,-6,3,5,2,3,3,-4	bundled-knot-table
braid:52873febc2a74b355e7c3650a552d98c34626be7bc18db3d4298e8191952b11e	2	7	-1,2,-3,2,4,-3,5,2,-4,6,-3,5,2,-4,1,-3,-2,-3,4,-3,-5,4,-6,-3,-5,-4,-3,2	bundled-knot-table
braid:52c90b037faa85274541272c0e2dc88b7ea768a5861c4a851bd035b5e54ee58c	2	7	-1,-2,3,-4,3,5,2,1,3,3,-2,-4,3,-4,-5,4,-6,3,-5,3,4,3,2,3,-4,3,5,6	bundled-knot-table
braid:530903bd6517589607942dd44be2268b3c44224674d9239afde4ea5318cd8e25	2	7	-1,2,-3,4,-3,5,-3,-3,-3,-2,-4,1,3,2,-4,3,-5,-4,6,-5,4,3,-2,3,-4,-3,5,-6	bundled-knot-table
braid:5327a87423de65483e3e4d6bfd7ab4d6efbce81d8fa48cb20bf65c1c4a2d8f1b	2	7	-1,2,-3,-2,4,3,-5,4,6,-3,-5,4,-3,2,-3,2,-4,1,-3,5,2,-4,-6,3,5,-4,3,2	bundled-knot-table
braid:53452af5e8453b8723ad75b10e61f819e4dec0947f8d55576c90ba976929d5a9	2	7	-1,2,3,-4,-5,-4,6,-3,-2,1,3,4,-5,4,-3,2,4,-3,4,5,4,-6,3,-2,4,3,5,-4	bundled-knot-table
braid:541f513f9a25a1a06573035abccaeb190b6bdb5636f14a9c022637b89580e45f	2	7	-1,2,-3,4,5,4,3,-2,1,-3,4,-3,-5,2,4,6,-3,-3,4,-3,5,4,-3,-2,-3,-4,-5,-6	bundled-knot-table
braid:542384cb8c7eec39cb2650613e0ea3f5c7677d0aafbaa30fa23224b415087128	2	7	-1,2,-3,4,-5,4,3,-2,1,-3,4,-3,2,4,-3,5,-3,6,4,-3,5,4,-3,-2,-3,-4,-5,-6	bundled-knot-table
braid:55147fe15fb785d559a6628c4858ad8863c3dc103d00a88eab923fb3039aa8a9	2	7	-1,-2,-3,4,-3,4,-5,4,-3,2,4,1,-3,2,4,5,-6,5,4,-3,4,-5,4,6,3,-2,3,4	bundled-knot-table
braid:552e2519bc9cfa771bc2a15a5d95f0f52380db6b02da563b825a3b89c3d22e9d	2	7	-1,-2,3,4,3,5,2,1,3,2,-4,-3,-4,-5,-6,5,-4,3,-2,3,-4,3,-5,3,6,3,-4,3	bundled-knot-table
braid:56bfebafcb87aa48c947cd14ce7f57b68f6390d082cb1c83abc6bd8bc278d76c	2	7	-1,-2,3,-4,-5,4,6,3,5,-4,3,2,1,3,4,3,-5,3,-6,3,3,-2,3,-4,3,5,2,-4	bundled-knot-table
braid:56ca6903813366e7456925ca4770f6ce436f874053b398fe13b40e9322d53205	2	7	-1,-2,3,3,4,3,-5,4,3,3,-2,1,-2,3,-4,3,5,-4,6,3,5,-4,3,2,3,4,-5,-6	bundled-knot-table
braid:572a495630faa8e4f330e43996d95959fa06a489cd75e0b96a31921f2c62c618	2	7	-1,-2,3,-4,3,-5,-4,6,3,5,3,-4,3,2,1,3,4,3,-5,-2,-6,3,4,3,5,2,3,-4	bundled-knot-table
braid:5754429850a922c533a6e3861671cef0d11017de8622a3481d19b940bd42d35e	2	7	-1,2,-3,2,-4,3,5,-4,6,-3,5,2,-4,1,-3,-2,-3,4,-3,-5,4,-6,3,-5,3,4,-3,2	bundled-knot-table
braid:57eae7ce29ade75f7b1e1112a1e54d746e257b768736480de6cbf0417e89a6f7	2	7	-1,-2,3,-4,3,5,-2,6,1,-2,3,4,3,5,3,-4,3,3,2,3,4,3,-5,-4,-6,-5,4,3	bundled-knot-table
braid:5866bcaefbbf85c39b9b714cc3e31efc766c721183d296a47d2c2c7321f0b0a9	2	7	-1,-2,3,4,3,5,3,6,-4,3,2,1,3,4,3,5,3,-2,-4,3,-4,3,-5,-6,-5,-4,3,2	bundled-knot-table
braid:59be98e47a25826b1b12bc501032c4ff94ee5f22e86135b4b39afe5324f1e230	2	7	-1,-2,-3,-4,-3,5,4,-6,3,5,3,4,4,-3,2,1,-3,2,-3,4,-5,-4,6,-3,-5,-2,4,-3	bundled-knot-table
braid:5af3436ed40782d81a29f1e3df63ffdba98a3b07085a873afb68485de51b4b0d	2	7	-1,-2,3,-4,3,5,2,-6,1,3,4,-3,-5,4,-3,-2,-3,-4,-3,5,2,4,6,4,3,-5,4,3	bundled-knot-table
braid:5d184aedfdb89d6243b89bb5980bca527ecf8adc7a7e85097e18688f006eb10e	2	7	-1,-2,3,4,-5,-4,6,3,2,1,3,4,3,5,-4,3,-4,3,2,-4,-3,4,-5,-6,5,4,3,-2	bundled-knot-table
braid:5d47d24688ad59df3dadc071c13e10b96221d3e053eb3aed964e40cb68518987	2	7	-1,2,-3,4,-3,-5,2,-4,1,3,2,3,3,4,-3,5,-4,6,-3,-5,4,3,-2,3,-4,-3,5,-6	bundled-knot-table
braid:5e256ef8d05bf3c6b5b3e91b9769aaad92a90cfc8f1c9493416fa827ec8d061d	2	7	-1,-2,3,-4,-4,-5,4,3,3,2,1,3,-4,3,5,2,-6,5,-4,-3,-4,-5,-4,6,3,-2,3,-4	bundled-knot-table
braid:5e7978f51252047913ca718744677b83bbaeab52a21f56ad8872e65e39709c12	2	7	-1,-2,-3,-4,-3,5,-6,5,4,-3,2,4,1,-3,-3,4,-3,-5,4,6,-3,-2,-3,-4,-5,4,-3,2	bundled-knot-table
braid:5e8686dc1c803c4e5efb95e32881345b68e97e18f3aeb2799786d4bbe7dd9266	2	7	-1,-2,-3,4,-5,-4,6,-3,2,1,-3,4,-5,4,-3,-2,-3,-4,-3,5,2,-6,5,4,4,-3,4,4	bundled-knot-table
braid:5fd8beb2b8789bb9362639c45140d6803be5f92925d8d4cffcc7a7cb06a49f38	2	7	-1,-2,-3,-4,-5,-4,6,-3,5,4,-3,2,1,-3,-2,-3,-4,-3,-5,4,-6,3,5,3,3,2,-4,-3	bundled-knot-table
braid:605dcade673a0392b36684e2301dd1434038792cb5e1e7c90730a24df62eff43	2	7	-1,-2,-3,-4,-3,-5,4,-3,2,1,-3,-4,-3,5,-6,5,4,-3,-2,-3,4,4,-3,-5,4,6,-3,2	bundled-knot-table
braid:60d24a5cc9cf18183c6c4215fd8882a05df3cff864ce511a6426483c1a1e11ed	2	7	-1,-2,-3,4,-5,-4,6,-3,2,1,-3,4,-5,4,-3,-2,-3,-4,-3,5,2,-6,5,4,-3,4,-3,4	bundled-knot-table
braid:60d60753d834855d6edd42ca94b5bf03970987594d273c862606a93fc24f1e0f	2	7	-1,2,-3,4,-3,5,-2,4,1,-3,-3,-2,4,4,3,-5,-4,6,-5,4,3,2,3,-4,-3,5,-3,-6	bundled-knot-table
braid:615e9924bcde4a4befb490cf5983924b6dc651d06fa5c10d48b166951ba52991	2	7	-1,-2,3,-4,3,5,-4,6,3,5,-2,1,3,-4,3,-2,3,3,4,-5,4,-6,3,-5,4,3,3,2	bundled-knot-table
braid:616db89749dd214e5dc02be31a4c67b1b0fe45e9800fcdd90dbddbac4b2642d7	2	7	-1,2,-3,4,-5,4,-6,-3,-5,4,-3,2,-3,2,-4,-3,5,2,-4,6,1,-3,5,-2,-3,-4,-3,2	bundled-knot-table
braid:624be8da16e0cfdad176367538f54df1e60bcf5349a92a8c338dc653bc6481d6	2	7	-1,2,3,4,3,-5,-2,1,3,-4,3,-2,3,3,3,4,3,5,2,6,3,-4,5,-4,3,-4,-5,-6	bundled-knot-table
braid:6261da904df3770e55b890ba7efd561e8500d720389eb6138b45d7803baa13f1	2	7	-1,-2,3,-4,3,5,2,-4,1,-4,3,3,-2,-4,3,-4,-5,4,-6,-5,4,3,2,3,-4,3,5,6	bundled-knot-table
braid:63620f51e84a17a0a922769dd3c7bd05fa39a197d77990a5e22a665684485874	2	7	-1,2,3,4,3,3,2,1,-2,3,-4,3,5,-4,6,3,5,-4,3,2,3,4,3,-5,3,-6,4,-5	bundled-knot-table
braid:64179940f62f7c7c48f52e05508bba1956994416365500cde43471e3f6a0ffa8	2	7	-1,-2,-3,-4,-3,5,4,-6,-3,5,2,1,-3,4,4,-3,-3,2,-3,4,-5,-4,6,-3,-5,-2,4,-3	bundled-knot-table
braid:65ca2f81b6fbf6a3f79c95a65ea607b2307ecbaa6c9fbfa26857299e1700d43e	2	7	-1,-2,-3,4,3,-5,4,6,3,-5,4,-3,2,-3,2,-4,3,5,-2,-4,-6,1,3,5,-2,-4,3,-2	bundled-knot-table
braid:6610b13f1b159e0e865597ad91d16cdd4bb69a0e5cba09e8719e6eb723b0bcc4	2	7	-1,2,-3,4,-3,-2,1,-3,-4,-3,-5,4,-3,-2,-3,-4,5,-6,5,4,-3,2,4,-3,-3,4,-5,6	bundled-knot-table
braid:661ef766599743233fe2998adc5ef46dea3f7c67bf627f463c9e2bc860bcb33d	2	7	-1,-2,3,-4,3,5,-4,6,3,-5,-4,3,2,1,3,4,3,5,3,-6,-2,-4,3,-5,4,3,3,2	bundled-knot-table
braid:66fb7994a4625fdaef87b7d110da411999a4db3b2789b649243b11159437bd0c	2	7	-1,-2,-3,-4,-3,5,4,-6,-3,5,2,1,-3,2,4,4,-3,4,-5,-4,6,-3,-5,4,-3,-3,-2,-3	bundled-knot-table
braid:68d7a9509fb43c2650a1b65df04335a979836741607073a7a5a8a59ac81b3dfe	2	7	-1,2,-3,4,-5,4,-6,3,-5,4,-3,2,-3,2,-4,3,5,2,-4,6,1,-3,5,-2,-3,-4,-3,2	bundled-knot-table
braid:69242d96ce50d7ce5ffe1958ebf29be1448dffbac5af11c22e4a0e5b87732e11	2	7	-1,-2,3,-4,3,4,-5,4,6,-3,2,1,-3,4,5,4,3,2,4,-3,-5,4,-6,5,4,3,-2,4	bundled-knot-table
braid:6a137f2c40a78aea9a647ea6d9459f4dda38fdccc74f105b3203d141a60299b9	2	7	-1,-2,3,4,-5,-4,3,2,1,3,4,3,5,3,-6,4,4,3,-5,4,3,-2,3,-4,3,5,2,6	bundled-knot-table
braid:6a16d93b17621c2207cb1e63bb44aab2fda2daa3d6c53de5b06621923f1abf3f	2	7	-1,2,-3,4,-3,-5,4,-6,3,-5,4,-3,2,-3,2,-4,3,5,2,-4,6,1,-3,5,2,-4,3,2	bundled-knot-table
braid:6a5382a60e9cb7c3d87dda47803265f7e1bd2f1fc49cba9f5a38d23cf87db9d3	2	7	-1,-2,3,-4,-5,4,6,3,5,-4,3,3,3,2,1,3,4,3,-5,3,-6,-2,3,-4,3,5,2,-4	bundled-knot-table
braid:6a8d4cab439fe37f7aeeffd60fd05903db00c2c78aa1c76346ee47e0b25ef8b6	2	7	-1,-2,-3,-4,-3,5,2,4,1,4,3,3,3,4,-3,-5,4,-6,-5,4,-3,-2,-3,-4,-3,5,2,6	bundled-knot-table
braid:6ad9ef70ff3484fc197ad992c9b8287af4d84a1ad944564d50f51e7c51a54970	2	7	-1,-2,-3,-4,-3,-5,4,3,2,1,3,3,-4,-3,5,-2,-6,-3,5,4,-3,2,-3,4,-5,4,6,-3	bundled-knot-table
braid:6b60e04581a47ba38629218efaa887b4e95f47317aaaac2b651a7810dc7001b7	2	7	-1,-2,3,-2,-4,3,5,-4,6,-3,5,-2,-4,1,3,-2,3,4,-3,-5,4,-6,3,-5,3,4,3,2	bundled-knot-table
braid:6bae8a3861f46d897f3c34b69e1c0c3156f8c3fb6c00f0247ee18961c1c79979	2	7	-1,2,3,4,3,-2,1,3,-4,5,-4,3,3,2,-4,-4,-3,-4,-5,-6,5,-4,3,-2,3,-4,-5,6	bundled-knot-table
braid:6cbb5652363725948f2c29d31d33b781f90249c2d2e0c3326d5017ac024448e7	2	7	-1,2,-3,4,-3,5,-3,6,-2,4,1,4,-3,-5,2,-3,4,-3,-2,-3,-4,-3,5,4,-6,-5,-4,-3	bundled-knot-table
braid:6cc741f624286d8164558bcdb3e0ac9c10965d7e1486e77cc01a56c398cbf08b	2	7	-1,-2,3,4,3,5,3,4,3,3,-2,1,3,-2,-4,3,-5,-4,-6,3,-5,-4,3,2,3,4,5,6	bundled-knot-table
braid:6dd8e3a04af51b3be788438222b0e653856c7e3e3c9ccb0f4373870bb866f37b	2	7	-1,-2,3,4,3,5,3,-6,5,-4,3,2,1,3,2,-3,-4,-5,-4,6,3,-2,3,-4,3,-5,-4,3	bundled-knot-table
braid:6e19080cc18a7b99045f5550186c0862a83efe4e1456688928a9f1363097ebcf	2	7	-1,2,-3,4,5,4,3,-2,1,-3,4,-3,2,4,-3,-5,4,6,-3,4,5,4,-3,-2,-3,-4,-5,-6	bundled-knot-table
braid:6e7e957dc89a71402396e032b2ecd5585204edb64e6408fbdfc6f3c54c806d9f	2	7	-1,-2,3,-4,-5,4,6,3,5,-4,3,2,1,3,4,3,-5,3,-6,-2,3,-4,3,5,2,3,3,-4	bundled-knot-table
braid:6ea194e43fa052280aae9421dcb48292b1476a92aee9ff598781eacccc90d174	2	7	-1,-2,-3,4,-3,4,-5,4,6,-3,2,1,-3,4,5,4,3,2,4,-3,-5,4,-6,5,4,3,-2,4	bundled-knot-table
braid:6ea1ec9afddab0ce1ea07b3a886dde3429b8f7aa02d380a9c1b38464a08980e9	2	7	-1,2,-3,2,-4,3,5,-4,6,3,5,2,-4,1,-3,-2,-3,4,3,-5,4,-6,3,-5,3,4,-3,2	bundled-knot-table
braid:6ead5324c6c4231e713b628b9bcc7fa864a9a7e31c8574105b7900120e96da5e	2	7	-1,-2,-3,4,-3,5,4,-6,-3,-5,4,-3,2,4,1,-3,4,5,4,6,3,-2,-3,4,-5,-4,-3,2	bundled-knot-table
braid:6ef29827a7f40c990f3390d48168179777ef6beb3fd63486e496586e5a4d6e28	2	7	-1,2,3,3,-4,3,5,-2,1,3,-4,3,-2,3,3,4,3,-5,4,-6,3,5,2,-4,3,-4,-5,6	bundled-knot-table
braid:7076da9bc384c18414c68b31fcec5615b4c0b840aa5fd63905a8e9e38af7807c	2	7	-1,2,3,-4,5,-4,-3,-2,1,-3,-4,-3,-5,-2,4,6,-3,4,-5,-4,-3,2,-3,4,-3,5,4,-6	bundled-knot-table
braid:718857baad74516ad3e2f91b93426ed3de7536b608198155a0484bcbd9d713df	2	7	-1,-2,3,-4,3,5,2,-6,1,3,3,-4,3,-5,-4,3,-2,3,4,3,5,3,6,-4,-5,4,3,2	bundled-knot-table
braid:71c7f0f0cbdaf25320efb68849517a522850a83d643db1cc7eff6dca705cb658	2	7	-1,-2,-3,-4,-3,-5,4,3,2,1,3,3,-4,-3,5,2,-6,-3,4,-3,5,4,-3,-2,-3,4,-5,6	bundled-knot-table
braid:71ced1541221b767627c231548ec95f60af715ed579f68150593eac2c49dfafc	2	7	-1,-2,3,-4,3,5,2,-4,-6,1,-4,3,-5,2,4,3,4,4,5,4,6,-3,-2,4,3,-5,4,3	bundled-knot-table
braid:731e7ddb4f1196124894e28758c5a71c328977b19cbd9d0f715a3d4a135af38c	2	7	-1,2,3,-4,-4,-4,3,-4,3,-5,-4,3,-2,1,3,4,5,-6,-5,4,3,-2,3,-4,3,5,2,6	bundled-knot-table
braid:7358b72b28063cd9a50d229ec4396d74ac96b26d8fb835d64eb04fa822600847	2	7	-1,-2,3,3,4,4,3,-5,4,6,3,5,-4,3,2,1,3,-2,3,4,3,-5,2,-4,-6,3,5,4	bundled-knot-table
braid:73d5448c92a7e5a99d645355516a1354cc48827a9003f33ec406fa8a9f14f0f0	2	7	-1,2,3,-4,3,5,-4,3,-2,1,3,3,-2,-4,3,-5,4,-6,3,-5,4,3,2,3,-4,3,5,6	bundled-knot-table
braid:73d60e6f27ba3ac2b62a14aac5638ac828729da31639c6e5974ad0aa72e77dce	2	7	-1,2,-3,4,-3,5,-3,-2,-4,1,3,2,-4,-3,-5,-4,6,-5,4,-3,-2,-3,-4,-3,5,-3,-6,-3	bundled-knot-table
braid:7410d3e78004735b647f1035c77d13f318d6293061b3fa3f4c199c5121c3902f	2	7	-1,2,3,-4,-5,-4,-3,-2,-4,1,-3,-3,-4,3,5,-4,6,-5,4,3,-2,3,-4,3,5,2,-4,-6	bundled-knot-table
braid:74193f73e92f71cac61a51504fa6f8c089b089ea1bf9dc2bf770b91061dec93d	2	7	-1,2,3,4,5,4,-3,-2,4,1,-3,4,-5,4,6,-5,4,-3,2,4,-3,4,5,4,-6,3,-2,4	bundled-knot-table
braid:749972d45da7c49551245c377dad904dddc2d7cff9dcba3acb99d139964f95af	2	7	-1,2,-3,4,-3,-5,-3,2,4,1,3,-2,3,-4,-3,5,-4,-6,-3,-5,4,3,2,3,3,-4,5,6	bundled-knot-table
braid:758d0c36ad635346f81d1b47abfd2458413ae467d926000dd3edd238af3125a0	2	7	-1,2,3,4,3,-2,1,3,3,3,-4,5,-6,-5,4,3,-2,3,3,3,-4,5,-4,6,3,2,-4,-5	bundled-knot-table
braid:75961850af3a5fa9301bd1715ce7f57818e1ae17acb3951161a16f15e3401b8c	2	7	-1,-2,-3,-4,-3,5,-6,5,4,-3,2,4,1,-3,-3,2,4,-3,-5,4,6,-3,-2,-3,-4,-5,4,-3	bundled-knot-table
braid:76396372e9c7445ebe6f3b9a5dab9f152acd9e1cfcabfe618174af88f76986ac	2	7	-1,-2,-3,-4,-3,5,-6,5,4,4,4,-3,2,1,-3,4,4,-5,4,6,-3,-2,-3,-4,-5,4,-3,2	bundled-knot-table
braid:769c4e46540f8590ba4a2074d94c3151897e26b84a56e6152ef1d0a811b0d484	2	7	-1,-2,-3,4,-5,-6,5,4,-3,2,1,-3,4,4,-5,4,6,3,2,4,4,-3,4,5,4,3,-2,4	bundled-knot-table
braid:76ab295588bde5f81c98b3884f789c9a2a20c77b628dec35350d3654bd2ce21d	2	7	-1,-2,3,4,3,-5,4,-6,-5,4,3,3,-2,1,3,-4,3,5,-2,6,3,-4,3,5,-4,3,2,3	bundled-knot-table
braid:772fe668ce8376ed4277808fc6039328578ad1a44c31f6be2fb7e18c44e8a257	2	7	-1,2,3,4,3,5,-4,6,3,-5,-2,1,3,4,3,2,3,-4,5,-4,-6,3,-2,-4,-5,-4,3,3	bundled-knot-table
braid:774d5cb8837e7037821d04d8408d1a5dc02f8f09472c18a95c022e12adaa430e	2	7	-1,-2,3,4,3,5,2,-6,1,3,-4,3,5,-4,3,2,-4,3,-4,-5,-4,6,-3,-2,-4,-5,-4,3	bundled-knot-table
braid:774f40e50cc072f7331ceb5a151cc3149f0b722093498b23587a16276b6b211e	2	7	-1,-2,3,4,3,5,3,6,-4,3,-5,-4,3,2,1,3,-2,3,4,3,5,2,-4,-6,3,-5,-4,3	bundled-knot-table
braid:7766fe39ee379d5d002cb5168128ac62fd5c07c80b91f929daa093c7edcbc7d4	2	7	-1,2,3,-4,3,5,-4,6,3,-5,-2,1,3,-4,3,-2,3,4,3,5,2,-4,-6,3,-5,4,3,3	bundled-knot-table
braid:78ebc72a289cb897993c11a3e99b77a1f75883d9031d35840762cef6f3b68e1a	2	7	-1,-2,-3,4,-3,-5,4,3,2,1,3,3,-4,-3,5,-2,-6,-3,4,-5,-4,-3,2,-3,4,-3,5,6	bundled-knot-table
braid:7a387e649f72447590006800427f96cbc1b2af0177671b10316a9d1fb71fc34d	2	7	-1,2,-3,4,-3,-2,1,-3,-4,-3,-5,-6,5,4,3,2,3,4,4,-5,4,6,3,-2,3,-4,-3,5	bundled-knot-table
braid:7abcf2c0d00af9bee3f038fc9d9bfa635a0c75b9757782b6bf2874a229814a9b	2	7	-1,-2,3,-4,3,-5,4,3,2,1,3,-2,-4,3,5,-6,-5,4,3,2,3,-4,3,5,-4,6,-4,-4	bundled-knot-table
braid:7c3a48b8ea1bd9e93de350abde431ba3fdbacc110dde38580ee7286b1561a84b	2	7	-1,2,3,-4,3,-4,3,-5,-4,3,-2,1,3,4,5,-6,-5,4,3,-2,3,3,3,-4,3,5,2,6	bundled-knot-table
braid:7c8d6dcfc044daebcd4f0fd2e3167a0413c26e2fe3c2c18e809063fba6a370a4	2	7	-1,-2,-3,4,-3,2,1,-3,-2,-3,-4,-3,-5,-3,-6,4,-3,5,2,4,4,-3,4,-3,-5,-4,6,5	bundled-knot-table
braid:7cb0bac76493ab799edb22ef93068bdb06153f4d39db822ee480f5e240af8cae	2	7	-1,-2,3,4,3,5,2,-6,1,3,2,-4,3,-4,5,-4,-3,-2,-4,-5,-4,6,3,-4,3,-5,-4,3	bundled-knot-table
braid:7db0e4a9e014cce9ea61e0611a20ce72a80a0cd4c47fd46c8f4d94e6114ffb83	2	7	-1,2,-3,4,-5,4,6,3,-2,1,-3,-2,3,-4,3,-4,-5,4,3,3,2,3,-4,-3,5,-6,5,4	bundled-knot-table
braid:7de40535013521b1fae9d408b900ad469cc7a351d6f1e90dffc486a241f3cc83	2	7	-1,-2,-3,-4,-3,5,4,-6,-3,5,-3,-3,2,1,-3,2,4,4,-3,4,-5,-4,6,-3,-5,-2,4,-3	bundled-knot-table
braid:7e479b7d7349d070246598c60fe3ba53be4341fa8511ddff9a0bf9489623efdf	2	7	-1,2,-3,-3,4,-3,-5,2,4,1,-3,-2,-3,-4,-3,5,-4,-6,-3,-5,4,3,2,3,3,-4,5,6	bundled-knot-table
braid:7ec593bd7193377990d9b0ed2703e8be3f33f7f8f9ec8b9b971174dfbf2a4651	2	7	-1,-2,3,3,4,4,-5,-4,6,3,5,4,3,3,2,1,3,-2,-4,3,-5,4,-6,3,5,2,3,4	bundled-knot-table
braid:8118ca8ee0d7e40dc7c3f8eacd2572e34ea5c2158dbed9d5a633a75000e5314d	2	7	-1,2,3,4,3,5,-4,3,-2,1,3,3,-4,3,-5,-2,-4,-6,3,-5,4,3,2,3,-4,3,5,6	bundled-knot-table
braid:8133cf4e54f027fb7e5080a7c6f0af3dd65d41bb249b67ea8907cd71900e84f0	2	7	-1,-2,3,-4,3,5,2,-4,-6,1,-4,3,-5,3,2,-4,-3,-4,5,-4,6,3,-2,3,-4,-5,4,3	bundled-knot-table
braid:81cb08dbb86e9bfee067abebf9d332679ca83647468b5a90e760889602f6ba80	2	7	-1,-2,3,4,3,2,1,3,-2,3,-4,5,-4,-6,-3,4,-5,4,3,3,2,3,-4,-3,5,-4,6,-5	bundled-knot-table
braid:81d5fe788951c492b03c290252c049fae37edd6f55aef50b4ed452b1bc08cf36	2	7	-1,-2,3,-4,3,-4,-5,4,3,3,2,1,3,-4,3,5,2,-6,5,-4,-3,-4,-5,-4,6,3,-2,3	bundled-knot-table
braid:81ee55ecafc38a4797fdc0052c4cb8afdcfa77de48556cdc8e90d85ade0e5010	2	7	-1,-2,3,4,3,5,-4,3,2,1,3,-2,3,4,3,-5,-4,-6,3,5,4,4,3,2,3,4,-5,6	bundled-knot-table
braid:8232c493e9ca59a81373932781d58aa88caed73aaf56dc70ec42b16121bf1c18	2	7	-1,-2,3,-4,-4,-5,4,3,3,2,1,3,-4,3,5,2,-4,-6,-3,-4,5,-4,3,-2,3,-4,-5,6	bundled-knot-table
braid:823c588667257ec2c10c3f79e0ca9a7259e97934e312bc763f5a959c3f84dbf0	2	7	-1,2,-3,4,-3,5,-2,4,1,-3,2,4,-3,-3,4,-5,-4,6,-3,-5,4,-3,-2,-3,-4,-3,5,-6	bundled-knot-table
braid:8279dc2c0f9a8a95a8078eaf47ba8b607714b0a3632346f6c7263b2bf6dfe6cf	2	7	-1,2,-3,4,-5,4,-6,-3,5,-3,-2,4,1,4,-3,2,4,-3,-5,-3,6,-4,-3,5,-2,-3,-4,-3	bundled-knot-table
braid:82adb0a4254164ee276cdf0de86df7cf3c7c3bcea571277fc70b7ebf6a0e7c41	2	7	-1,-2,3,-4,-5,4,3,2,1,3,-4,3,5,-4,-6,-5,-4,3,3,2,-4,3,-4,5,-4,6,-3,-2	bundled-knot-table
braid:82d6d467cd210a42cbbd47413796ac92f69375e4c3fd51dd1f51cb5178631dea	2	7	-1,2,3,4,3,5,3,2,-4,1,3,3,2,3,4,3,-5,-4,-6,3,-5,-4,3,-2,3,4,5,6	bundled-knot-table
braid:83c7353ce74d3bae28d2432f63070d3ef4e0b03428fd59f6ccd1ad2fe4e0fa92	2	7	-1,-2,3,3,-4,3,-5,4,-6,-5,4,3,3,2,1,3,-4,3,5,-2,6,3,-4,3,5,2,-4,3	bundled-knot-table
braid:83f29f02e0a6849bc910c4b1d73ceab30bf892dc23f4014d8483807feecd05e6	2	7	-1,2,3,-4,-5,-4,6,-3,-2,1,3,2,-4,-3,4,-3,-4,-5,-4,3,-2,3,4,3,5,-6,5,-4	bundled-knot-table
braid:85e587d52caccef579c9117bcddb39b2e8e96d5ce440aec8e0161bb831288856	2	7	-1,-2,3,4,3,5,-4,6,3,5,2,-4,1,3,-2,-3,4,-3,-4,-5,4,-6,3,-5,3,2,-4,3	bundled-knot-table
braid:8601aed414cbcaec29e30de5d15cd0d51ecbebfe79026914cff5a33bea84a06a	2	7	-1,2,-3,4,-3,-5,2,4,1,-3,-2,-3,-4,-3,5,-4,-6,-5,4,3,2,3,3,-4,-3,5,-3,6	bundled-knot-table
braid:86ec4b071b1b8e4f8185f391836a87be4c4a48254d98795d3619c6446c44bba1	2	7	-1,2,3,-4,3,-5,-4,-3,-2,1,-3,4,3,5,3,6,-4,3,-5,-4,3,-2,3,4,3,5,2,-6	bundled-knot-table
braid:86f8675188b5de12cec88e0e239fd1d1c06c07243240428a6f70f2f85c12f125	2	7	-1,-2,3,-2,4,1,3,5,4,6,3,5,3,-4,3,3,2,3,4,3,-5,-4,-6,3,-5,-4,3,-2	bundled-knot-table
braid:870b5f064cb13cd66529dc9360d7ed2e650d0015c87ddd49a9167a3f50b5df0d	2	7	-1,-2,3,4,3,3,2,1,3,-4,3,5,2,-6,5,-4,-3,-4,-4,-4,-5,-4,6,3,-2,3,-4,-5	bundled-knot-table
braid:87238fb5e55db47042f9a63b939681e8127a168ff8f7d5744580cdb2de57e629	2	7	-1,-2,-3,-3,4,4,-5,-4,6,3,5,4,3,3,2,1,3,-2,-4,3,-5,4,-6,3,5,2,3,4	bundled-knot-table
braid:87877585163e77bcdc349e7f9ce86a1dc61d4ebca096fedb4706f0417fd650e3	2	7	-1,2,-3,2,4,1,-3,-5,4,-3,2,-3,2,-4,-3,5,-4,6,3,5,2,4,-3,2,-3,-4,-5,-6	bundled-knot-table
braid:880739c056d94552b4b2fa324379564dbfa6799ea71cf07eeafe296a1777367a	2	7	-1,2,3,4,3,-2,1,3,-4,5,-6,-5,4,3,-2,3,-4,5,-4,6,3,3,-4,-4,3,2,-4,-5	bundled-knot-table
braid:8840ab5e47ed99eceb5fac519a84dea29a4411574fdc61d90af22350efc53df6	2	7	-1,-2,3,-4,5,-6,-5,4,3,3,2,1,3,-4,3,5,-4,6,3,-2,-4,3,-4,-4,-5,4,3,2	bundled-knot-table
braid:894dc7c58716ce66a86f33d48d89b0c836fe3218fc1642cf80f8f536d678dee7	2	7	-1,-2,3,-4,-3,5,-6,5,4,-3,2,4,1,-3,4,-3,4,-5,4,6,3,-2,3,-4,-5,4,3,2	bundled-knot-table
braid:89d2db9f8760de9593672712c8ca65a7b21fae62e39163f44cfc771d7d4790b2	2	7	-1,-2,3,3,3,4,3,5,2,1,3,2,-4,-3,-4,-5,-6,5,-4,3,-2,3,-4,3,-5,-4,6,3	bundled-knot-table
braid:8a45e4f91c61281ef0be376fe91d180c6d6d9dbde7b52730c6984c8e6a6098a6	2	7	-1,2,3,4,3,-2,1,3,-4,-5,4,-6,3,5,-2,4,-3,-3,4,4,3,-5,-4,6,3,5,3,2	bundled-knot-table
braid:8bec6e808755beaffc0326eec914f21d8b0a03e1a2a1b75bd7c5fc9e8868b030	2	7	-1,2,3,4,3,-2,1,3,-4,5,-4,-4,-4,3,-4,3,-5,-6,-5,-4,3,-2,3,4,3,5,2,6	bundled-knot-table
braid:8e5ab251409f9e7194af5d429655312a2588e84f3bf813ad24f48bed30f0327a	2	7	-1,2,3,-4,3,-4,3,-5,-4,-6,3,-5,-2,1,3,-4,3,-2,3,4,3,5,2,6,3,4,3,5	bundled-knot-table
braid:8e6a9c9fc0a670c70cd146be53e22150d855009dfe091d0a804790ef56d2d3f5	2	7	-1,2,-3,4,-3,-5,2,-4,1,3,2,3,3,4,-3,5,-4,6,-3,-5,4,-3,-2,-3,-4,-3,5,-6	bundled-knot-table
braid:8fa2e38f2c370805c6a6748e349aef55e39eb698460fe6a25924102035d82ffc	2	7	-1,2,3,-4,3,-5,-4,3,-2,1,3,4,3,5,3,6,-4,3,-5,-4,3,-2,3,4,3,5,2,-6	bundled-knot-table
braid:902a7877676194cbbf7e389643a219d659e47be23e18a7c545fba9ddb5e613d3	2	7	-1,2,-3,4,4,5,4,6,3,-5,-2,-4,1,-3,2,-3,4,-3,5,-3,-6,-2,4,-3,-5,-3,-3,4	bundled-knot-table
braid:9039e208c9a5ba38309d7b92143c9225604b15b310e8e65595c4acb4ef09306c	2	7	-1,2,3,4,3,5,3,-2,-4,1,3,-4,3,-5,-6,-5,-4,3,-2,3,4,3,5,2,6,3,-4,3	bundled-knot-table
braid:90a266d88dd7d3ee8e0fdfff21895605928f809662068b66981f456997aca90d	2	7	-1,-2,3,-4,3,-5,4,3,3,2,1,3,-2,-4,-3,5,-4,-6,-5,-4,3,2,-4,3,5,-4,6,3	bundled-knot-table
braid:9283e16415d7c3da0bbd4fe93393cc34abb073841b9d83404785bf4fa9e062c4	2	7	-1,-2,3,-4,3,-5,4,3,3,3,2,1,3,-2,-4,3,5,-6,-5,4,3,2,3,-4,3,5,-4,6	bundled-knot-table
braid:928c1c9791cda2aba8ad03fd2b67b9e8256879f1ac04629cda2fa7daf4f25098	2	7	-1,-2,3,-4,3,-5,-4,3,2,1,3,-2,3,4,3,5,-4,-6,-5,4,3,3,2,3,-4,3,5,6	bundled-knot-table
braid:92df19208b540d7e838f7e0ec71397e23a9924346f321d6cc7767f99c817657e	2	7	-1,-2,-3,-4,-3,5,-6,5,4,-3,2,4,1,4,-3,4,4,-5,4,6,-3,-2,-3,-4,-5,4,-3,2	bundled-knot-table
braid:92e330cdd18be4aaee7db73ab45f59ce82c233659dff41aa55c303700d6fc118	2	7	-1,2,3,4,3,5,3,-2,-4,1,3,-4,3,-5,-4,6,3,5,-4,3,-2,3,4,3,-5,2,-6,3	bundled-knot-table
braid:9344d4a970f97ae26b1caeccd54afcda39d1093d89b7160cf90b3c246cf64c76	2	7	-1,2,-3,4,-3,-5,4,-6,-5,4,-3,2,-3,2,-4,-3,5,2,6,1,-3,-4,-3,5,2,-4,3,2	bundled-knot-table
braid:938648494c07b40e8345453203420acdd0d39313b5e86468d042803eb2ea37ec	2	7	-1,-2,3,4,3,-2,1,3,-2,3,-4,3,-5,4,-6,-3,-5,4,3,3,2,3,-4,-3,5,-4,6,5	bundled-knot-table
braid:939a1b46d48f65102c586c9f7a2dd9e7a56bfd96872f89ae162b33c50b9c409e	2	7	-1,2,3,-4,5,-4,-3,-2,1,3,-4,3,-2,-4,-5,-4,6,-3,-5,4,-3,2,-3,-4,-3,5,-4,-6	bundled-knot-table
braid:94c0d83a04928f6f6a5728b4c52363660da8b09015dcf19a532304a8aee17d8c	2	7	-1,-2,3,4,3,-5,2,4,-6,-3,-5,2,-4,1,3,-2,3,4,-3,5,-4,6,3,5,-4,3,2,3	bundled-knot-table
braid:96cc40d9239f21a68388e82812ea5a638cd3242fbcdca23149c85738b7d37a94	2	7	-1,-2,3,-4,-5,4,3,3,2,1,3,-2,-4,-3,5,-4,-6,-5,-4,3,2,-4,3,-4,3,-4,5,6	bundled-knot-table
braid:97d784e83e23e7f00cc670ca3842aa91b87637f019774165e1412ded84af5e40	2	7	-1,2,-3,2,-4,-3,5,-4,6,-3,-5,2,1,-3,4,3,-2,3,-4,-3,5,4,-6,-3,-5,4,-3,2	bundled-knot-table
braid:9813ff3fb248878f5739063cfa3cdf6fbb11e702029f77b64aa5c6870e282547	2	7	-1,-2,3,-2,-4,3,5,-4,6,3,5,-2,-4,1,3,-2,3,4,3,-5,4,-6,3,-5,3,4,3,2	bundled-knot-table
braid:9888204099d89d20c27e665e4011110b51723fd047b93ecfba86fe8e7e37d4dd	2	7	-1,2,3,4,5,4,4,-3,-2,4,1,-5,4,6,-3,4,-3,-5,4,-3,-2,-3,-4,-3,5,2,4,-6	bundled-knot-table
braid:98b3dd57e4191ee2f50da5613471807103bc6302179e0d0660449ee54f309871	2	7	-1,-2,-3,-4,-3,2,1,-3,4,-5,4,-6,-3,5,-3,-2,4,4,-3,-3,-3,4,-5,-4,6,-3,5,2	bundled-knot-table
braid:995d5aa06d7fc7e2e18210ac45334aaf1af281543d87d1ba02fe07739828de59	2	7	-1,-2,3,-4,3,-5,3,3,4,3,2,1,3,-2,-4,3,5,-6,-5,4,3,2,3,-4,3,5,-4,6	bundled-knot-table
braid:9b2f1aa52da6402187da77b9c4e9b8f3e1d2580e3e1cfa4505b1195c9ab89c18	2	7	-1,2,-3,4,4,-5,4,6,-3,-2,1,-3,-4,-3,-5,4,-3,-2,-3,-4,5,-6,5,4,4,4,-3,2	bundled-knot-table
braid:9b308bf94dc4cf07edc7e9d45b1b77bc954c93a0ffc4cf14ea463c1cd950b6f5	2	7	-1,-2,-3,-4,-3,5,4,-6,-3,5,2,1,-3,2,4,4,-3,4,-3,-5,-3,6,-4,-3,-5,-2,4,-3	bundled-knot-table
braid:9b76af7af4f2e5c2546c094827f552136890ec431ef937b0a12d340676f4130e	2	7	-1,-2,3,4,-5,4,3,3,2,1,3,-4,3,5,-2,6,3,-4,3,5,2,-4,3,-4,-4,-4,-5,-6	bundled-knot-table
braid:9b960cbf4afcf8d5d6b9c9c194e7617a69b46a3f5e381311455245d720ee055b	2	7	-1,2,-3,4,4,5,4,6,3,-5,-2,-4,1,-3,2,-3,4,-3,5,-3,-6,-3,-3,-2,4,-3,-5,4	bundled-knot-table
braid:9be1cbbfb807f5b1ea0f4967fca643c8a61b3811ffc0c16dba9c984acb8edb65	2	7	-1,2,-3,-4,-3,-5,-3,4,-3,-2,1,-3,-4,5,-6,5,-4,3,2,-4,-3,-5,4,6,-3,-2,-3,-3	bundled-knot-table
braid:9c30e577898642782e035640499b9144dd2c25bd2084a4aa7d3257df672a0b68	2	7	-1,-2,3,-4,-3,5,-4,-6,-3,5,-4,3,2,-4,1,3,2,-4,-4,-3,-5,4,6,-3,-5,-2,4,3	bundled-knot-table
braid:9cc3aaefdc30b7e19820dc820ed2e567090d39eb73f89042fd79badb0efb6f0f	2	7	-1,2,3,-4,3,-5,-4,-3,-2,1,-3,4,3,5,-4,6,3,-4,-5,-4,3,-2,3,4,3,5,2,-6	bundled-knot-table
braid:9ce2d13ad02b5fcc7d11f5500215b6f896fb50eb98bcfeaff9ee28b4779dac3b	2	7	-1,-2,3,-4,3,5,-4,6,3,2,1,3,-4,-5,-4,3,-2,3,3,4,3,5,-6,-5,4,3,3,2	bundled-knot-table
braid:9d14b488042b8a0634c0261cc0db0dd1b603516b8c54722ba5a01488ef979d70	2	7	-1,-2,3,-4,3,-5,4,3,2,1,3,-2,-4,3,5,-6,-5,4,3,3,3,2,3,-4,3,5,-4,6	bundled-knot-table
braid:9e1528518afb4bb6f391e908ff821e9ec437398d4936f5d533e40a0339bff4da	2	7	-1,-2,-3,-4,-3,5,-6,5,4,-3,-3,-3,2,1,-3,4,4,-5,4,6,-3,-2,-3,-4,-5,4,-3,2	bundled-knot-table
braid:9e9191c04dd9c7a33e838548bd41d65892d7d1732a9d92472ef8da70b05edda4	2	7	-1,2,-3,4,-5,-6,5,4,4,3,-2,1,-3,4,-3,-5,-3,6,-3,4,-3,-2,-3,-4,-3,5,2,4	bundled-knot-table
braid:9e9beb4291ca700d9d1f0f9e1e31a7fe640f723d56018373bae548b9a1b29abb	2	7	-1,2,-3,4,-5,4,-6,3,-2,1,3,4,4,5,4,-3,-2,4,3,4,-5,4,6,5,4,-3,2,4	bundled-knot-table
braid:9ec43b0ca502144b5329fcd65c13c7a2750bef0a55750cbd88556d09029c2e58	2	7	-1,2,3,-4,-5,-4,6,-3,-2,1,3,2,4,-3,4,-3,4,-5,-4,-3,-2,-3,4,3,5,-6,5,-4	bundled-knot-table
braid:9ee5c921ade1a1bd4d980560441e1963216677aefeb564e0a4f6c438574b55ff	2	7	-1,2,3,4,3,-2,1,3,3,3,2,-4,5,-4,-6,3,-4,5,-4,-3,-2,-4,-5,-4,6,3,-4,-5	bundled-knot-table
braid:a05f73ccdb4a8a006cdbcbb448d360608609673bb4e374848399f948bfe22dec	2	7	-1,-2,-3,-4,-3,5,4,-6,-3,5,2,1,-3,2,4,4,-3,4,-5,-4,6,-3,-5,-2,4,-3,-3,-3	bundled-knot-table
braid:a0a76212cfd49dfcdc56a271fb582df88ae3f554e35dce5b9e71cc7c65ada054	2	7	-1,-2,3,-4,-3,5,-3,-6,-3,5,4,3,2,1,3,4,4,-5,4,6,3,-2,3,-4,-5,4,3,2	bundled-knot-table
braid:a0b3d5ce9d5fa1b08ba6cdd2b61b9b6f339cda6060b18a47e792934f01656405	2	7	-1,2,3,4,3,-5,4,-6,3,5,-2,-4,1,3,2,-4,3,-5,-4,6,3,5,-2,-3,-3,-3,-4,3	bundled-knot-table
braid:a37e089bfc1d27abf4f14c65f02c2ba493786046b0a9c379870a2d7f1485cf5a	2	7	-1,-2,3,4,3,3,-2,1,-2,3,-4,3,5,-4,6,3,5,-4,3,2,3,4,3,-5,3,-6,4,-5	bundled-knot-table
braid:a466a9d2d71ace412c93317d31ec9b144854e9b2b7c08004798586eed8e80c94	2	7	-1,-2,3,-4,3,-5,-4,3,2,1,3,4,3,5,3,-6,-5,-4,3,-2,3,4,3,5,2,6,3,-4	bundled-knot-table
braid:a51ca51bcf71a6c9753d0b6cd4fbbb67f9a2771e2cdfb2c313cc210c5f1c7973	2	7	-1,2,-3,4,5,4,3,-2,1,-3,4,-5,4,6,-3,-5,2,-3,4,-3,-2,-3,-4,-3,5,4,-6,-3	bundled-knot-table
braid:a5668717fa614aaf05027d100368b24b02b8a756f7a055af6f396a313d9190ed	2	7	-1,-2,3,4,3,5,2,1,3,2,-4,-3,-4,-5,-6,5,-4,3,-2,3,-4,3,-4,-4,-5,-4,6,3	bundled-knot-table
braid:a6596511269eca8b2d729adff52561779305875e353f8cd7b10a9bcfad70d9e5	2	7	-1,-2,-3,-4,-3,2,1,-3,4,-5,4,-6,-3,5,-3,-2,4,4,-3,4,-3,-5,-3,6,-4,-3,5,2	bundled-knot-table
braid:a6dcc5781351cd64d1286e4948330dbdd7b4b41437e28f0dd0bc3f188489dd68	2	7	-1,-2,3,4,-5,4,-6,3,-5,4,-3,2,-3,2,-4,3,5,-2,-4,6,1,3,5,-2,3,-4,3,2	bundled-knot-table
braid:a70b16b10185efe7f5c28c317778a188b05fd9e744a404e28d577c13664e0555	2	7	-1,-2,3,4,-5,-4,3,2,1,3,4,-3,5,-6,-5,4,-3,-2,-3,-4,-3,5,4,6,4,-3,-3,2	bundled-knot-table
braid:a7368ff2d6dad9417e68cdc0a2f31bd9f6ed82239e8b9fbd515db4de7f013c0b	2	7	-1,-2,-3,4,-3,-2,1,3,-2,-3,-4,-3,-5,4,-6,3,-5,4,3,3,2,3,-4,3,5,-4,6,5	bundled-knot-table
braid:a7f0a6e3caaaf014fc594be85108b2ebaa38b3ca740aaad39cfe832602abc01b	2	7	-1,2,-3,4,5,4,3,-2,4,1,-3,-5,2,4,6,-3,-3,4,-3,5,-3,4,-3,-2,-3,-4,-5,-6	bundled-knot-table
braid:a848887f0be3cc3f4d9b8773d7e5f325dd3f386cfb2d4f2b13bf62a13061c7e6	2	7	-1,2,3,4,3,-5,4,-6,3,5,-2,-4,1,3,2,-4,3,-5,-4,6,3,5,-2,3,3,3,-4,3	bundled-knot-table
braid:a870df77b912e5b53f6fbd4113d01540ef51099d5b1110af0d440f1b36f78a37	2	7	-1,2,-3,4,-3,-5,-3,2,4,1,-3,-2,-3,-4,-3,5,-4,-6,-3,-5,4,3,2,3,3,-4,5,6	bundled-knot-table
braid:a96e40c7d4537ce0a72397eed88bd926c54b31fd2715d4fb0ce507ebb67d6ba0	2	7	-1,2,-3,4,-5,-6,5,4,4,3,-2,1,-3,4,-3,-5,4,6,-3,-2,-3,-4,-3,5,2,4,-3,-3	bundled-knot-table
braid:a9dc22e390e0a8434c190a8307f2d816d2add26c182fc73570a26170c937e12e	2	7	-1,-2,-3,-4,3,-5,3,4,-3,2,1,-3,-4,-3,5,-6,5,4,-3,-2,-3,4,4,-5,4,6,-3,2	bundled-knot-table
braid:a9e7edbfffef75b27ff03ff6b2121d6e44caf124b2f41c88f952a3f6600b48e7	2	7	-1,2,3,-4,3,5,-4,6,3,-2,1,3,3,-4,3,-5,-4,3,-2,3,4,5,-6,-5,4,3,3,2	bundled-knot-table
braid:aa45b816077996d2db6acc1c76879655fc61b6f4e2f19b9d142316d05af4c43a	2	7	-1,2,-3,4,5,4,3,-2,4,1,4,-3,-2,4,4,-5,4,6,-3,4,5,4,-3,2,-3,-4,-5,-6	bundled-knot-table
braid:aa48366fc675514d661a388a05694aa850813508fb21f45b58c0780e7ddea975	2	7	-1,-2,3,-4,3,-2,1,-2,-3,4,-5,4,6,3,-5,-4,3,-2,3,4,3,5,3,-6,-4,3,5,3	bundled-knot-table
braid:ab4e98078174a35aff0fe838493e56e45fc34a214f3fd2cf8f67b7c0dc8e085a	2	7	-1,-2,3,4,3,5,-4,6,3,5,-2,1,3,-4,3,2,3,4,3,-5,4,-6,3,-5,-4,3,-2,3	bundled-knot-table
braid:ab60a10a9e85057f319011bb3e63d99c4a52ceac998d19e32134ee81cf9de6d3	2	7	-1,-2,-3,4,5,-6,-5,4,-3,2,1,-3,-4,-3,5,-4,6,-3,-2,-3,-3,4,-3,-5,-4,-3,-3,2	bundled-knot-table
braid:ab6d488ee5a0e25bac3cea5185444912fd1a47714fe6993834e557f918f9cbc7	2	7	-1,2,3,-4,3,5,-4,6,3,-2,1,3,3,-2,-4,3,-5,-4,3,2,3,4,5,-6,-5,4,3,3	bundled-knot-table
braid:abad8ac673530661facd67a42829a0e852ae24d473148ea6f4b1ad5e1412164f	2	7	-1,2,-3,4,-3,-2,1,-3,-4,-5,4,-6,-3,5,-2,4,-3,-3,4,4,-3,-5,-4,6,-3,5,-3,2	bundled-knot-table
braid:abb63cd28dbde09baeabdc5680a0e064dad390cb0f7f423a50a82639762e4c6c	2	7	-1,-2,-3,-4,-3,5,4,-6,-3,5,2,4,1,3,-4,3,2,4,-3,4,-5,-4,6,-3,-5,-2,4,-3	bundled-knot-table
braid:ad2882f979e49e4efb5b35b461fce23ebb5256a370fe227a08d37dfc15fd1b8f	2	7	-1,-2,3,-4,-5,-4,6,-5,4,3,3,2,1,3,-4,3,5,2,-4,-6,-3,-4,5,-4,3,-2,3,-4	bundled-knot-table
braid:ad4ecdd22a3dee3a2ffd7d53515c62eeaf2f69dd0baa3317c39da845839b5d98	2	7	-1,-2,3,4,3,5,2,1,3,-4,3,-2,3,3,4,3,-5,-4,-6,5,-4,3,2,-4,-3,-5,-3,6	bundled-knot-table
braid:ad68980490188467c1a78a6d69c1408731556066f269db698546679418c7bb49	2	7	-1,-2,-3,4,-3,-5,-2,1,-3,4,3,2,3,3,-4,-3,5,-4,6,-3,-5,4,3,-2,3,-4,5,-6	bundled-knot-table
braid:ad8f418be81e16cb2f7793f99b0260833138dd915d278b83fb311fafc97678a6	2	7	-1,-2,-3,4,3,5,3,6,-4,3,-5,-4,3,2,1,3,-2,3,4,3,5,2,-4,-6,3,-5,-4,-3	bundled-knot-table
braid:add40611731d4619a794994b4eeb42f407a27cd40f98d7a1e3b374b318aebbe8	2	7	-1,2,-3,4,-3,-5,2,1,-3,4,3,2,3,3,-4,-3,5,-4,6,-3,-5,4,3,-2,3,-4,5,-6	bundled-knot-table
braid:adee6cb828d3e0d2ebde287764a973941615c52c97fa0b463fd396badeefd558	2	7	-1,-2,3,4,3,2,1,3,-2,3,-4,5,4,-6,3,4,-5,4,3,3,2,3,-4,3,5,4,6,-5	bundled-knot-table
braid:adfe245b358d0500d3c447c34ddfe5842e310c342213cd5eb0d97e7e9ce7828c	2	7	-1,2,-3,4,-3,-2,1,-3,-4,-5,4,3,2,3,3,-4,-3,5,-6,5,4,-3,-2,-4,3,-4,-5,6	bundled-knot-table
braid:ae86137a81d16481349297a2d2bfa4a6db4dcb9c8f9c42acb53ee8f16037199b	2	7	-1,2,-3,4,-5,4,6,3,-2,-4,1,-4,-3,-4,5,-4,-4,3,2,-4,-3,4,-5,-6,5,4,3,-2	bundled-knot-table
braid:aec4da2bd54c568bc40c450df69c67ca49dccf80caa0e0f3decaaf261b84a007	2	7	-1,2,3,-4,3,-4,3,-5,3,3,-4,3,-2,1,3,4,5,-6,-5,4,3,-2,3,-4,3,5,2,6	bundled-knot-table
braid:af0e38d2b660e9f57233110e4b1d2a91a721526765d7ba37ab2c2614478ddfc7	2	7	-1,-2,3,-4,3,5,2,4,1,4,3,3,3,4,3,-5,4,-6,-5,4,3,-2,3,-4,3,5,2,6	bundled-knot-table
braid:b0123b0333ef78a9e23543cce9ecbea77a7e76c24c2e71b8947f6baaf9085d64	2	7	-1,2,-3,4,5,4,3,-2,4,1,-3,2,4,-3,4,-5,-6,5,4,4,3,-2,-3,4,-3,-5,4,6	bundled-knot-table
braid:b020f8ab80c87b7f4cd1ff63b62d6ce9aea8c404a272b991a07c973054013a18	2	7	-1,-2,-3,4,3,-5,4,6,-3,-5,4,-3,2,-3,2,-4,-3,5,-2,-4,-6,1,3,5,-2,-4,3,-2	bundled-knot-table
braid:b0c8ea562854e9953f0772338e189efe25029b88f99eb4333974cc9f36996c3c	2	7	-1,-2,3,-4,3,-5,-4,6,3,5,-4,3,2,1,3,-2,3,4,3,-5,4,-6,3,5,3,2,-4,3	bundled-knot-table
braid:b2f5cb525208ce38f3a08a4b97f0f48234ca3364eb8a032e0ef38cfd4b2dd091	2	7	-1,-2,-3,-4,-5,-4,6,-3,5,4,-3,2,1,-3,-2,-3,-4,-3,-5,-3,-6,-3,4,3,5,2,-4,-3	bundled-knot-table
braid:b31158a7df0908f4460e8a0edfe1d2e0582e9696910a1d9a17a42a70c78e9f35	2	7	-1,2,-3,4,-3,5,-2,4,1,-3,4,-3,-3,4,-5,-4,6,-5,4,-3,-2,-3,-4,-3,5,2,-6,-3	bundled-knot-table
braid:b36978093b5565d3f24d268a798b494b63c8c602de9d6f7e87d515065b7e161d	2	7	-1,2,3,-4,3,-4,3,-4,-4,-5,-4,3,-2,1,3,4,5,-6,-5,4,3,-2,3,-4,3,5,2,6	bundled-knot-table
braid:b37ff19ca000502fda90d52bc11e3ab331ac40ddd892a030f8ee75da9b8176c6	2	7	-1,2,-3,4,5,4,3,-2,1,-3,4,-3,-5,-6,5,4,-3,-3,4,-3,2,-3,4,-5,4,6,3,-2	bundled-knot-table
braid:b3c5e2346f8e96901e28b71e05ba34fb5d0978c0dbf03ce7bfc0056cb7ab6c43	2	7	-1,-2,3,-4,-3,5,-6,5,4,-3,2,-4,1,3,-4,3,-4,-5,4,6,3,-2,3,-4,-5,4,3,2	bundled-knot-table
braid:b58cd87592db421e48e833b75e6996d4fdd9dbd805372b381cbba4c7b4518e12	2	7	-1,-2,-3,-4,-3,5,4,-6,-3,-3,-3,2,1,-3,4,5,4,3,-2,-3,4,-5,4,6,-5,4,-3,2	bundled-knot-table
braid:b5d8670af9e4a6155377046fae56eca046b46c7381629eb7383621f616491c56	2	7	-1,-2,3,4,3,3,2,1,3,-4,3,5,-4,-6,3,2,-4,5,-4,-3,-4,-5,-4,6,3,-2,-4,-5	bundled-knot-table
braid:b6b456455bc0dbd260f4bdeb074a12f09497535420737629d3ca9e9bf16aabd3	2	7	-1,-2,3,-4,3,-5,4,-6,3,5,2,1,3,-2,4,3,3,4,4,-5,-4,6,3,5,4,3,2,3	bundled-knot-table
braid:b6bf6543d0f7d0faf5a3a3d7b5528b6aed2ed42c347fed42c63d494950bdce77	2	7	-1,-2,3,-4,3,5,2,-6,1,3,4,3,-5,4,3,-2,3,-4,3,5,4,6,4,3,-5,4,3,2	bundled-knot-table
braid:b7690cb34964658b70cb1f5d5df3e40327b2bce78adcd534572c4c187e1cda24	2	7	-1,-2,-3,-4,-5,-4,6,-3,5,4,-3,-3,-3,2,1,-3,-2,-3,-4,-3,-5,4,-6,3,5,2,-4,-3	bundled-knot-table
braid:b8ef44d551975ed3d7be48e823a046dc9cc46e47ef41fc9edec3e837c5f047ea	2	7	-1,-2,3,4,3,5,3,-4,3,-2,1,3,2,3,4,3,-5,-4,-6,-5,4,3,-2,3,-4,3,5,6	bundled-knot-table
braid:b901926006da6e8c35db57677a651e7fe25bc939558b22e7edde49b771e4809f	2	7	-1,2,-3,4,5,-6,5,4,4,3,-2,1,-3,4,-3,-5,-3,6,4,-3,-3,2,-3,4,-5,4,3,-2	bundled-knot-table
braid:b902c53e964883746eb29233c26ab71898903226bb4bf012d09bbfd1614b4a03	2	7	-1,-2,3,-4,3,5,-4,6,-5,-4,3,2,1,3,3,-2,3,4,3,5,-4,-6,3,-5,2,3,4,3	bundled-knot-table
braid:b9040ff1950b573546695f8176fb0a61fb29ce85d2e42de9be424f720686c17f	2	7	-1,-2,-3,4,3,-5,4,6,-5,4,3,3,-2,1,3,-4,3,5,-2,-6,3,-4,3,5,-2,-4,3,-2	bundled-knot-table
braid:b9e351642e1cfdb569946065537687849fd382ac5ba44ec9e511c33100b24983	2	7	-1,-2,-3,-2,4,3,-5,4,6,-3,-5,4,-3,2,-3,2,-4,1,-3,5,-2,-4,-6,3,5,-4,3,-2	bundled-knot-table
braid:ba0824bcb2cbc207076c115fb8cc62dfc3a93904f047c07695d0eb42796ac4d7	2	7	-1,2,3,4,3,5,-4,3,-2,-4,1,3,-4,3,-5,-4,6,3,5,-4,3,-2,3,4,3,-5,2,-6	bundled-knot-table
braid:baa01bb2b42eb54cfe3c2bd13366b9dd5f85c81f39a417c161bc9949f91b59c1	2	7	-1,-2,-3,4,-3,2,1,-3,-4,-3,-5,4,3,2,3,3,-4,5,-6,5,4,3,-2,3,4,-3,-5,6	bundled-knot-table
braid:bac3d8c6bbdf0527ab684844767979262d7adfbbc1746577d1e09f0b9f6463fa	2	7	-1,2,-3,2,4,1,-3,2,-3,-4,-5,4,-6,-3,-5,4,-3,2,-3,2,-4,-3,5,-4,6,3,5,2	bundled-knot-table
braid:bb45d2ba0d478975d4f3d7abccafb0a026c7b435f015f5de3da1a90e5a6258e5	2	7	-1,2,-3,4,-3,-2,1,-3,-4,-3,-5,-6,5,4,-3,2,-3,4,4,-5,4,6,-3,-2,-3,-4,-3,5	bundled-knot-table
braid:bb4fea7abe13df850019c80029172cd3c612a29d1ad0d953c489f5fc068cfda9	2	7	-1,2,3,2,-4,-3,5,-4,6,-3,-5,2,1,-3,4,-3,-2,-3,-4,-3,5,4,-6,-3,-5,4,3,2	bundled-knot-table
braid:bb90142989249c28e2d125df526a039cf7abbe197ac684456a91f688e0180dc6	2	7	-1,-2,3,-4,-3,5,4,-6,-3,2,4,1,3,4,5,4,-3,-2,3,4,3,-5,4,6,-5,4,3,2	bundled-knot-table
braid:bbe46fc18ef1d2742604381abb4097aa0dc5f56b1bd9a04b95d42370632e8f47	2	7	-1,-2,3,-4,3,-5,-4,-6,3,-5,4,3,2,1,3,-4,3,5,3,6,-2,3,4,3,5,2,3,-4	bundled-knot-table
braid:bc7505ce40dea387c37918c7d4635035cdc9801f8ebcf3b8714553b8e9a45f45	2	7	-1,2,3,-4,-5,4,-6,3,-5,4,3,-2,1,3,-4,3,5,-2,6,3,-4,3,5,2,-4,3,-4,3	bundled-knot-table
braid:bc7c2af34a019e53aa5b911ac334602d4b62570b1c1874c852ec208f81321ddd	2	7	-1,-2,-3,-4,-3,5,-6,5,4,-3,2,1,-3,4,4,-5,4,6,-3,-2,-3,-4,-5,4,-3,-3,-3,2	bundled-knot-table
braid:bce3235bfecdf28cdf6eb7f5e2e388a5047a66f02a66406decce0245e3f660fd	2	7	-1,2,3,2,4,3,5,2,-4,6,3,5,2,-4,1,-3,-2,-3,4,3,-5,4,-6,3,-5,-4,3,2	bundled-knot-table
braid:bdb9e840fd7c5997f3962a96f095af5dc61dce9459a5cca81eb89a089a878c13	2	7	-1,-2,3,-4,3,-5,-4,6,3,2,1,3,4,3,5,3,3,3,2,-4,-3,-4,-5,-6,5,-4,3,-2	bundled-knot-table
braid:bdec8226d851866d1a7c5ce9e93b8ff470f00157e76754d8a6a7e2611bb99a62	2	7	-1,2,3,4,4,-5,4,6,3,-2,1,3,-4,-3,-5,-3,-3,4,3,-2,3,-4,5,-6,5,4,3,2	bundled-knot-table
braid:be53ba707b6b1ab3d6336c51515b1a47ff5817539437b5d49e08ee8e3ade4444	2	7	-1,-2,3,-4,3,2,1,3,4,-5,4,-6,3,5,3,-2,-4,3,-4,3,-5,3,6,3,-4,3,5,2	bundled-knot-table
braid:be9d639d93075372cd26ad5ef57751aea391d923fa58eaccb2cdae8e9b6e1807	2	7	-1,2,3,4,5,4,-3,-2,1,-3,4,-3,-5,4,6,-5,4,-3,2,4,-3,4,5,4,-6,3,-2,4	bundled-knot-table
braid:bf282dd4d17e9fd4e284399d15f4d9c309e310a2c30b6c9c9eed335449866cde	2	7	-1,2,-3,4,-3,5,-2,4,1,-3,-3,4,4,-3,-5,-4,6,-5,4,-3,-2,-3,-4,-3,5,2,-6,-3	bundled-knot-table
braid:bffc9d91a3cda160bc1a3a6dcd219d787faa002ef03176494e86284aa05ca957	2	7	-1,-2,3,-4,-3,5,4,-6,-5,4,-3,-3,2,4,1,3,4,5,4,6,-3,-2,3,4,-5,4,3,2	bundled-knot-table
braid:c0542e0dd7e85efd9ddb5a83b193f20b46e791578c91a602c4f0f6953fcf8557	2	7	-1,2,3,4,3,-2,1,3,-4,5,-6,-5,4,3,-2,3,3,3,3,3,-4,5,-4,6,3,2,-4,-5	bundled-knot-table
braid:c0c2e1ffb54fae2d7e2830ca4b5d7d81e3a49f7b1765f3d9560234dfa29b3706	2	7	-1,-2,3,-4,-5,4,6,-3,5,4,3,3,3,2,1,3,-2,-4,-3,-5,-4,-6,-3,5,2,3,3,-4	bundled-knot-table
braid:c11863e2f4338611ff006bef0298239121a15ceb0b8c2fd42d3dea5aa36a9989	2	7	-1,-2,3,4,5,-6,-5,4,3,3,2,1,3,-4,3,5,-4,6,3,3,3,-2,-4,3,-5,-4,3,2	bundled-knot-table
braid:c1499a99dbbef0b240acecee776b9bc5689379462437275518829e9eef2e477c	2	7	-1,2,-3,4,-5,-6,5,4,4,3,-2,1,-3,4,-3,-5,4,6,4,-3,2,4,-3,4,5,4,3,-2	bundled-knot-table
braid:c24b9e2fa454a3eaa073bbd7459ae6b4ce687368d78662c9677db8ee8d9e2538	2	7	-1,-2,3,-4,-5,4,6,3,5,4,3,2,1,3,-2,-4,3,-5,-4,-6,3,5,2,-4,3,-4,-4,3	bundled-knot-table
braid:c26308c419239c6412d2a1d57343ec2437d466913b19d5cdbe4dbce8f8e4288e	2	7	-1,-2,-3,-4,-3,5,-6,5,4,-3,2,1,-3,4,4,-3,-5,2,6,-3,4,-3,-2,-3,-4,-5,4,-3	bundled-knot-table
braid:c26616e1704bfc04df3837af8c12276b3dfe1f41390dc490c49bd94a6230018f	2	7	-1,-2,3,4,3,-5,-2,-4,-6,1,3,-5,-4,3,-2,3,4,3,5,3,6,4,3,5,-4,3,2,3	bundled-knot-table
braid:c390cc40c50d12e565255fb9706449c169f17b22696e0c748eaef138907538de	2	7	-1,-2,3,-4,-5,-4,6,-3,5,-4,3,2,1,3,4,-3,-5,-3,-6,-3,2,-3,4,-3,5,-2,3,-4	bundled-knot-table
braid:c3da9cd1e2232c4c98633dc797b19fdeb9d4a89b623985b9f4290561131241fd	2	7	-1,-2,3,4,3,5,-4,6,3,5,2,-4,1,3,-2,-4,-4,-4,3,-5,4,-6,3,-5,3,2,-4,3	bundled-knot-table
braid:c5286cd22f656cc5ca0b5ec4f365fb02265fb06eaa505ee6628129b2cc5a8c75	2	7	-1,-2,-3,-4,-3,2,1,-3,4,-5,4,-6,-3,5,-3,-3,-3,-2,4,4,-3,4,-5,-4,6,-3,5,2	bundled-knot-table
braid:c58371530f7d7ebc8007eb97a71339bca6def0c06b5dc2ac226741a3e90ed0f6	2	7	-1,2,3,-4,-3,5,4,-3,-2,4,1,-3,4,-3,-5,4,6,-5,4,3,-2,3,3,-4,3,5,2,-6	bundled-knot-table
braid:c5ac5b2981f6cfcdb4656a642db97a0ac11413527399eb38f25f6c55798e2039	2	7	-1,2,3,-4,5,-4,-3,-2,-4,1,3,-5,-2,-6,3,-4,-5,4,3,2,3,-4,3,5,-4,6,3,-4	bundled-knot-table
braid:c5e59e5f3491c29db6c7be3de6e4c6405e5857be06eda20ee4a79dda7130470a	2	7	-1,-2,-3,-4,-3,5,4,-3,2,1,-3,4,4,-5,4,6,-3,-5,2,-3,4,-3,-2,-3,-4,-3,5,-6	bundled-knot-table
braid:c6ab5d4d17c2e73f2668f531ce6d27fa66013f786597e0f43d478ceb8b2317b6	2	7	-1,2,-3,4,-3,-2,1,-3,-4,-5,4,3,2,3,3,-4,-3,5,-3,-6,5,4,-3,-2,-3,4,-5,6	bundled-knot-table
braid:c6e3df6026ae840ba3392705cb215642915596cc7a6d390fed1237e03b70d248	2	7	-1,-2,3,-4,3,5,4,6,-5,-4,3,2,1,3,-2,3,4,-3,5,4,-6,-3,2,3,4,-5,4,3	bundled-knot-table
braid:c6f0f1f96cbe29a59dcd6153366a3e9814739ec5b00872e4b0467f30cd6dd155	2	7	-1,-2,3,4,3,5,2,-6,1,3,-4,3,-4,-5,4,3,-2,3,-4,3,5,2,-4,6,-4,-5,-4,3	bundled-knot-table
braid:c7472822d781adb092affb5aa7146da28f4197f04826d446090f5a527ce71bff	2	7	-1,2,-3,-4,5,-4,-6,5,-4,3,-2,-4,1,3,-4,-5,-4,6,-3,2,-4,-3,-4,-5,-4,3,-2,-4	bundled-knot-table
braid:c82b8f7c16a4f32a5f5e21a01c32e23fc446506c6bbd828101a7566c786847de	2	7	-1,-2,-3,4,-3,-5,-2,1,-3,4,3,2,3,3,-4,-3,5,-4,6,-3,-5,4,-3,-2,-3,-4,5,-6	bundled-knot-table
braid:c87b3e35e80ad668aa0584dc34b9a2cd20ff53dce5c0dc1baab682fb3b3658f4	2	7	-1,2,3,4,3,-2,1,3,-4,5,-6,5,-4,3,3,2,-3,-4,-5,-4,6,3,-2,-4,-4,3,-4,-5	bundled-knot-table
braid:c8e5cb3b833ecf45c8e8c6602e8216df7525fb1f836532f148adb01b5bec3776	2	7	-1,-2,3,4,3,5,-4,6,3,5,3,3,2,-4,1,3,-2,-4,3,-5,4,-6,3,-5,3,2,-4,3	bundled-knot-table
braid:c91b58305398bc27d31da477d57f6596a8d645a050039f8a7d2985d36a7b55a0	2	7	-1,2,-3,4,-3,5,-3,-2,4,1,4,-3,4,-3,-5,2,6,-3,-4,-5,4,-3,-2,-3,-4,-3,5,-6	bundled-knot-table
braid:cac66c390354eb0ec7ccf689cb2c4027e945df11b134d2efc93ca7c861cbd575	2	7	-1,-2,3,-4,-3,5,-3,-6,4,3,5,2,1,3,-2,-4,3,-4,3,-5,-4,6,3,-5,2,3,4,3	bundled-knot-table
braid:caea76ca29a99abf37e0660b52cffafe3fe1cbbd6fa41378e341a5baaaa56d98	2	7	-1,-2,3,-4,3,-5,-4,6,3,5,-4,3,2,1,3,-2,3,4,3,-5,4,-6,-3,5,-3,2,-4,3	bundled-knot-table
braid:cb4f4f0b0fa2458db7ec1c029e28750c6e238ed07cee224baf31b229715c6f9a	2	7	-1,-2,-3,-4,-3,5,4,-6,-3,2,4,1,-3,4,-5,4,3,-2,4,-3,5,4,6,4,-5,4,-3,2	bundled-knot-table
braid:cb9da05211209335f07faec6eb6902c102c7c8e77c312370faea34e94d0f8e73	2	7	-1,2,-3,4,-3,-5,2,1,-3,4,3,2,3,3,-4,-3,5,-4,6,-3,-5,4,-3,-2,-3,-4,5,-6	bundled-knot-table
braid:cc37f7826852c601dffdf2a736957a0914882bc78a9a7478a00ad047e71abf41	2	7	-1,-2,-3,-4,-3,2,1,-3,4,-5,4,-6,-3,5,4,-3,4,-3,-2,4,-3,4,-5,-4,6,-3,5,2	bundled-knot-table
braid:cc388ffe55f20ecf5966bbd2ca3ff80e78fa023779a94f8ec241f6b1502fc578	2	7	-1,2,-3,4,5,4,4,3,-2,1,-3,4,-3,-5,-3,6,4,-3,5,2,-3,4,-3,-2,-3,-4,-5,-6	bundled-knot-table
braid:cc4924d6a11a9bdf0eb5fcd251f435882ab39c11ac065951a5ac897464d322c4	2	7	-1,-2,3,-4,3,5,2,-4,1,-4,3,3,-4,3,-4,-5,4,-6,-5,4,3,-2,3,-4,3,5,2,6	bundled-knot-table
braid:cc8c81f18c7cc87e173ac6bd361e46708c42c9202c4c31853359d8dafedae830	2	7	-1,-2,-3,4,-3,5,-3,-6,2,4,1,5,4,3,4,4,-5,4,6,-3,-2,4,-3,4,-5,-4,-3,2	bundled-knot-table
braid:cd2cf77ed3bbee595e213a4cfbce6c2acd8e6ae800392de649f48ec9ffd7f8fc	2	7	-1,-2,3,4,3,5,3,6,-4,3,5,-4,3,-2,1,-2,3,4,3,-5,2,-6,3,4,3,-5,-4,3	bundled-knot-table
braid:cd42a2bc06e10b8128d871eb4e4b07fa1e0a3ae2a9a53720cd684f8658433dfb	2	7	-1,-2,-3,-4,-3,5,-6,5,4,-3,-3,4,4,-3,-5,2,6,1,-3,4,-3,-2,-3,-4,-5,4,-3,2	bundled-knot-table
braid:cda0843242cddbf5e8197d1c1c7ed3d75c0cb8317c3ea9865b340e35e6322a94	2	7	-1,-2,3,-4,-4,-5,4,-6,-5,4,3,3,2,1,3,-4,3,5,-2,6,3,-4,3,5,2,-4,3,-4	bundled-knot-table
braid:cf6a4cab05725ce8cf6b28c5e16e514ea918fa6ffb6474316f1bebcb8cab7619	2	7	-1,2,-3,-3,4,-3,-5,2,4,1,3,-2,3,-4,-3,5,-4,-6,-3,-5,4,3,2,3,3,-4,5,6	bundled-knot-table
braid:cf713b1c5206ea10d617d7482cb9b41fd4f20f13cadf7f14637fd87f10520cd2	2	7	-1,2,-3,4,-3,-2,1,-3,-4,-5,4,3,2,3,3,-4,3,5,-6,5,-4,3,-2,-4,-3,4,-5,6	bundled-knot-table
braid:cf8b3b4c8449d6639c7f4705fa511ab0f2e01a41eabe02dbc6c22ff8789cbf8a	2	7	-1,2,3,4,3,-2,1,3,-4,5,-6,-5,4,3,-2,3,-4,5,-4,6,-4,-4,-4,-4,3,2,-4,-5	bundled-knot-table
braid:cf98075d624e7d70ef6410a50f7f0ca791f82034768f5ee27550aba82923b95d	2	7	-1,2,3,4,3,-5,4,-6,3,5,-2,-4,1,3,2,-4,3,-5,-4,6,3,5,-2,3,-4,3,3,3	bundled-knot-table
braid:cf9c30a6e9329a0e104658bf1fca306fb9d5751eaed473bbe07f20c23cfe1977	2	7	-1,-2,-3,-4,-3,5,-6,5,4,-3,2,1,-3,4,4,4,4,-5,4,6,-3,-2,-3,-4,-5,4,-3,2	bundled-knot-table
braid:cfcb554361b63321f96eeddc5454f3320d20ab46d524cf17cf8369209d8f6015	2	7	-1,-2,3,-4,-3,5,-3,-6,5,-4,3,2,-4,1,3,-4,-4,-5,4,6,3,-2,3,-4,-5,4,3,2	bundled-knot-table
braid:cfdeee46291a255bb4d8ad39da6de4b3a53da230b266a14e63ee19640d9102ca	2	7	-1,-2,-3,-3,4,4,-5,-4,6,-3,5,4,3,3,2,1,3,-2,-4,-3,-5,4,-6,-3,5,2,3,4	bundled-knot-table
braid:d0437b65b07a36e74398af9cd2a3dbf59a924fe163be1f68862cba4c896e5f8d	2	7	-1,-2,3,4,3,5,2,-6,1,3,-4,3,-5,-4,3,-2,3,4,3,5,-4,6,3,2,-4,-5,-4,3	bundled-knot-table
braid:d10e2f031c4ab42de399d04c836e6b870793b5dc8f1814c8eb897a28c0fe976a	2	7	-1,-2,-3,4,4,-5,-4,6,-3,5,4,-3,2,1,-3,-2,-3,-4,-3,-5,4,-6,-3,5,4,-3,2,-3	bundled-knot-table
braid:d13af29e80c80d4aa8afaf5a8c3d01bbb1f98fea9b212cd584a3e9dc3b89984f	2	7	-1,2,3,-4,-5,-4,6,-3,-2,1,-3,4,-5,4,-3,2,4,-3,4,5,4,-6,3,-2,4,-3,5,-4	bundled-knot-table
braid:d151f6c6666c4b65b8af0e0899cecadaf449f58610a1ffbed48cff5d239b0857	2	7	-1,-2,3,4,3,5,2,1,3,-4,3,-2,3,3,4,3,-5,-4,-6,5,-4,3,2,-4,3,-5,3,6	bundled-knot-table
braid:d175e8ff25282feca26f244d004e9c83a2cc908d975fea4a7a19990015c10d8c	2	7	-1,2,3,4,5,-6,-5,4,-3,2,-3,2,-4,3,5,2,-4,6,1,3,-2,3,4,3,-5,-4,3,2	bundled-knot-table
braid:d1b024e147449e6d3bfb5c2ab52bdd0abe9f449760f876e4b81e7819b762d524	2	7	-1,-2,3,4,3,5,2,-6,1,3,-4,3,-5,-4,3,-2,3,4,3,5,3,6,-4,3,-5,2,-4,3	bundled-knot-table
braid:d1c46d463ff853c0f40ce02dc023f4bd5117210f0f7ffd3b668b065499de6df9	2	7	-1,2,-3,4,5,4,3,-2,1,-3,4,-3,-5,2,4,6,4,-3,4,4,5,4,-3,-2,-3,-4,-5,-6	bundled-knot-table
braid:d212d016df36b91a09083ef22055c6d5201b39fe00cac6c3885cdb9003c349e6	2	7	-1,-2,-3,-2,4,3,-5,4,6,3,-5,4,-3,2,-3,2,-4,1,3,5,-2,-4,-6,3,5,-4,3,-2	bundled-knot-table
braid:d28465c4c809ffdac27c093034b30ba8fcd5eadedfad0724a507773bcf32839c	2	7	-1,2,-3,4,-3,-2,1,-3,-4,-5,4,-6,-3,5,-2,4,3,3,4,4,-3,-5,-4,6,-3,5,-3,2	bundled-knot-table
braid:d32ec705c734235318ff36ad6a9b698917bd21decbd231f06951b938ee363b75	2	7	-1,2,-3,-4,-3,-5,4,-6,-3,5,-3,-2,1,-3,-2,-4,3,-4,-5,-4,6,-3,5,-3,4,-3,2,-3	bundled-knot-table
braid:d340f05e8f9d15a0db58ec17acdc183c8c1e17f03de4fbdcf8e895eea9362eae	2	7	-1,-2,3,3,-4,3,-5,4,3,3,2,1,3,-4,3,5,2,-6,5,-4,-3,-4,-5,-4,6,3,-2,3	bundled-knot-table
braid:d3485e629de091879e8e48fd23adb711110521bf80111e2470157d06b9e0629f	2	7	-1,-2,-3,-4,-3,5,4,-6,-3,5,2,4,1,-3,4,-3,2,4,-3,4,-5,-4,6,-3,-5,-2,4,-3	bundled-knot-table
braid:d3a656f4ce6be669235299ae480a87ad588f727aa1083d9b67283eb400336f4b	2	7	-1,2,-3,2,4,1,3,-5,3,4,-3,-2,-3,-4,3,5,-4,-6,-3,-5,4,3,2,3,3,-4,5,6	bundled-knot-table
braid:d3c84ae6e32d50a6b1b659a11d8a1f2df28dbb9b4d322bc48d63eef80066947b	2	7	-1,2,-3,4,4,4,4,-5,4,6,-3,-2,1,-3,-4,-3,-5,4,-3,-2,-3,-4,5,-6,5,4,-3,2	bundled-knot-table
braid:d47dd8dd5bde62924a7082de67640b0c2557698b75b2e5aa6e24fe0cc7e27c35	2	7	-1,-2,-3,-4,-3,5,2,-6,1,3,3,-4,3,-5,-4,3,-2,3,4,3,5,3,6,-4,-5,4,-3,2	bundled-knot-table
braid:d49b49a793d0b216811c9628414fabde897135e8d65480b949aadee121bf0cc5	2	7	-1,-2,-3,-4,-3,5,-6,5,4,-3,2,4,1,-3,4,-3,4,-5,4,6,-3,-2,-3,-4,-5,4,-3,2	bundled-knot-table
braid:d6d056112065d09a0578558cf73cf71b86e73b0496abeae277a930ed8c040d54	2	7	-1,-2,-3,-4,-3,5,4,-6,-3,5,2,4,1,-3,-3,4,-3,2,-3,4,-5,-4,6,-3,-5,-2,4,-3	bundled-knot-table
braid:d6efacb73f45088edb88dd41c8d5b3f408e50c2e9b593b1a12c42ec775b9c04b	2	7	-1,2,3,4,3,-5,-4,3,-2,1,3,4,-3,5,-3,6,4,-3,-5,-4,-3,-2,-3,4,-3,5,2,-6	bundled-knot-table
braid:d85a297df5bf31696754e7e435278ab04c364a3ea5e21203f5cbc3aa73b312be	2	7	-1,-2,3,-4,3,-5,-4,3,2,1,3,4,3,5,-4,-6,-5,-4,3,-2,3,4,3,5,-4,6,3,2	bundled-knot-table
braid:d8d9b2c5c2a15061ebb2d70c6d61d7f234dbc56fdc596cd39322af2892a8d829	2	7	-1,2,3,2,-4,-3,5,-4,6,-3,-5,2,1,-3,4,3,-2,3,-4,-3,5,4,-6,-3,-5,4,3,2	bundled-knot-table
braid:d8e83fb632b77fbc9d5d2958a5bd1d80ff4ac5c0993d7bd6b4c585adf497655f	2	7	-1,-2,3,4,3,5,2,-6,1,3,-2,-4,3,-4,-5,4,3,2,3,-4,3,5,-4,6,-4,-5,-4,3	bundled-knot-table
braid:d9b5c7f98114075eb666e61b6daeeec2e696c29fcded87253b4f6d0bb405e9f3	2	7	-1,-2,-3,-2,4,1,-5,4,3,-2,3,-4,-3,5,2,-6,-3,-4,-5,4,-3,2,-3,-4,3,5,-2,6	bundled-knot-table
braid:db364ed769c1b92f8134f2dbd19745460996da80310cc60639f9a43003069530	2	7	-1,-2,-3,4,-5,-4,6,-3,-5,4,3,2,1,3,3,-4,-3,5,2,-6,-3,4,-3,5,-2,4,-3,4	bundled-knot-table
braid:dd4315da2655cedf8d7cf7f3d6b4643c60207b5e7381ba51693b8bd076acc3ee	2	7	-1,2,-3,-3,4,4,-5,-4,6,-3,5,-2,1,-3,4,-3,-2,-3,-4,-5,4,-6,-3,5,2,4,-3,-3	bundled-knot-table
braid:dd62aa25eedb55a876803f2b2623769bf7600a3671bbe5b7cb1a381bd739b5a3	2	7	-1,-2,-3,-4,-3,5,4,-6,-3,5,2,1,-3,2,4,4,4,4,-3,4,-5,-4,6,-3,-5,-2,4,-3	bundled-knot-table
braid:de1d44be0bc3de5e33a5e39c10c28fafaf5efaa4ba95bf2379eb7d1cdb1e3b61	2	7	-1,2,3,-4,3,5,-4,3,-2,1,-3,-3,-2,-4,3,-5,4,-6,3,-5,4,3,2,3,-4,3,5,6	bundled-knot-table
braid:dea88e00cd424246273e7d9d82b48ae876f2e4529701a3feac5d24f31bee73ef	2	7	-1,2,3,4,3,2,1,3,-2,3,-4,3,-5,4,-6,-3,-5,4,3,3,2,3,-4,-3,5,-4,6,5	bundled-knot-table
braid:defb791d4fdb62c8b2d38cc2d061ea81d7607898c6d3f3b614db3e5f937143a3	2	7	-1,2,3,-4,3,-4,-5,4,3,-2,1,3,-4,3,5,-4,6,-4,-5,-4,3,-2,3,4,3,5,2,-6	bundled-knot-table
braid:df722769f7a6b5543e07b309cd669730f4a21cdf9743ad3188a95e2a44551401	2	7	-1,-2,3,4,-5,4,3,3,2,1,3,-4,3,5,-2,6,3,-4,3,5,2,-4,3,3,3,-4,-5,-6	bundled-knot-table
braid:dfdb44828a2483afbc5a455493998bdfaa77c5b26015fd802d53c3216833a479	2	7	-1,-2,-3,4,-5,-4,6,-3,-5,4,3,2,1,3,3,-4,-3,5,-2,-6,-3,4,-3,5,2,-3,4,-3	bundled-knot-table
braid:dfe92974cf37c9c9795ae5c460da98b10bcbb2ec4ab0b98ea88a6626e7e54aaa	2	7	-1,2,3,-4,5,-4,-6,-3,-5,-2,4,1,3,2,3,3,-4,3,5,-2,6,3,-4,3,-4,-5,-4,-4	bundled-knot-table
braid:e025dd345e185376320bfc4448a918da6607754f2e80852c598fc3416ab2edf7	2	7	-1,2,3,-4,5,-4,-6,-3,-2,1,3,-4,3,-5,-4,3,2,-3,-4,5,-4,6,-5,-4,3,-2,3,-4	bundled-knot-table
braid:e085c77522d327ac4435b023197a54e76d5b5259e3e10cf94279e7f4afb7241e	2	7	-1,2,-3,4,5,4,4,3,-2,1,-3,4,-5,4,6,-3,2,-3,4,4,5,4,-3,-2,-3,-4,-5,-6	bundled-knot-table
braid:e0a31ddad4316067d6d6d6c74dae753dea98f31a5ed268a2910b8dcef64d2a4e	2	7	-1,2,-3,4,-3,5,-3,-2,-4,1,3,2,-4,3,-5,-4,6,-5,4,3,-2,3,-4,-3,5,-3,-6,-3	bundled-knot-table
braid:e25294fb13dc3264f44ffae5511ee5cd7ac7acd09dce6750e0748bc0acb0a174	2	7	-1,-2,3,-4,-5,4,6,3,5,4,3,2,1,3,-2,-4,3,-5,-4,-6,3,5,2,3,3,3,3,-4	bundled-knot-table
braid:e27e6cd2f917c46e155ea507a906b3f59771d2bbbbd1052843e7fcaedc63382d	2	7	-1,2,-3,4,-5,-6,5,4,4,3,-2,1,-3,4,-3,-5,4,6,-3,-2,-3,-3,-3,-4,-3,5,2,4	bundled-knot-table
braid:e421a2501a4af82b45b165859fb01c07b0670716ed260dbcfa84bba474aa8c84	2	7	-1,2,-3,4,5,4,4,3,-2,1,-3,4,-3,-5,4,6,4,-3,5,2,4,-3,4,-5,4,-6,3,-2	bundled-knot-table
braid:e4822314981b3669c86f6031d33aa401305abc9b86b731a042bba3fed63eb023	2	7	-1,-2,3,-4,3,2,1,3,4,-5,4,-6,3,5,3,-2,-4,3,-4,3,-5,-4,6,3,5,3,3,2	bundled-knot-table
braid:e681cdafc48f63921c41afa326ac1cf9348f74b378102ca66887e3c457838948	2	7	-1,-2,3,4,3,5,-4,6,-3,5,2,4,1,3,-2,3,-4,3,4,-5,4,-6,3,-5,3,2,-4,3	bundled-knot-table
braid:e71a2a9bf0f0280b90621399de6a9ec2c73d48d56d37364221877a4ad0e437f7	2	7	-1,-2,3,4,-3,5,-4,6,3,5,-2,1,3,-4,3,2,3,4,3,-5,4,-6,-3,-5,-4,3,-2,3	bundled-knot-table
braid:e7d1732861c2b541a654f761c2ef5e938fbd534832cafb8da14ae5e250a3b665	2	7	-1,-2,-3,-4,-3,5,2,4,1,4,3,3,3,-2,4,-3,-5,4,-6,-5,4,-3,2,-3,-4,-3,5,6	bundled-knot-table
braid:e9757b58761ee2bac973ccdb090fbfc0e81dcea3c2fd2037d073c6c643891a13	2	7	-1,2,-3,4,-5,4,3,-2,4,1,-3,5,4,6,-3,-5,4,3,-2,3,3,-4,-3,5,4,-6,-3,2	bundled-knot-table
braid:ea62815926604c3a8f5d2c5f5bf9314ecbf17987f1479ea0e629e572c35c1181	2	7	-1,-2,3,-4,-3,-5,-3,-3,4,3,2,1,3,3,-4,5,-6,5,4,3,-2,3,4,-5,4,6,3,2	bundled-knot-table
braid:ea662522a8e57f61d5793aff38746e5c33877eabe489c62874bb9cb8b4a83aca	2	7	-1,-2,3,4,3,5,3,-4,3,3,-2,1,3,4,3,-5,-4,-6,-5,4,3,-2,3,-4,3,5,2,6	bundled-knot-table
braid:ea71e85d67e05f81f93ef3bf66111009c763724c910c0161871a745bc99f5ac2	2	7	-1,-2,-3,4,3,5,3,-2,-4,1,3,3,2,3,4,3,-5,-4,-6,-3,-5,-4,3,-2,3,4,5,6	bundled-knot-table
braid:eb38d8ebc2ce796f02072984cb30447f75a2505beb763b6e4d39c6164961dc21	2	7	-1,-2,3,4,3,-2,1,3,-2,3,-4,3,-5,4,-6,3,-5,4,3,3,2,3,-4,3,5,-4,6,5	bundled-knot-table
braid:eb83fa6889537a0b19dffa6ab0f383e82a06aee2377cfdd80c075cc7cb5d0f51	2	7	-1,-2,-3,-4,-3,5,-6,5,4,-3,4,-3,-3,2,4,1,-3,-5,4,6,-3,-2,-3,-4,-5,4,-3,2	bundled-knot-table
braid:eb846fcf844d5619c7ca3726fe782cc8ce29a7668b6a9a0e5f2405bbf302db17	2	7	-1,2,-3,-4,5,-4,3,-2,1,-3,-2,-4,3,-5,-4,6,-4,-5,4,3,3,2,3,-4,-3,5,4,-6	bundled-knot-table
braid:ebfa14cbdeb5491155db2a9514437aeba569eb9b145e007717ac5e82a9c72944	2	7	-1,-2,3,-4,3,-5,4,-6,3,5,2,1,3,-2,4,-3,-3,4,4,-5,-4,6,3,5,4,3,2,3	bundled-knot-table
braid:ec5d940c0b9936ab904baa2c8b083625ff786dedb4b8219922199ca663361b4c	2	7	-1,2,3,4,3,-2,1,3,-4,5,-4,3,3,3,-4,3,-5,-6,-5,-4,3,-2,3,4,3,5,2,6	bundled-knot-table
braid:ec5dbdcda47559f9eb0ae4908a477c2595c303cee5f948d90096d9d8e09815b7	2	7	-1,-2,3,3,-4,3,5,-6,-5,4,3,2,1,3,-2,3,-4,5,-4,6,3,-4,-5,4,3,3,2,3	bundled-knot-table
braid:ecac6bac84ced1647c9dd97855eb6fcd4ff1896d23d9d8819479b5524dd36bbd	2	7	-1,2,3,-4,3,-5,4,-6,3,-5,-4,3,-2,1,3,2,3,4,3,5,-4,6,3,5,-2,3,-4,3	bundled-knot-table
braid:ed0a4bb16aa4ae05c02e054a674201178d27f57c3b9cf01dbebfc425185ee5d6	2	7	-1,-2,3,4,5,-6,-5,4,3,3,-2,3,-4,3,5,-2,-4,6,1,3,-2,3,4,3,-5,-4,3,2	bundled-knot-table
braid:ef0b4f3f949cee09c7dcfc061f922e768eef8789fd19614d577f6277d0e14d3e	2	7	-1,-2,3,-4,3,5,2,6,1,3,-4,3,5,-2,-4,3,-4,-5,4,-6,3,-5,3,4,3,2,3,3	bundled-knot-table
braid:ef8f47b4f466ad9a472d5357ec8efe6f2e7bbfe3896891b23df1626e2c736be5	2	7	-1,-2,-3,-4,-3,5,4,-6,-3,2,4,1,3,4,5,4,-3,-2,-3,4,-3,-5,4,6,-5,4,-3,2	bundled-knot-table
braid:efe6e97a27b1f94fa2a5d7f32c7af45bff444c73ef6201c2c7d00bc3a6e0eacd	2	7	-1,-2,3,4,-3,5,-4,3,2,1,3,-2,3,4,-3,-5,-4,-6,3,5,4,4,3,2,3,4,-5,6	bundled-knot-table
braid:f0470ff96382559e0e832e8182545ff4362ab8a015a58b9852c5a39339cdaa0a	2	7	-1,2,-3,2,4,1,-3,2,-3,-4,-5,4,-6,3,-5,4,-3,2,-3,2,-4,3,5,-4,6,3,5,2	bundled-knot-table
braid:f08a71a7b76c5a96304014a7defc3e1b7827089ba125fda0436aa4c132a0ce5e	2	7	-1,2,3,-4,3,5,3,3,-2,-4,1,3,-4,-5,4,-6,3,-5,-4,3,-2,3,4,3,5,2,6,3	bundled-knot-table
braid:f0a38c8b43d9df92caac1233ef8f3f67ef0a0d9516674d861b5438720bd2a31c	2	7	-1,2,-3,4,5,4,6,3,-5,-2,-4,1,-3,2,-3,4,-3,5,4,-6,-3,4,-3,-2,4,-3,-5,4	bundled-knot-table
braid:f158e863ad61db3cc739b8d507562b3bd7c717e29c7b75d50b7c26aff4a92f03	2	7	-1,-2,-3,-4,-3,5,4,-6,-3,5,2,1,-3,-2,4,4,-3,4,-5,-4,6,-3,-5,2,-3,-3,4,-3	bundled-knot-table
braid:f1a3bc5bd32599f65495258cce65ed70ddd2b9411630a059cbf61d5a0540bff7	2	7	-1,-2,-3,4,-5,4,6,-3,-3,2,4,1,3,4,5,4,-3,2,4,-3,4,-5,-6,5,4,4,3,-2	bundled-knot-table
braid:f231c433e6d75d4651f4066931476b8b05da977105460a7b9bad90abe24a25a5	2	7	-1,-2,-3,-4,-3,5,4,-6,-3,5,2,1,-3,2,4,4,-3,-3,-3,4,-5,-4,6,-3,-5,-2,4,-3	bundled-knot-table
braid:f29a9936c5c7ebf2b168a3d2fcd8e731627f0cdb8c624c074a283f98102ef296	2	7	-1,2,-3,2,-4,-3,5,-4,6,-3,-5,2,1,-3,4,-3,-2,-3,-4,-3,5,4,-6,-3,-5,4,-3,2	bundled-knot-table
braid:f2ac6bbc75b993cbc83adf8877c35a36e01f17629faa406a92f3cd2c1e690e9b	2	7	-1,-2,3,-4,3,5,2,1,3,4,3,3,4,4,3,-5,4,-6,-5,4,3,-2,3,-4,3,5,2,6	bundled-knot-table
braid:f36531a3ef2ba94da085b86b2eaf783a6dc1ee2b19935d49835920f0a26731af	2	7	-1,-2,3,4,3,5,-4,6,3,5,2,-4,1,3,-2,3,3,-4,3,-5,4,-6,3,-5,3,2,-4,3	bundled-knot-table
braid:f3f87c0b976f91f50724e41460115bd858fee17246c3faf9488a36c56f6f0e40	2	7	-1,2,-3,2,-4,-3,5,-4,6,3,2,1,2,-3,2,4,-3,-5,-4,-3,2,-3,4,5,-6,-5,4,-3	bundled-knot-table
braid:f51805d83a3dee5281072fa6bf806e885860f76f8fcc4a4cefcf9a68ecc4dd06	2	7	-1,-2,3,-4,3,5,2,-4,-6,1,-5,-4,3,3,2,-4,3,-4,5,-4,6,-3,-2,3,-4,-5,4,3	bundled-knot-table
braid:f5b137506dae22674cc94c03c1dd452336bb1b8960aae06476360314031a0985	2	7	-1,-2,3,-4,3,-5,-4,3,2,1,3,4,3,5,-4,-6,3,5,2,-4,3,-4,-5,-4,6,-3,-2,3	bundled-knot-table
braid:f5f0599edcfd8f5d865bc2dbe1c121c7f4f33a896e32c7d01f2a6475f4897dc5	2	7	-1,2,-3,4,5,4,4,3,-2,1,-3,4,-3,-5,4,6,4,-5,4,-3,-2,-3,-4,-3,5,2,4,-6	bundled-knot-table
braid:f65e97283e0b3bdf1da4fed92612578da6546ac2d6e2234c8de8d7a5261a0a33	2	7	-1,2,-3,4,-5,-6,5,4,4,3,-2,1,-3,4,-3,-5,4,6,-3,-2,-3,-4,-3,5,2,4,4,4	bundled-knot-table
braid:f6dfb3ee32e5169cc25cb5e6d2d339088fd2de3d415a54da8d528ac0318fb0d5	2	7	-1,-2,3,-4,-5,4,-6,3,-5,-4,3,-2,1,3,4,3,5,3,6,-4,3,5,3,2,3,4,3,-2	bundled-knot-table
braid:f765775f0d2c97d5937b5b6785788a43957c2e8d6ea57dd3b6134fecabb06333	2	7	-1,2,-3,2,4,-3,-5,-4,6,3,-2,3,4,-5,4,-3,2,1,-3,2,-4,-3,5,-6,5,-4,3,2	bundled-knot-table
braid:fa2462c34c5b9acb3674c0976a6e0a6e1a2670ef9bf1b59f3f4ae9bda26ae698	2	7	-1,2,3,4,3,5,-4,6,3,-5,-2,1,3,4,-3,2,-3,-4,5,4,-6,-3,-2,4,-5,-4,3,3	bundled-knot-table
braid:fb1405286097f8bc7eb081488b8b07f0e58731ba9d61f9fbe39122144d772194	2	7	-1,2,3,4,3,-2,1,3,-4,5,-4,3,-4,3,-5,-6,-5,-4,3,-2,3,3,3,4,3,5,2,6	bundled-knot-table
braid:fbbcca791c209929d81a58d0997fc565935a21afc299268cf147c22b674bcc6d	2	7	-1,2,-3,-4,-5,-4,-6,5,-4,3,-2,-4,1,-3,-2,3,-4,-5,-4,6,-4,3,2,-4,5,-4,3,-4	bundled-knot-table
braid:fbcbdacdb41ba579740c181b9d110d55d739a724a4764418729fcbec49b43a6e	2	7	-1,2,-3,4,-3,-5,-6,-5,4,-3,2,-3,-4,-3,5,2,4,6,1,-3,-2,-3,-4,-3,5,-4,-3,2	bundled-knot-table
braid:fbe37101d57d3f24c13d5aea24d00bd0c99ecb037157f9b7b540e0980cdfbffd	2	7	-1,-2,-3,-4,-5,-4,6,-3,-5,4,3,2,1,3,3,-4,-3,5,2,-6,-3,4,-3,5,-2,-4,-3,-4	bundled-knot-table
braid:fc5fabdb5984e853a77e0d89507e1060fe79dfbd25999cda3231b1b749d6a94f	2	7	-1,2,-3,4,-3,-5,-2,-6,1,5,4,3,2,3,4,4,-5,4,6,3,-2,3,-4,-3,5,-4,-3,-3	bundled-knot-table
braid:fc87930bf8c9bc4559c68dc4535b5a7e4ef25f0edee5bc0f453eef721719c096	2	7	-1,-2,3,4,3,5,-4,3,2,1,3,4,3,-5,3,-6,-2,3,-4,3,5,-4,3,-4,3,-5,2,6	bundled-knot-table
braid:fdf408fe1c95fe4d33e789fa198f5c3809baec4105cc50384200e8c56aa29889	2	7	-1,2,-3,-3,4,-3,-5,-3,6,4,-3,-2,1,-3,-4,-5,4,-3,-2,-3,-4,5,-6,5,4,-3,2,4	bundled-knot-table
braid:fe703954d4e146dd18aadd181b9905ad52dff1df476a2195035d7eb301d2247b	2	7	-1,2,-3,4,5,4,3,-2,1,-3,-2,4,-3,-5,4,6,-3,-5,4,-3,2,-3,-4,-3,5,4,-6,-3	bundled-knot-table
braid:ff252f609cde1fd4ea093d8a880ca59563674194ff0e259e090f2d31b6bcc6fc	2	7	-1,2,3,-4,5,-4,-3,-2,-4,1,3,-5,3,-6,-4,-5,4,3,2,3,-4,3,5,-2,-4,6,3,-4	bundled-knot-table
braid:ff51b4e92c05d3c9ef27c38c943cfd0e8caaff47ae21db18a83cd9a26a0817a5	2	7	-1,-2,3,3,3,4,3,3,2,1,3,-4,3,5,2,-6,5,-4,-3,-4,-5,-4,6,3,-2,3,-4,-5	bundled-knot-table
braid:ff8895c3a116e2efbefcada5ac772268df8724257030b395e1d2f85582d6a912	2	7	-1,2,-3,4,4,-5,4,-3,-2,1,-3,-4,-3,5,4,6,-3,-5,2,-3,4,-3,-2,-3,-4,-3,5,-6	bundled-knot-table
braid:ff9af08d726c9ab7586907a057efc9925b8c6969521a72f2d737e7a79b9342f4	2	7	-1,-2,3,-4,3,-4,-4,-5,4,3,2,1,3,-2,-4,3,5,-6,-5,4,3,2,3,-4,3,5,-4,6	bundled-knot-table
braid:ffe092972d7372e7b7011667ca51aff6627e6a21d76d3d024ac02096fdfa984d	2	7	-1,-2,3,-4,3,-5,4,6,-5,4,3,3,2,1,3,-2,-4,-3,5,4,-6,5,4,3,2,3,-4,3	bundled-knot-table
braid:005f83fb1dcd0613a39086ff87d474ed1956e894648dd62561aa40e90268ab81	2	7	-1,-2,3,-4,5,-4,-3,2,4,1,-3,4,-5,-6,5,4,4,3,-2,4,3,4,4,-5,4,6,-3,2,4,4	bundled-knot-table
braid:013343441d7e837907c80485b9525dbb42a0349e40b9ee2843c2282dae866adc	2	7	-1,2,-3,4,5,4,4,3,-2,4,1,3,-2,4,-3,4,-5,4,-6,5,4,3,2,4,-3,4,4,-5,4,6	bundled-knot-table
braid:0147f293a9bfcba85a1be339f89a9a7176d64e0a4ff1414d3fc5ccfe1d2d1066	2	7	-1,2,-3,4,5,4,3,-2,-4,1,-4,-3,2,4,-5,-6,5,4,-3,4,4,-5,4,6,3,-2,3,-4,-4,-4	bundled-knot-table
braid:04b0bce5e1fdf5ad97d08fd209e8fee30c7224f48031ee1e7c04132cfa51c616	2	7	-1,2,3,4,-5,4,4,4,-3,-2,4,1,3,-2,4,5,-6,5,4,3,4,-5,4,6,-3,2,4,-3,4,4	bundled-knot-table
braid:05fedb15c9a3cd1b95662be1c4492adb59c40e8263e9b99bb932cdd9436ff641	2	7	-1,2,3,-4,-5,-4,-3,-2,4,1,3,-2,4,5,-6,5,4,3,4,-5,4,6,-3,2,4,4,4,-3,4,4	bundled-knot-table
braid:07c176917f057da62110c5846ca4d649c3e99ee31216b77d8b153c24ff5be996	2	7	-1,-2,3,4,5,6,5,5,-4,-3,2,-4,1,3,2,-4,3,5,-4,5,-6,5,4,-3,-2,-4,-3,5,-4,5	bundled-knot-table
braid:0bf484f632b1066f374b17415f818b27e193d8b7e2e7a2a109eafd321b2a0e2a	2	7	-1,2,3,4,-5,4,6,4,4,-3,-2,4,1,3,-2,-3,4,-5,4,3,2,4,5,-6,5,4,4,-3,4,4	bundled-knot-table
braid:0f9f844b07512de2f235f8c584fe4ade8b37257275a00302c63e1c3a1a54aa65	2	7	-1,2,-3,4,5,4,4,3,-2,-4,1,3,-2,4,4,-5,4,6,5,4,3,4,-5,4,-6,-3,2,4,-3,-4	bundled-knot-table
braid:145df5d7b825319087c3d75ba5b5680f7ef17f27cadcce705e7751bbe1b69499	2	7	-1,2,-3,4,5,4,4,3,-2,1,3,-2,4,3,4,4,-5,4,6,5,-4,-4,-3,2,4,-3,4,-5,4,-6	bundled-knot-table
braid:15caa5552bc6868ffcec2028251baa270c845cb082e10ae23bdd5fe8a2b6c399	2	7	-1,2,-3,4,5,-6,5,4,4,3,-2,1,3,4,-5,4,6,-3,-2,4,3,4,4,-5,4,4,4,-3,2,4	bundled-knot-table
braid:1789344544728aae858f58f6f1fd5f8ba1ff8414da8f04ca05098139a27147b3	2	7	-1,2,-3,4,5,4,4,3,-2,-4,1,3,-2,4,-3,4,-5,4,-6,4,4,5,4,3,2,4,-3,-5,-4,6	bundled-knot-table
braid:19a063529cd1bc1a718394d653934b342ae628de256c13efd528dcf8c5765f21	2	7	-1,2,-3,-4,5,-4,3,-2,-4,1,-3,-4,-5,-6,5,-4,3,2,-4,-4,-3,4,4,-5,4,6,3,-2,-4,-4	bundled-knot-table
braid:1a2f4b797eaa27a3989eb879a1a14080194323a923710e91a25c407a9a738242	2	7	-1,2,-3,4,-5,4,6,3,-2,-4,1,-4,5,-4,-4,3,2,-4,-3,-5,4,-6,4,5,4,3,-2,-4,-3,-4	bundled-knot-table
braid:1b33d1e38de3f9381218e187454cde55e35e45ea8dae7520485c65825acc2a7a	2	7	-1,2,-3,4,-5,-6,5,4,3,-2,1,-3,4,-5,4,6,3,2,-4,-4,-3,4,4,5,4,3,-2,-4,-4,-4	bundled-knot-table
braid:1bb556e7a322d4634a69b58adbe907525be2501bdac6f96411f08aae418456b7	2	7	-1,2,-3,4,-5,4,-6,3,-2,1,-3,-4,5,-4,3,2,-4,-5,-4,6,-4,-4,-3,4,4,5,4,3,-2,-4	bundled-knot-table
braid:1ef17e13df667f90f7fdb61a40979e31a3cc08786e22837db5f5b470ca9f1d48	2	7	-1,-2,3,4,5,4,-3,2,4,1,-3,4,-5,-6,5,4,4,3,-2,4,3,4,4,-5,4,6,-3,2,4,4	bundled-knot-table
braid:25898656063a79818d54e40a7ca3cac3c8c908600f49d4d6c3ccd8a7192ec9f0	2	7	-1,2,-3,4,5,4,4,3,-2,1,3,-2,-4,3,4,4,-5,4,-6,4,4,-3,5,2,-4,-3,-4,-5,-4,6	bundled-knot-table
braid:2f30add3b39f8ff99b99fc046658590fcdff792a6754a870baa308cd0465524a	2	7	-1,2,-3,-4,5,-4,3,-2,-4,1,-5,-4,6,-5,-4,3,2,-4,-4,-3,4,4,5,4,-6,3,-2,-4,-3,-4	bundled-knot-table
braid:2f413308200c08d8704de27c1f1a4dc1ec774b9542135fc2412346d3042f4cdc	2	7	-1,-2,-3,-4,-5,-4,3,2,-4,1,-3,4,4,5,4,-6,-5,4,3,2,-4,-4,-3,4,4,5,4,6,3,-2	bundled-knot-table
braid:3014f2e221598de2b8cea7aefecc03e5c416291a55b930b5f92e9fa8a84d8e15	2	7	-1,2,3,-4,-5,-4,-3,-2,-4,1,-3,-2,4,3,4,5,-6,5,4,4,-3,2,4,4,3,-4,-5,-4,6,-4	bundled-knot-table
braid:3070594aec6e638f6611cd208a4c303fd08f1932dfd5de176a3897ceb534a9ba	2	7	-1,2,-3,4,5,4,4,3,-2,4,1,3,-2,-4,-3,-4,-5,4,-6,4,4,5,-4,3,2,-4,-3,-5,4,6	bundled-knot-table
braid:308b1795f133a36e639396903d764b9f11cbc0d57c1767ed466b3e0aecc85b12	2	7	-1,2,-3,4,5,4,4,3,-2,4,1,3,-2,4,4,-5,4,6,5,4,3,4,-5,4,-6,-3,2,4,-3,4	bundled-knot-table
braid:30c2bae7fceb420515805cd525713990e507647e7e03ee699b6414dc53231c9a	2	7	-1,2,3,4,-5,4,6,-3,-2,4,1,-3,-2,4,3,4,5,4,4,-3,2,4,4,3,4,-5,4,-6,5,4	bundled-knot-table
braid:31498fac3034ad0ec9734766023db89c6be0991d83e82778128333593d4a1fed	2	7	-1,2,3,4,-5,4,-6,-3,-2,4,1,4,5,-4,-4,3,-2,4,3,4,-5,4,6,5,4,-3,2,4,-3,4	bundled-knot-table
braid:3ca52ac039285351a456be626af1aee1625308329fc81c8640cad80d77002368	2	7	-1,2,-3,4,4,-5,-6,5,4,3,-2,4,1,3,4,4,-5,4,6,-3,-2,4,3,4,5,4,4,-3,2,4	bundled-knot-table
braid:3d5438a14937a16b3e30ab640b67c254249e376b4f21e1bd68c07f25408e2a96	2	7	-1,2,-3,4,5,4,4,3,-2,4,1,3,-2,-4,-3,4,-5,4,-6,5,4,3,2,-4,-3,4,4,-5,4,6	bundled-knot-table
braid:3f519b585639d890a6fb55bfb2e7903e77833ba2ccb7901c7aeb5c81313467c2	2	7	-1,2,-3,4,-5,4,-6,3,-2,-4,1,5,-4,3,2,-4,-5,-4,6,-3,4,4,5,4,3,-2,-4,-4,-3,-4	bundled-knot-table
braid:400506c61359d79a74301f92ac39820c067a5773308d6cffe89d1006dac6a1c6	2	7	-1,2,-3,4,5,4,4,3,-2,1,3,-2,4,3,4,4,-5,4,6,5,4,4,-3,2,4,-3,4,-5,4,-6	bundled-knot-table
braid:40ad7d656092632c0ae25ada905ca646f1cf7a4d31f1e745cf35f77540ddbf39	2	7	-1,2,-3,4,5,4,4,3,-2,1,3,-2,4,3,-4,-4,-5,4,6,5,4,4,-3,2,4,-3,4,-5,4,-6	bundled-knot-table
braid:421079e4688afb213499c7628a54858549de131fd192f62ec73b5ab64ee804d9	2	7	-1,2,-3,4,5,4,4,3,-2,-4,1,3,-2,4,-3,4,-5,4,-6,5,4,3,2,4,-5,4,6,4,-3,-4	bundled-knot-table
braid:439fdf78a4cfbd7d6411ab588beb27a2ba3de836254c03adf542ffd6ef786b68	2	7	-1,2,-3,4,5,4,4,3,-2,4,1,3,-2,4,-3,4,-5,4,-6,5,4,3,2,4,-5,4,6,4,-3,4	bundled-knot-table
braid:49cec680ffd0cd2dcf1534ece0a533a3fcf3267bf9c5b2d4188b81724e596085	2	7	-1,2,-3,4,5,4,4,3,-2,1,3,-2,4,3,4,-5,4,6,4,4,5,4,-3,2,4,-3,4,-5,4,-6	bundled-knot-table
braid:4c1808f998f8f9c6f3e7ec36e9651506f8e7e457560199f79926ceb2e0f18f8f	2	7	-1,2,3,-4,-5,-4,-3,-2,4,1,3,-2,4,5,-6,5,4,3,4,4,4,-5,4,6,-3,2,4,-3,4,4	bundled-knot-table
braid:51325c9f6906d091c8173cc324bc0494f93c5e290bd9876c9947fc047bddf756	2	7	-1,2,-3,4,5,4,4,3,-2,1,3,-2,-4,3,4,-5,4,6,5,-4,-4,-4,-3,2,-4,-3,-4,-5,-4,-6	bundled-knot-table
braid:51d0bf04803dd05429cf5dd9737d9a8a06780eee7bbdff8c8b2e7aba48038386	2	7	-1,2,-3,4,4,4,-5,4,-6,3,-2,1,-3,-4,5,-4,3,2,-4,-5,-4,6,-3,4,4,5,4,3,-2,-4	bundled-knot-table
braid:5436eee4eb4fe8e6e84d7c714258b8452dd63f9aa81a61772c456cc621664047	2	7	-1,2,3,4,-5,4,-6,-3,-2,4,1,4,5,4,4,3,-2,4,3,4,-5,4,6,5,4,-3,2,4,-3,4	bundled-knot-table
braid:5bcd76c7f2af6e590726b805eed48075f997e094d0ab6c0de4da5c6df3559e3d	2	7	-1,2,-3,4,5,4,4,3,-2,-4,1,3,-2,4,-3,4,-5,4,-6,4,5,4,3,2,4,-5,4,6,-3,-4	bundled-knot-table
braid:5c731519212f5efa50b0213d27b08ef5a3c84d2d3c21aa607c9204c300d98423	2	7	-1,-2,-3,-4,5,-4,-6,3,2,-4,1,-3,-4,-5,-4,3,2,-4,-3,4,4,5,4,6,-5,4,4,3,-2,-4	bundled-knot-table
braid:5d8330b9091920a476b91a45527e57b92222c35394d56dc4eb60b3c6c53fc47e	2	7	-1,2,-3,-4,-4,5,-4,-6,-5,-4,3,-2,1,3,2,-4,-4,-3,4,4,5,4,6,3,-2,-4,-3,-4,-5,-4	bundled-knot-table
braid:5dd55add557e35d452cdd8099ad456d3fdb45f7c134fb3aba39f46f74d36ffdd	2	7	-1,2,-3,-4,-5,-4,-6,3,-2,-4,1,5,-4,3,2,-4,-5,-4,6,-3,4,4,5,4,3,-2,-4,-3,-4,-4	bundled-knot-table
braid:5e833be37a7d93df07f96d7089c8038ad9ce1319a606cb1df104408a5dd634f0	2	7	-1,2,3,-4,-5,-4,-6,-3,-2,4,1,5,4,4,3,-2,4,3,4,-5,4,6,5,4,-3,2,4,-3,4,4	bundled-knot-table
braid:63dd76f556486682831c8512975c6d031276e71610631993463133d6f8133b03	2	7	-1,-2,-3,-4,-5,-4,-6,-4,5,-4,3,2,-4,1,-3,-4,-5,-4,6,3,2,-4,-3,4,4,5,4,3,-2,-4	bundled-knot-table
braid:69252034e43aaa037176c4381cddadea58269d4e0235c6910253c313e9001041	2	7	-1,-2,-3,-4,5,-4,3,2,-4,1,-5,-4,-6,-3,-4,-5,-4,3,2,-4,-4,-3,4,4,5,4,6,3,-2,-4	bundled-knot-table
braid:69834ed293404c22a52d8ec478feabc3983cc7386b656a8bceef51bcb040d632	2	7	-1,2,-3,4,5,4,4,3,-2,1,3,-2,4,3,4,-5,4,6,5,4,-3,2,4,-3,4,-5,4,-6,4,4	bundled-knot-table
braid:706a53dac9f11b7da513678c5dc29e70a41856159a6e660ac2a12b094c2b5f91	2	7	-1,2,3,-4,-5,-4,6,-3,-2,-4,1,-3,-2,4,3,4,5,4,4,-3,2,4,4,3,-4,-5,-4,-6,5,-4	bundled-knot-table
braid:743c6d234bad4f6f1aabcf8dec1c1367035bbbfdc779a79c350ce8841b7857b4	2	7	-1,-2,-3,4,-5,4,3,2,-4,1,-3,4,4,5,4,-6,-5,4,3,2,-4,-4,-3,4,4,5,4,6,3,-2	bundled-knot-table
braid:804e0c452344238e5ff31e07662afe8fa5f96fc849ca61d9ce0114da168b9282	2	7	-1,2,-3,-4,-5,-4,-6,3,-2,-4,1,5,-4,3,2,-4,-5,-4,6,-3,4,4,5,4,3,-2,-4,-4,-3,-4	bundled-knot-table
braid:80cd1f94fcf678fd8c62ad6b6771be2940973332eebd59dd7a545e6068557312	2	7	-1,2,3,4,5,4,6,-5,4,-3,-2,4,1,3,-2,4,3,4,5,4,-6,-3,2,4,-5,4,4,4,-3,4	bundled-knot-table
braid:85742f528458f652021b952a33b39463a3a7d3275ce09d562af144210cb2c9d8	2	7	-1,2,-3,4,5,4,3,-2,-4,1,-4,-4,-3,4,-5,-6,5,4,3,2,-4,-3,4,4,-5,4,6,3,-2,-4	bundled-knot-table
braid:8eaada575e184ce99fcef37b37b961b8a42b601240ff36bd8eafacc344cb8a54	2	7	-1,2,-3,4,5,4,4,3,-2,1,3,-2,4,3,4,4,-5,4,6,4,5,4,-3,2,4,-3,4,-5,4,-6	bundled-knot-table
braid:910b4ffe79db42c5f37dd3b42ad62ee9d830fd44404b77d27b16f92f85246407	2	7	-1,2,-3,-4,-5,-4,6,3,-2,-4,1,-4,5,-4,-4,3,2,-4,-3,-5,4,-6,4,5,4,3,-2,-4,-3,-4	bundled-knot-table
braid:912dce4b2ef91dde4f04738ba7d72fc6a2b8cb996b82c9acdf9fe207fdbc8909	2	7	-1,2,-3,-4,-5,-4,-6,3,-2,1,-3,-4,5,-4,3,2,-4,-5,-4,6,-3,4,4,4,4,5,4,3,-2,-4	bundled-knot-table
braid:9338c65420f2b3f01efb9737bb21cc23d68305507606815a9645727f26628099	2	7	-1,2,-3,-4,5,-4,3,-2,-4,1,-3,-4,-5,-6,5,-4,3,2,-4,-3,4,4,-5,4,6,4,4,3,-2,-4	bundled-knot-table
braid:937536539ea2c0acedfd7cea180a46d4d800585a9a4ef2b92dd48ce26a4fa1af	2	7	-1,2,-3,-4,5,-4,3,-2,-4,1,-3,-4,-5,-6,5,-4,3,2,-4,-3,4,4,-5,4,6,3,-2,-4,-4,-4	bundled-knot-table
braid:950db1a784d381e03b122f33330ea63d79674fa748157b957997bdff8decb61a	2	7	-1,2,-3,4,5,4,4,3,-2,4,1,3,-2,4,-3,4,-5,4,-6,4,5,4,3,2,4,-5,4,6,-3,4	bundled-knot-table
braid:969468e52ccd46961e513c3ceaa8dd7cb990f51b00beb279fad048a4e640bab4	2	7	-1,2,-3,4,-5,4,6,4,4,3,-2,1,-3,-2,4,3,4,5,4,4,-3,2,4,4,3,4,-5,-6,5,4	bundled-knot-table
braid:96bb1297e86f89da6bdf774de0f73db48f9ee7363ac7c952c1b58a7a95d18362	2	7	-1,-2,-3,-4,5,-4,3,2,-4,1,-3,-5,-4,-6,-5,-4,3,2,-4,-4,-4,-4,-3,4,4,5,4,6,3,-2	bundled-knot-table
braid:980a52395b496df2d16a20c9f2f1495b5fe3657e8ff7f55267200c242b5954f7	2	7	-1,2,3,4,-5,4,6,-3,-2,4,1,3,-2,4,-5,4,3,4,5,-6,5,4,4,-3,2,4,4,-3,4,4	bundled-knot-table
braid:98feefa43b52bf991e694fa8942b46446676eb7e296ed6432dc44322248b5fcf	2	7	-1,2,-3,4,-5,-6,5,4,4,3,-2,4,1,3,-2,4,4,-5,4,6,4,3,4,5,4,-3,2,4,-3,4	bundled-knot-table
braid:9f3413186bea0ca4eaeb8a990b8063023dfbff4a74814b5fb3984663b12a1784	2	7	-1,2,3,4,-5,4,-6,-3,-2,4,1,5,4,4,3,-2,4,3,4,-5,4,6,5,4,-3,2,4,-3,4,4	bundled-knot-table
braid:a0d9b872a556b3039815e6add96af9ff3dca8fea60cd0b3c5a1ecd8c7672520f	2	7	-1,2,-3,4,5,4,4,4,4,3,-2,1,3,-2,4,3,4,-5,4,6,5,4,-3,2,4,-3,4,-5,4,-6	bundled-knot-table
braid:a280ac57318c599f3c319338ed0da6c687d0c8809938d206c3d18b92e4d82b7a	2	7	-1,2,-3,4,5,4,4,3,-2,4,1,4,-3,-2,4,3,4,-5,4,6,5,4,-3,2,4,3,4,-5,4,-6	bundled-knot-table
braid:a73be2ca883ee4e7032e466f334cbdde6d7958249db68a21baa8cdc6e33a3d6f	2	7	-1,2,-3,4,4,4,5,4,4,3,-2,1,3,-2,4,3,4,-5,4,6,5,4,-3,2,4,-3,4,-5,4,-6	bundled-knot-table
braid:a93a8082e9da1c83d9028b9ef2329e89c4a02cf0b8ba00318c5503445eb4554d	2	7	-1,-2,-3,-4,5,-4,3,5,2,-4,1,-3,2,-4,3,5,-4,5,-6,5,4,-3,-2,-4,3,5,4,5,6,5	bundled-knot-table
braid:a9cd1b546ca9f80f7d830e9827e423bf7fa8afd18d34a10d8abfedf39891dda4	2	7	-1,2,3,4,-5,4,-3,-2,4,1,3,-2,4,5,-6,5,4,3,4,-5,4,6,-3,2,4,4,4,-3,4,4	bundled-knot-table
braid:aa73a9213265aab86cbe5b32150fbe4aa51f6e479ba6e2dec6d1c2fac4d37816	2	7	-1,2,3,-4,-5,-4,-3,-2,4,1,3,-2,4,5,-6,5,4,3,4,-5,4,6,-3,2,4,-3,4,4,4,4	bundled-knot-table
braid:ab99ac582edcb9a83648b67e1824bbcfa33f6cf38779b495e8f60ecdb39c5f9b	2	7	-1,2,-3,-4,-5,-4,-6,3,-2,1,-3,-4,5,-4,-4,-4,3,2,-4,-5,-4,6,-3,4,4,5,4,3,-2,-4	bundled-knot-table
braid:ac736e56c82c4bcc7a9fedfbdcab56c9a5b3911cd22c11ebd2ed771f6a2e4c6b	2	7	-1,2,-3,4,5,4,4,3,-2,1,3,-2,4,3,4,-5,4,6,5,4,4,4,-3,2,4,-3,4,-5,4,-6	bundled-knot-table
braid:af1c4e6361999adb71ae6f1b6aceca6e25bd3e4b3b4bcaae38624db28ddcbc66	2	7	-1,2,3,4,-5,4,-3,-2,4,1,3,-2,4,5,-6,5,4,3,4,4,4,-5,4,6,-3,2,4,-3,4,4	bundled-knot-table
braid:b265db0d04fe5118caaaa048cda494ac680395fedcf686ce8999cf98dd168317	2	7	-1,2,-3,-4,5,-4,3,-2,-4,1,-4,-3,-4,-5,-6,5,-4,3,2,-4,-4,-3,4,4,-5,4,6,3,-2,-4	bundled-knot-table
braid:b3052266fa4c569757af8270ef301b0c017a6da3fb2ddc08490ed756a9edbac5	2	7	-1,2,3,4,-5,4,-6,-3,-2,4,1,4,5,4,4,3,-2,-4,3,4,-5,4,6,5,4,-3,2,-4,-3,4	bundled-knot-table
braid:b34aac643afcb6faaf937f913e5fdcfc35eb450161fa01a0f450195a1786bb20	2	7	-1,-2,3,4,5,4,-3,2,-4,1,-3,4,-5,-6,5,4,4,3,-2,-4,3,4,4,-5,4,6,-3,2,-4,-4	bundled-knot-table
braid:b5a7badeaa938fd104c3c2c8158078e336529326a7fcf3e6ec18c90cd7e31d32	2	7	-1,2,-3,-4,-4,-4,-5,-4,-6,3,-2,1,-3,-4,5,-4,3,2,-4,-5,-4,6,-3,4,4,5,4,3,-2,-4	bundled-knot-table
braid:b758c7040964c133d0fa5be1fb313d0e73ca912f4b71c4333664d05154cde657	2	7	-1,-2,-3,-4,5,-4,3,2,-4,1,-3,-5,-4,-6,-4,-4,-5,-4,3,2,-4,-4,-3,4,4,5,4,6,3,-2	bundled-knot-table
braid:bd61c29d0a9b7cf9db6fe5bb74b6f28825baa5eda13fc359bc13d7f5a4cbcd11	2	7	-1,2,-3,4,-5,4,-6,3,-2,-4,1,5,-4,3,2,-4,-5,-4,6,-3,4,4,5,4,3,-2,-4,-3,-4,-4	bundled-knot-table
braid:bdbd9620f8458dfe77b4bf2d40a80eb281660f78e610d7732fd072fdc6437344	2	7	-1,-2,-3,-4,-4,-4,5,-4,3,2,-4,1,-3,-5,-4,-6,-5,-4,3,2,-4,-4,-3,4,4,5,4,6,3,-2	bundled-knot-table
braid:bdd81f2e280a15ec6958a41e61c3252ffff7404c68497d753e9fe31cfaacf237	2	7	-1,2,-3,4,-5,4,-6,3,-2,1,-3,-4,5,-4,-4,-4,3,2,-4,-5,-4,6,-3,4,4,5,4,3,-2,-4	bundled-knot-table
braid:be6ab2d9aac8f866dc8ddc71489e4f16f112b107236cf89b0e11cefb87942355	2	7	-1,2,-3,-4,-5,-4,-6,5,-4,-4,3,-2,-4,1,3,-4,-5,-4,6,-3,2,-4,-3,4,4,5,4,3,-2,-4	bundled-knot-table
braid:c1fff632d19fbb558defb11e5b46dec395744c1b844f1c6f80abe8caadd02fcc	2	7	-1,2,-3,4,-5,-6,5,4,4,3,-2,4,1,3,-2,-4,-4,-5,4,6,4,3,4,5,4,-3,2,4,-3,4	bundled-knot-table
braid:c3eff320e2548a74c2b8c11c7ed81a45ff1447f6e48af5053c5bf9326e28a689	2	7	-1,2,-3,4,5,4,4,3,-2,4,1,3,-2,4,-3,4,-5,4,-6,4,4,5,4,3,2,4,-3,-5,4,6	bundled-knot-table
braid:c4eee342a4eeb885682469ce616217c6bf2306154bb1c99d7c7283a2335f483e	2	7	-1,2,3,4,-5,4,6,-3,-2,4,1,3,-2,-3,4,-5,4,3,2,4,5,-6,5,4,4,4,4,-3,4,4	bundled-knot-table
braid:c7380b04ff7991f0e87a6728088faa1391ab72071b2f650d4312cf1ba7554fc8	2	7	-1,2,3,4,5,4,6,-5,4,-3,-2,4,1,3,-2,4,4,4,3,4,5,4,-6,-3,2,4,-5,4,-3,4	bundled-knot-table
braid:cb1e780a7b61ee281e6097d76332109ebbbaeefedceb3d5e925955993a2bcb48	2	7	-1,2,-3,4,5,4,3,-2,4,1,-3,4,-5,-6,5,4,3,2,4,-3,4,4,-5,4,6,3,-2,-4,-4,-4	bundled-knot-table
braid:d0b81df19c5b0b9327509f795ba834d7c5cc4ed53ad53bd89d42d1c69f986e17	2	7	-1,2,3,-4,-5,-4,-3,-2,4,1,4,4,3,-2,4,5,-6,5,4,3,4,-5,4,6,-3,2,4,-3,4,4	bundled-knot-table
braid:d13f20d1da0b227e7e38dc27b7e60961160aa1934750f93759f53e2841adc3db	2	7	-1,2,3,4,-5,4,6,-3,-2,4,1,3,-2,-3,4,4,4,-5,4,3,2,4,5,-6,5,4,4,-3,4,4	bundled-knot-table
braid:d43519841d46425b71a0bf23afd167cf96c16beca3c95d3d812efd7e35f62eae	2	7	-1,2,3,4,5,4,6,-5,4,-3,-2,4,1,3,-2,4,3,4,5,4,-6,4,4,-3,2,4,-5,4,-3,4	bundled-knot-table
braid:d66f852b375c09c8b2e8565b1180a1d06d92c0684066b702edf177dad4b9e3af	2	7	-1,2,-3,4,-5,4,6,3,-2,1,-3,-2,4,3,4,5,4,4,4,4,-3,2,4,4,3,4,-5,-6,5,4	bundled-knot-table
braid:d90c4f68c487dc4f5415b5c879f5bb3ba37093873c6db7a30a2447d2f1c5b79a	2	7	-1,2,-3,4,5,4,4,3,-2,1,3,-2,-4,3,4,4,-5,4,6,4,5,-4,-3,2,-4,-3,-4,-5,-4,-6	bundled-knot-table
braid:dab67d435031bc32deb531f72e3670aa18edeec1f4825542d53e095f107eff6d	2	7	-1,2,-3,-4,-5,-4,-6,3,-2,1,-3,-4,5,-4,3,2,-4,-5,-4,6,-3,4,4,5,4,3,-2,-4,-4,-4	bundled-knot-table
braid:e33f77954c080655dea5b848d4b39acfa0f7097d4f3d5d395c3a5d02d320e021	2	7	-1,2,-3,4,-5,4,-6,3,-2,1,-3,-4,5,-4,3,2,-4,-5,-4,6,-3,4,4,5,4,4,4,3,-2,-4	bundled-knot-table
braid:ebe13a991ab99d9450855d5970ba65f9d8950542995c1a775de3931d6985e3a4	2	7	-1,2,3,4,-5,4,-3,-2,4,1,3,-2,4,5,-6,5,4,3,4,-5,4,6,-3,2,4,-3,4,4,4,4	bundled-knot-table
braid:ecb472ce477bcd43ce3bc0c4c4950c3b7286cdd5527c62b7df25a1ff53b8f738	2	7	-1,2,3,-4,-5,-4,-4,-4,-3,-2,4,1,3,-2,4,5,-6,5,4,3,4,-5,4,6,-3,2,4,-3,4,4	bundled-knot-table
braid:ee216ad1491344547e1a1f10302e8bc68b1b4eb604d340c12655abfa2065c2be	2	7	-1,2,-3,4,5,4,4,3,-2,1,3,-2,4,3,4,4,-5,4,-6,4,4,-3,5,2,4,-3,4,-5,4,6	bundled-knot-table
braid:f0e20e4a13890987c5c2d02a9f13c6e3fd00063e90327c2a685f4c30850a5e01	2	7	-1,2,3,4,-5,4,-3,-2,4,1,-3,-2,4,3,4,5,-6,5,4,4,-3,2,4,4,3,4,-5,4,6,4	bundled-knot-table
braid:f181bd59f1723e9ad8cdfd298db14a20efc02ea0973e1bf5a294317f447677cc	2	7	-1,2,-3,4,-5,4,-6,3,-2,1,-3,-4,5,-4,3,2,-4,-5,-4,6,-3,4,4,5,4,3,-2,-4,-4,-4	bundled-knot-table
braid:f3accc5a18479c98e2f44eca7f6abba1eb43886bafbecf1ffcbb4330e40aaa83	2	7	-1,2,-3,-4,-5,-4,3,-2,-4,1,-4,-3,2,-4,-4,-3,4,4,5,4,6,3,-2,-4,5,-4,3,-4,-5,-6	bundled-knot-table
braid:f3e149bbdccc678137c3f878ad2ee3c8900aefb877a2d026b4ad76be0d334cfd	2	7	-1,2,-3,4,5,4,4,3,-2,1,3,-2,-4,3,4,-5,4,6,5,4,4,4,-3,2,-4,-3,-4,-5,-4,-6	bundled-knot-table
braid:f54f717b0ae86600b2da2cf7aab4869a1fdd96bae5f551813829b504560f6686	2	7	-1,2,3,4,-5,4,-3,-2,4,1,4,4,3,-2,4,5,-6,5,4,3,4,-5,4,6,-3,2,4,-3,4,4	bundled-knot-table
braid:f76151b7f540edb38b0aee80c20bb9927f3c48c2cd3bddcbc5f6ba87583ce3ae	2	7	-1,2,-3,4,5,4,4,3,-2,1,3,-2,4,3,4,-5,4,6,5,-4,-4,-4,-3,2,4,-3,4,-5,4,-6	bundled-knot-table
braid:fa99affca9af371210f87c18c50992dbbd7c86216e8161803c72effc63e7f798	2	7	-1,2,-3,4,-5,-6,5,4,4,3,-2,-4,1,3,-2,4,4,-5,4,6,4,3,4,5,4,-3,2,4,-3,-4	bundled-knot-table
braid:fc2fe90fa2db3b3a144db2ea1a94dbddcb207f41b88bdac00758b4ec57b99940	2	7	-1,2,-3,4,5,4,4,3,-2,1,3,-2,4,3,-4,-4,-5,4,6,4,5,4,-3,2,4,-3,4,-5,4,-6	bundled-knot-table
braid:fcb9afc3e664ad638468bcc92a6a57ce9b98b4f180fdc266d0dfea2786110d6e	2	7	-1,2,-3,4,5,4,4,3,-2,1,3,-2,4,-3,-5,4,6,5,4,4,4,4,3,2,4,-3,4,-5,4,-6	bundled-knot-table
braid:fdab6139fb39a1e1df832579f3d2d981adeb4d6090dc90f7fb98fe105a129ae0	2	7	-1,2,-3,4,-5,4,-6,3,-2,1,-3,4,5,4,3,2,4,-5,4,6,-3,4,4,5,4,3,-2,-4,-4,-4	bundled-knot-table
braid:fe727333b5a59bae0c873cf3f75b5c74af5e5936a24ede9f6d155559615c6a70	2	7	-1,2,-3,-4,-5,-4,-6,3,-2,1,-3,-4,5,-4,3,2,-4,-5,-4,6,-4,-4,-3,4,4,5,4,3,-2,-4	bundled-knot-table
braid:1ca19353ade2879ae56be919207c255affff9c32e9fccbde206072a5f6d1cc93	2	8	-1,2,-3,4,-5,-6,-5,7,4,6,-3,-2,1,-3,-4,-3,-5,4,-3,-2,-3,-4,5,-6,5,-7,4,6,-3,-5,2	bundled-knot-table
braid:320b3e0e5800142ec5994b3cdab0251eaf75ab1c56178c3bb88de703770d5482	2	8	-1,-2,-3,-4,-3,5,4,-6,-3,5,-7,2,6,1,-3,2,4,-3,-5,4,-5,-6,-5,7,-4,6,-3,-5,-2,4,-3	bundled-knot-table
braid:7bd702b895c34ac1d99bfff5ad392518c73074f593c853c76f221829ac3337ba	2	8	-1,2,-3,4,-5,4,6,3,-5,7,-2,1,-3,4,-3,-5,-6,-5,4,-3,-2,-3,-4,-3,5,2,6,-7,-6,5,4	bundled-knot-table
braid:7e47d6634f691862ca1bd64048762f46507a26cdbd2e28e8025327b81ceb4d66	2	8	-1,-2,-3,-4,-3,2,1,-3,4,-5,4,-6,-3,5,-7,-3,6,-2,4,-3,-5,4,-5,-6,-5,7,-4,6,-3,5,2	bundled-knot-table
braid:8ebe47d2b44126bf571a15ce6bf815be9528f36fe2a679aa91ae5437ba969f94	2	8	-1,-2,-3,-4,-3,5,-6,5,-7,4,6,-3,-5,2,1,-3,4,-5,-6,-5,7,4,6,-3,-2,-3,-4,-5,4,-3,2	bundled-knot-table
braid:d03c94e3f5091d1267e4692df12358b408b5a75ee9b31bbd2f843f3ddd67cccc	2	8	-1,-2,-3,4,-5,6,-5,7,4,-3,-5,2,4,-6,1,-3,2,4,5,4,-3,4,-5,6,-7,-6,5,4,3,-2,3	bundled-knot-table
braid:026fcc88e67c96762a1489e4fa5f92dd1052e6d4193afb54e6aa19acfabbf1a7	2	8	-1,2,3,-4,5,-4,-3,-2,-4,1,3,-5,-2,6,-3,7,-4,5,-6,5,-4,3,2,-4,-5,-4,6,-3,5,-7,-4,5,-6	bundled-knot-table
braid:11235344d4bf5c63fa1818cf9ecc1a6986064e4abf24060d8ef7f357f5e0829d	2	8	-1,-2,-3,-4,-5,6,-5,4,3,-5,2,-4,-6,1,5,-7,-6,5,4,-3,2,4,-3,5,-4,6,5,7,-4,3,-2,4,3	bundled-knot-table
braid:180e67d8fe3556be9f0f0c7fcb54ddb42823fc5c6d59a9d86eef3b5b392863ba	2	8	-1,2,-3,-4,-5,-4,6,3,7,-2,-4,1,-3,5,-4,-6,5,-4,3,2,-4,-3,-5,-4,6,5,-7,-6,5,-4,3,-2,-4	bundled-knot-table
braid:1909e47e0e68de7b6c322a46d5bdd9b16f3ac2aaf2924d13296fbfbda53eb8ac	2	8	-1,2,-3,4,5,-6,5,4,3,-2,4,1,-5,4,6,-3,7,4,-5,4,6,3,-2,-3,4,5,4,3,2,4,-5,-6,-7	bundled-knot-table
braid:1ac10bbcc59d1ad63ea36d2fb8363ef401ddc2a597be05c698cb4aa865b3de0f	2	8	-1,2,-3,-4,5,-4,3,-2,1,-3,2,-4,5,6,-7,-6,5,-4,-3,-4,-5,-4,6,3,5,7,-2,3,-4,5,-6,5,4	bundled-knot-table
braid:1ea9ca45ca045bbf3f09599d22b042a84e32e9d0ba533c05bff435bdc5339290	2	8	-1,2,-3,4,-5,6,-7,6,-5,4,4,3,-2,4,1,3,-2,3,-4,-5,-6,-5,7,4,-3,-5,2,4,-6,5,4,-3,4	bundled-knot-table
braid:20508fbde60b2086b0cbf5ef97eddb85b4abb2dc2e24bbba365f0dee03c8b24a	2	8	-1,2,-3,4,4,5,4,3,-2,-4,1,-3,2,-4,3,-5,-4,-6,5,-7,6,5,4,-3,-2,-4,3,5,-4,-6,5,7,6	bundled-knot-table
braid:30d0bea66f92387f2e0c4936a78d1a45de94e02ba43f42ee1bdc7adfd32e0a54	2	8	-1,2,-3,4,-5,4,-6,4,3,-2,1,3,4,5,4,-3,-2,4,-3,-5,-4,6,-5,-7,-6,-5,4,3,-5,2,4,6,7	bundled-knot-table
braid:47f5de3a4432156825585ffd50b94e2a2f89adac9663ed298c6d9224d1d5e2ae	2	8	-1,2,-3,4,-5,-6,5,4,4,3,-2,1,3,4,-5,4,6,-3,-7,-2,4,3,-4,-5,-6,-5,4,-3,-5,2,4,6,7	bundled-knot-table
braid:53378aea46ffdbf38582bacd7e72e0442c5325db306bf58df0d7d358b0ef64b3	2	8	-1,2,-3,-4,-5,-4,6,3,5,-2,1,3,2,-4,-3,5,4,-6,4,-7,5,4,-6,3,-5,-2,-4,-3,-4,5,-4,6,7	bundled-knot-table
braid:5afc0dfaa37612eda1a72f0e49847e2ce1ad9e46efa98adafcb26dd98d883afd	2	8	-1,2,-3,-4,5,-4,3,-2,1,-3,2,-4,5,6,-7,-6,5,-4,-3,-4,-5,-4,6,3,-5,7,-2,3,-4,-5,-6,-5,4	bundled-knot-table
braid:5c76dd03d98ab550b3a319870e095f0bc3bf0d402deda2b14e3b411ea052f376	2	8	-1,2,-3,-4,-5,-4,6,3,7,-2,1,-3,-4,-5,-4,6,3,-2,-3,-4,-5,-4,3,2,-4,-4,5,-6,5,-7,-6,5,-4	bundled-knot-table
braid:60939ae5c3efee77636dfe2dc8717e1f2feec12a1cfd573f53e3f1a3394caf46	2	8	-1,2,-3,-4,-5,-4,6,3,5,7,-2,1,3,2,4,-3,-4,5,-4,6,3,5,-2,-4,-3,5,-4,-6,5,-7,-6,5,-4	bundled-knot-table
braid:62e89f83c99f6fddd5ede4ffa7a96534b481dfd24e964afb1e5af6ac0f06fd8c	2	8	-1,2,-3,4,-5,6,-5,7,4,4,3,-2,4,1,3,-5,-2,-6,3,4,5,4,-3,2,4,-5,6,-7,-6,5,4,-3,4	bundled-knot-table
braid:647ba19f2f9d8f83d05dd05844a15fb8fd8f7c9240163564f0fc6ee405528908	2	8	-1,2,-3,-4,5,-4,3,-2,-4,1,3,-4,5,-6,5,4,-3,5,2,-4,6,3,-7,6,-5,-4,-5,-6,-5,7,4,-3,-2	bundled-knot-table
braid:68be7a41850b62ed694dc5125bfef9349feb7923476484c93b6acbfef0fa5ea9	2	8	-1,2,-3,4,-5,-6,5,4,4,3,-2,1,3,-2,3,4,-5,4,6,-3,-7,2,4,-5,-6,5,4,-3,4,-5,4,6,7	bundled-knot-table
braid:707122d4469c0909b3f4c6250499ea5879c007e4a79ffdb0e4bedc05bfc316e7	2	8	-1,2,-3,4,-5,6,-5,4,4,3,-2,1,3,4,-5,-6,-7,-6,5,4,-3,-2,4,-3,-5,4,6,5,7,4,3,2,4	bundled-knot-table
braid:7d0d447f5ddc5adf1a20bee3c99d86d1b39e82ef3e24dfaded4955603370f26f	2	8	-1,2,3,-4,5,-6,5,-4,-3,-2,-4,1,3,-2,3,-4,-5,6,-7,-6,5,-4,-3,2,-4,-5,-4,6,-3,5,7,-4,5	bundled-knot-table
braid:8900728f7b92a212ded7b7e50e2fd8fbd26fd22f5b0c90f98817c4049009f29e	2	8	-1,2,3,4,-5,4,-6,-5,7,4,6,-3,-2,4,1,3,-2,3,4,5,4,-3,2,4,-5,-6,5,-7,4,6,-3,-5,4	bundled-knot-table
braid:8b47772e7e8542cf9aa330a7c947606ca64e049cdd34a69f7034f8891b9ce016	2	8	-1,2,-3,4,-5,4,6,3,7,-2,1,3,-4,5,-6,5,4,-3,5,2,4,6,-3,5,-7,4,5,-6,5,4,3,-2,4	bundled-knot-table
braid:8e07e86ae6b7a1ed4c52d2f93b8873033fce2682534e3e57f33b56863e4fb818	2	8	-1,-2,3,-4,5,-6,5,4,-3,5,2,-4,6,1,-3,-7,6,5,-4,5,-4,3,2,-4,3,-4,5,-6,5,7,4,-3,-2	bundled-knot-table
braid:a64c2f1031094fa9c609b87e98c171d4e9ce3857963f9c685cf658a84c2d0b25	2	8	-1,2,-3,-4,-5,-4,6,3,7,-2,1,3,2,4,3,-4,-5,-4,-6,-3,5,-2,4,-3,4,-5,-4,6,5,-7,-6,5,-4	bundled-knot-table
braid:a7bc7838ff72464b0c90dbe3ebeede4be3348048ae1ab86f0b6908881be54a34	2	8	-1,2,-3,-4,5,6,5,-4,3,-2,-4,1,-3,2,-4,3,-5,-4,-6,5,-7,6,5,4,-3,-2,-4,3,-4,5,-4,-6,7	bundled-knot-table
braid:a9b004cd06fd35015f8b7af8a9a18820a4f161c35bdf92c1a5e8680140b61ad4	2	8	-1,2,-3,4,5,4,3,-2,4,1,3,-5,-2,6,-3,7,4,-5,-6,5,4,3,2,4,-5,4,6,-3,-7,4,-5,4,-6	bundled-knot-table
braid:aa9c70473946da73ca109062f177acd2b1aa672f3959844aa7158792aead41c3	2	8	-1,-2,-3,-4,5,-4,6,3,5,2,4,1,-3,2,-4,3,5,4,5,-6,5,-7,-4,6,-3,-2,-4,3,5,-4,5,-6,7	bundled-knot-table
braid:abe64d4e37581d8a3ae0c2a9e81571f18654619165820f02be73db5bfaa1fabd	2	8	-1,-2,3,-4,-5,-6,-5,7,4,-3,2,-4,1,-5,-6,-5,4,-3,-5,2,4,6,-3,-7,4,6,-5,4,4,3,-2,4,3	bundled-knot-table
braid:b1ca6731d569279000f23626fc2d86cc1c2163cbcc495800835fed3f9425b70f	2	8	-1,2,-3,4,-5,4,4,3,-2,1,3,-2,3,4,-5,-6,5,4,-3,2,4,-5,6,-7,-6,5,4,-3,4,-5,4,6,7	bundled-knot-table
braid:b541e320ac31a8c8dd41dd4620606277ea902123ffe85e1befc62a92ba5d4434	2	8	-1,2,-3,-4,-5,-4,6,3,-7,-2,-6,1,-5,-4,3,2,-4,5,-4,6,5,7,-4,-3,-4,5,-6,5,-4,3,-2,-3,-4	bundled-knot-table
braid:b957b0fa2ba58c83418d5958b2ce18b8f51301d70b584c3ef361c894b3114d81	2	8	-1,2,-3,-4,5,-4,3,-2,1,-3,2,4,-5,-6,5,4,-3,4,-5,4,6,3,-7,-2,6,3,-5,-4,-5,-6,-5,7,4	bundled-knot-table
braid:c4a0276cbacb9993a382898bd2eabc0591e97b4b03d8ba980e890d0d87e978cf	2	8	-1,2,-3,4,5,-6,5,-7,-6,5,4,3,-2,1,-3,4,-5,4,6,3,7,-2,4,-5,4,6,-3,4,-5,4,3,2,4	bundled-knot-table
braid:cdf0ccfff43deda3bbca68c45c1e38e0625bf57622bd57ff4a0946a0c2529855	2	8	-1,2,-3,-4,5,-4,3,-2,-4,1,3,-4,5,-6,5,4,-3,5,2,-4,6,3,-7,6,5,-4,5,-6,5,7,4,-3,-2	bundled-knot-table
braid:d7175abbb49688c22fc3ac2929d31fce31db1aeba06aad8beb63a457043a99df	2	8	-1,2,3,-4,5,-4,-3,-2,-4,1,3,-2,-4,-3,-5,-4,6,-5,-7,-6,-5,4,3,-5,2,-4,6,-3,5,7,-4,5,-6	bundled-knot-table
braid:df61a545b7ad3a19526ba16bd2f91ebf55c3586a7560057d92acdf718c01b177	2	8	-1,2,-3,-4,5,-6,5,-4,3,-2,1,-3,2,-4,-3,-5,-4,6,5,7,-4,3,-2,-4,3,-4,5,-6,5,4,5,6,-7	bundled-knot-table
braid:e54255de0d5b119e3e75492b0e80b4107749b80d04b468403d603fc6a91e7b7a	2	8	-1,2,-3,-4,-5,-4,6,3,7,-2,1,3,-4,5,-6,5,4,-3,5,2,-4,6,-3,5,-7,-4,5,-6,5,-4,3,-2,-4	bundled-knot-table
braid:e6b360733bb84e19062212930eb2b4c5839c96075cd599a8f62524c16450de5e	2	8	-1,2,3,4,5,-6,5,4,-3,-2,4,1,3,-2,3,4,-5,6,-7,-6,5,4,-3,2,4,-5,4,6,-3,5,7,4,5	bundled-knot-table
braid:eea5f4633c0bd9259ac5b52643abb6305a0b37124832c054ded3e850be15066b	2	8	-1,2,-3,-4,5,-4,3,-2,1,-3,2,4,-5,-6,5,4,-3,4,-5,4,6,3,-7,-2,6,3,5,-4,5,-6,5,7,4	bundled-knot-table
braid:f6d684f4f8e73d4d509b177f869070e64a96895015bf1b822e38c3843d322976	2	8	-1,2,-3,-4,5,-4,3,-2,1,3,-2,3,-4,5,-6,5,-4,-3,2,-4,-5,6,-7,-6,5,-4,-3,-4,-5,-4,6,5,7	bundled-knot-table
braid:fd9aebab38eac2d985dae4d677f7d9bd601820398e041a9f8d9199bfa44e6619	2	8	-1,-2,-3,-4,-5,6,-5,4,3,-5,2,-4,-6,1,-5,-7,-6,-5,4,-3,2,4,-3,-5,-4,6,5,7,-4,3,-2,4,3	bundled-knot-table
braid:0e9ba8863d19f33fae0a9c47b1f090016eeefc8a9ca783acd9f1d4b18bc5f22a	2	8	-1,2,-3,4,5,4,4,3,-2,1,-3,4,-5,4,6,-5,7,4,6,3,-2,-3,4,-5,4,3,2,4,5,-6,5,-7,4,-6,4	bundled-knot-table
braid:1052f3b2f8e2db3f31dc9ffe345389f2d34805e33e03a7b739e9f364deb4d520	2	8	-1,2,-3,4,5,4,6,3,7,-2,4,1,-3,4,-5,4,6,3,-2,-3,4,-5,4,3,2,4,5,-6,5,-7,4,-6,4,-5,4	bundled-knot-table
braid:109d80c3958febf839d44040610b795eb7fd28671d6bf499ab7b5e1692c1405d	2	8	-1,2,-3,4,-5,4,6,4,7,4,3,-2,1,-3,4,-5,4,6,3,-2,-3,4,-5,4,3,2,4,5,-6,5,-7,-6,5,4,4	bundled-knot-table
braid:268c8adf988d1e6a8aefd928cfc4bf88ec2b55c1ba64202d16fdeb4a56743d6f	2	8	-1,-2,3,-4,3,5,-6,5,-4,3,2,1,3,-2,3,4,3,-5,-4,6,3,-7,2,-6,5,-4,3,-4,-5,4,6,-5,7,4,3	bundled-knot-table
braid:36d036f0b5dda23618faa63aee7a39a299def50d723a92869e327ee6636b6abe	2	8	-1,2,-3,4,-5,-6,5,-7,4,-6,3,-2,4,1,5,4,-3,2,4,-5,4,6,-5,7,4,6,-3,4,5,4,3,-2,3,4,4	bundled-knot-table
braid:41ec16f40ba052f701f8e4935bbc9aa6021b523b63e326f478f4ed1184dbd3f1	2	8	-1,2,-3,4,-5,4,6,3,-7,-2,-6,1,3,-2,4,3,4,5,4,4,-3,2,4,-5,4,6,-5,7,4,-3,4,5,-6,5,4	bundled-knot-table
braid:4dcc206b3920236ad7c17de26641acd26b43d87d82510f27aa9cf58181b4acbd	2	8	-1,2,-3,4,5,4,4,4,3,-2,4,1,-5,4,6,-3,7,4,-5,4,6,3,-2,-3,4,5,4,3,2,4,-5,-6,5,-7,-6	bundled-knot-table
braid:608c2b52eb8de7d2f2840166ca6f062311353a5d84db51ecc2f81844b8fa63c1	2	8	-1,2,3,4,5,4,-3,-2,4,1,-3,4,4,-5,4,6,-5,7,4,6,3,-2,-3,4,-5,4,3,2,4,5,-6,5,-7,4,-6	bundled-knot-table
braid:7bf2b98a3735aaeed60f9a1b32b8f73ce5f524ba8d23e846cae3ee0f2fded3a0	2	8	-1,2,-3,4,-5,4,6,3,7,-2,1,-3,4,-5,4,6,3,-2,-3,4,-5,4,3,2,4,5,-6,5,-7,-6,5,4,4,4,4	bundled-knot-table
braid:7e79b262f4e03d9e160deb01901283ff9f8fda7d76eaa0d1803c43a7a5b4fb2d	2	8	-1,2,-3,4,5,4,3,-2,4,1,-5,4,6,-3,-7,4,-6,5,4,4,3,-2,-3,4,-5,4,6,5,7,4,3,2,4,-5,-6	bundled-knot-table
braid:81ade18556bf6671e513b71e883bdd1c3c7b2b03a6407a47af545a7d70b71d88	2	8	-1,2,-3,4,5,4,-6,3,-2,4,1,5,4,-3,4,-5,4,6,-5,7,4,6,3,-2,4,-3,4,5,4,3,2,4,-5,-6,-7	bundled-knot-table
braid:8893cc131448e98cb5e3911d88a41d82de99770aec9c7bf84fc864380e5ebe3b	2	8	-1,2,3,4,3,5,-4,6,-5,4,3,-2,1,3,-4,3,5,-4,-6,-5,-7,-4,-6,3,5,-4,3,-2,3,4,3,-5,2,6,7	bundled-knot-table
braid:8cb79715fbd98e11ac86cbab58dee1d04c8ea6dd7fc9c54d68e767e64dd9316f	2	8	-1,2,-3,4,5,4,3,-2,4,1,-5,4,6,-3,7,4,-5,4,6,4,4,3,-2,-3,4,5,4,3,2,4,-5,-6,5,-7,-6	bundled-knot-table
braid:95d4277555403f7e3fe6addd0cd806ea96a6511788bd6e57e815b4175ad5a2db	2	8	-1,2,-3,4,5,4,3,-2,4,1,-5,4,6,-3,7,2,4,5,4,6,-5,4,-3,4,5,4,-6,3,-7,-2,4,3,4,-5,-6	bundled-knot-table
braid:9e41ae34a4b51818b43e3c8baedc245fc631a261a9b27788342d5221a6e39912	2	8	-1,2,-3,4,5,4,3,-2,4,1,-5,4,6,-5,7,4,-3,4,5,4,6,3,-2,4,-3,4,5,4,3,2,4,-5,-6,-7,-6	bundled-knot-table
braid:a574cb53ab393561b21cacff90a9b94b3115785e45d2cd259b8781ecb702a491	2	8	-1,2,-3,4,4,5,4,6,3,7,-2,1,3,4,-5,4,6,-3,-2,4,-5,4,3,4,5,4,-6,5,-7,4,-6,-3,-5,2,4	bundled-knot-table
braid:c89886614ba46e0b7f4c1f4af8fc34911e9b6ac0ff7fc2106ecdc274c0c6953e	2	8	-1,2,-3,4,-5,4,3,-2,4,1,4,-3,4,5,6,-7,-6,5,4,4,3,-2,-3,4,-5,4,6,5,7,4,3,2,4,-5,-6	bundled-knot-table
braid:d2b49da4f591bca7e19834927ba64ae27c51531e233d610fc2cf77412c7d2e3d	2	8	-1,-2,-3,4,5,4,3,2,4,1,-3,4,-5,-6,5,-7,4,-6,3,-2,4,5,4,-3,4,-5,4,6,-5,7,4,6,3,2,4	bundled-knot-table
braid:dbfa8f8e36cec167bf3ab94e9485e541ced541b13c52be91c67f47c9f908a89a	2	8	-1,2,-3,4,5,-6,5,4,3,-2,4,1,-5,4,6,-3,7,4,-5,4,6,3,-2,-3,4,5,4,4,4,3,2,4,-5,-6,-7	bundled-knot-table
braid:e4168ea0a818bc38f42581a322b40f5885c47aca3e98185b5c3eb6fc072895d3	2	8	-1,2,-3,4,5,4,6,3,-2,4,1,3,-2,-3,4,-5,4,3,2,4,5,-6,-7,-6,5,4,4,-3,4,-5,4,6,-5,7,4	bundled-knot-table
braid:f28f81188be4b71ef83fe3e2f0a72717f06c1cab1962d58dc6f8a4ee80559b24	2	8	-1,2,3,4,3,-2,1,3,-4,-5,4,6,3,5,7,-4,6,-5,4,3,-2,3,-4,3,5,-4,-6,-5,-7,-4,-6,3,5,3,2	bundled-knot-table
braid:f8d04f7823ae483b70ff12bf9e6fdbdd3432ccfdb662075144d5ff98b115b70e	2	8	-1,2,-3,4,5,4,-6,3,-2,4,1,3,2,4,5,4,4,-3,4,-5,4,6,-5,7,4,-6,5,4,3,-2,-3,4,-5,6,-7	bundled-knot-table
